word,count,happiness,kind
absolutely,212,6.3,review
amazing,674,7.66,review
i,15436,5.92,review
wanted,382,5.08,review
to,12864,4.98,review
lick,2,5.4,review
my,5178,6.16,review
plate,127,5.72,review
so,2888,5.08,review
and,18958,5.22,review
delicious,756,7.92,review
also,1108,5.42,review
had,3149,4.74,review
the,26335,4.98,review
fish,201,6.58,review
po,29,4.64,review
boy,60,6.24,review
wished,14,6.73,review
tried,379,5.48,review
on,3849,5.56,review
first,749,6.82,review
day,592,6.24,review
of,7316,4.94,review
trip,134,7.0,review
as,2158,5.22,review
would,1446,5.38,review
have,3178,5.82,review
eaten,69,6.5,review
here,1665,5.48,review
everyday,16,5.74,review
use,219,5.64,review
be,2331,5.68,review
great,2143,7.88,review
but,3848,4.24,review
going,527,5.42,review
down,466,3.66,review
hill,32,5.98,review
got,982,5.6,review
a,13593,5.24,review
salad,399,6.64,review
for,6166,5.22,review
carry,25,5.2,review
out,1832,4.62,review
was,9621,4.6,review
rotten,7,2.58,review
are,2538,5.16,review
not,3110,3.86,review
good,2332,7.2,review
they,4592,5.62,review
either,152,5.1,review
stars,311,7.1,review
bc,14,4.78,review
beers,78,6.1,review
need,307,4.84,review
step,39,5.32,review
it,7552,5.02,review
up,1420,6.14,review
love,756,8.42,review
everything,512,5.96,review
is,6027,5.18,review
there,2137,5.1,review
black,66,4.88,review
bean,39,5.8,review
bowl,93,5.42,review
homey,9,5.82,review
sauce,406,6.04,review
point,189,5.42,review
service,1705,6.0,review
always,730,6.48,review
too,745,5.22,review
that,4537,4.94,review
monday,46,4.3,review
honestly,84,7.02,review
family,271,7.72,review
comes,148,5.58,review
regular,115,5.7,review
basis,17,5.38,review
just,1662,5.76,review
chicken,687,6.4,review
we,4767,6.38,review
never,716,3.34,review
been,1095,5.04,review
impressed,109,7.24,review
husband,254,6.62,review
usually,182,5.66,review
get,1471,5.92,review
course,131,5.42,review
today,206,6.22,review
added,87,5.78,review
even,950,5.58,review
happy,308,8.3,review
spot,293,5.26,review
quick,232,6.02,review
min,67,4.76,review
drive,184,6.08,review
away,290,4.22,review
thanks,91,7.4,review
food,2583,7.44,review
daughters,10,7.36,review
were,2866,4.86,review
in,5959,5.5,review
nashville,120,5.82,review
weekend,109,8.0,review
fell,27,3.22,review
with,4522,5.72,review
this,4252,5.06,review
restaurant,718,7.06,review
simply,57,6.42,review
fabulous,57,7.38,review
atmosphere,303,6.3,review
friendly,770,7.66,review
our,1924,6.08,review
favorite,331,7.04,review
loved,252,7.96,review
every,408,5.64,review
part,155,4.98,review
fantastic,213,7.78,review
variety,110,6.78,review
prices,286,4.38,review
wonderful,218,7.76,review
owners,56,5.74,review
you,3908,6.24,review
couldn,222,4.49,review
t,3604,4.84,review
ask,252,5.2,review
more,948,6.24,review
unique,92,6.98,review
fun,240,7.96,review
everyone,289,6.12,review
should,306,5.24,review
try,627,6.02,review
at,2511,4.9,review
least,185,4.0,review
once,248,4.94,review
perfect,342,7.42,review
if,1693,4.66,review
town,203,5.88,review
guests,45,6.14,review
kids,158,7.38,review
families,10,7.54,review
feel,336,5.9,review
like,1555,7.22,review
ve,949,4.92,review
back,1482,5.18,review
s,3145,5.04,review
western,5,6.1,review
style,102,6.76,review
no,1096,3.48,review
super,353,7.68,review
over,696,4.82,review
top,262,6.76,review
he,1231,5.42,review
which,1197,4.94,review
cooked,222,6.54,review
perfectly,141,7.28,review
beans,115,6.0,review
nothing,280,3.9,review
write,58,5.8,review
about,1214,5.16,review
d,350,4.72,review
give,394,6.54,review
solid,88,5.92,review
went,713,4.88,review
early,115,5.66,review
dinner,388,7.4,review
large,228,6.06,review
open,228,6.1,review
dining,190,6.48,review
room,396,5.52,review
loud,97,4.34,review
plenty,110,6.98,review
did,749,5.58,review
mention,49,5.32,review
really,1131,5.84,review
into,364,5.04,review
lunch,401,7.42,review
meat,249,6.2,review
paid,119,7.14,review
steak,209,6.62,review
cheese,536,6.88,review
knowing,23,6.72,review
only,981,4.92,review
thing,300,5.58,review
could,711,5.52,review
stomach,22,5.4,review
ok,217,5.94,review
wouldn,164,4.4,review
pay,189,5.3,review
myself,136,6.3,review
staff,809,5.36,review
seem,115,5.24,review
all,1740,6.22,review
bad,317,2.64,review
attitudes,10,5.86,review
hey,30,6.06,review
wont,14,4.08,review
them,1044,4.92,review
some,977,5.02,review
time,1626,5.74,review
now,429,5.9,review
excellent,343,8.18,review
clean,290,6.9,review
professional,131,6.44,review
take,468,5.18,review
their,1492,5.16,review
do,858,5.76,review
an,1390,4.84,review
job,237,5.96,review
gotten,50,5.42,review
many,393,5.82,review
different,310,5.38,review
styles,15,6.22,review
each,246,5.4,review
one,1498,5.4,review
has,800,5.18,review
well,846,6.68,review
three,210,5.72,review
weeks,104,5.06,review
highly,294,6.6,review
recommend,555,5.64,review
enjoyed,240,8.02,review
pulled,55,4.76,review
pork,198,4.98,review
both,403,5.9,review
tender,71,6.45,review
smoke,48,3.16,review
flavor,276,6.88,review
hot,340,5.02,review
n,81,4.82,review
sweet,294,7.64,review
voodoo,4,3.86,review
pit,12,4.3,review
smoked,32,4.86,review
awesome,315,7.6,review
full,257,6.22,review
through,237,5.62,review
looking,333,5.94,review
forward,100,6.1,review
next,427,5.62,review
soon,133,6.34,review
tony,14,5.52,review
asia,4,6.22,review
raises,3,6.66,review
very,2105,6.12,review
fast,190,6.44,review
gave,225,6.26,review
me,1980,6.58,review
way,499,5.24,review
usual,36,5.22,review
order,878,5.22,review
new,681,6.82,review
location,423,5.68,review
oh,141,4.84,review
restaurants,193,6.62,review
truly,79,6.86,review
mostly,57,5.8,review
located,86,5.86,review
old,259,3.98,review
modern,38,6.48,review
king,33,6.18,review
menu,590,6.2,review
options,245,6.24,review
sharing,22,7.06,review
place,2256,5.56,review
prepared,100,6.74,review
share,67,6.78,review
your,1026,5.6,review
meal,416,7.18,review
friends,274,7.92,review
portions,127,5.64,review
size,119,5.04,review
two,566,5.4,review
want,466,5.7,review
side,364,5.12,review
dishes,179,5.36,review
corn,77,6.64,review
bread,238,6.34,review
sure,480,6.32,review
few,462,4.5,review
times,420,5.58,review
haven,91,6.54,review
waited,199,4.32,review
long,318,4.74,review
or,1331,4.98,review
felt,186,5.48,review
after,817,5.08,review
finishing,16,6.22,review
suggestion,13,5.84,review
owner,182,6.1,review
maybe,198,4.7,review
sort,39,5.28,review
door,160,5.38,review
enter,21,5.84,review
by,940,4.98,review
bathroom,81,5.6,review
area,451,5.44,review
traffic,28,3.34,review
high,192,6.64,review
can,1255,5.62,review
actually,248,5.3,review
people,647,6.16,review
sat,145,5.24,review
couple,182,7.3,review
around,463,5.62,review
kind,256,7.24,review
funny,44,7.92,review
other,885,5.04,review
than,681,4.74,review
eat,413,7.04,review
grab,76,5.06,review
drink,275,6.36,review
relatively,26,5.6,review
recommended,107,6.46,review
visit,342,6.54,review
let,250,5.38,review
know,500,6.1,review
thoughts,7,6.22,review
coffee,348,7.18,review
shop,217,6.76,review
city,134,5.76,review
indianapolis,9,5.6,review
offers,41,6.48,review
several,206,5.66,review
features,15,5.96,review
set,129,5.58,review
apart,35,3.52,review
from,1497,5.18,review
others,108,5.22,review
right,491,6.54,review
heart,41,7.22,review
fountain,20,6.68,review
square,29,5.48,review
off,566,4.02,review
virginia,5,6.28,review
avenue,13,5.68,review
parking,223,5.02,review
those,198,4.94,review
who,562,5.06,review
prefer,36,6.52,review
sit,150,5.36,review
outdoors,15,6.98,review
outside,251,5.8,review
view,64,5.72,review
inside,216,5.4,review
distinct,4,6.06,review
ceiling,15,5.47,review
design,30,6.32,review
floors,19,5.42,review
exposed,9,4.2,review
brick,14,5.18,review
provide,39,6.4,review
experience,662,6.34,review
having,211,5.78,review
cold,182,4.22,review
brew,24,6.0,review
quality,278,7.1,review
product,47,5.56,review
will,1198,6.02,review
leave,142,4.52,review
disappointed,213,2.26,review
whether,35,4.92,review
sip,17,5.56,review
grind,3,4.22,review
work,399,5.24,review
go,1275,5.54,review
worth,319,6.78,review
checking,54,5.2,review
woman,72,6.84,review
nails,126,4.98,review
kept,96,5.74,review
cutting,18,4.08,review
fingers,30,5.58,review
electric,11,5.66,review
file,14,5.22,review
treat,61,6.74,review
paying,69,5.0,review
customers,182,6.1,review
dirt,16,3.7,review
issue,89,4.48,review
help,170,6.08,review
color,70,7.0,review
noticed,64,5.34,review
car,353,6.72,review
behind,83,4.42,review
counter,94,5.44,review
extra,164,6.52,review
less,167,4.1,review
minutes,512,5.28,review
ago,142,4.88,review
she,1240,6.18,review
told,479,5.08,review
taken,109,4.28,review
again,608,5.42,review
losing,8,2.62,review
any,482,5.22,review
money,208,7.3,review
nail,85,4.7,review
polish,34,6.16,review
bottle,54,5.62,review
essentially,10,5.76,review
whole,207,5.88,review
whenever,33,4.92,review
fixed,42,6.02,review
america,8,6.76,review
vietnam,4,4.42,review
hard,242,4.1,review
working,154,5.56,review
customer,366,5.66,review
treated,64,5.56,review
calling,48,5.74,review
cops,5,5.12,review
because,1019,5.0,review
receive,36,6.5,review
robbed,3,2.18,review
clear,43,6.3,review
unless,58,4.24,review
worst,127,2.1,review
ever,474,5.42,review
when,1447,4.96,review
came,734,5.42,review
hawaii,4,7.02,review
sad,33,2.38,review
knew,123,5.94,review
ice,202,5.8,review
same,270,5.36,review
surprise,48,7.42,review
saw,160,5.44,review
days,189,5.76,review
wait,501,3.74,review
definitely,663,6.2,review
comparable,10,5.34,review
m,824,5.06,review
close,153,4.94,review
home,380,7.14,review
yummy,94,7.22,review
choose,93,5.94,review
add,100,5.9,review
cream,226,6.8,review
ons,2,4.98,review
price,316,5.0,review
huge,211,6.14,review
servings,9,6.06,review
doubt,29,3.16,review
best,829,7.18,review
pizza,455,7.16,review
beat,39,4.2,review
looked,203,5.58,review
didn,780,4.8,review
okay,135,6.56,review
certain,30,6.06,review
don,833,4.98,review
enough,308,5.46,review
years,275,5.28,review
fresh,454,7.26,review
big,277,6.22,review
fan,114,6.66,review
kid,55,6.84,review
loves,29,7.96,review
humble,6,6.48,review
opinion,57,5.82,review
wish,148,6.92,review
north,18,5.52,review
texas,22,5.54,review
mood,32,5.88,review
find,348,6.0,review
anything,232,5.34,review
red,144,5.56,review
changed,70,5.06,review
exactly,92,6.0,review
nice,855,7.38,review
chain,67,5.16,review
little,646,4.6,review
cafe,86,6.78,review
offer,151,6.62,review
soy,14,5.64,review
milk,54,6.22,review
drinks,371,6.74,review
personally,38,5.9,review
cup,64,5.66,review
life,99,7.32,review
windows,30,6.02,review
watch,57,5.7,review
read,98,6.52,review
chill,29,5.06,review
th,73,4.76,review
street,172,5.44,review
places,259,6.14,review
meet,44,6.38,review
lose,17,2.76,review
stopping,21,4.08,review
buffalo,24,5.5,review
designer,6,6.32,review
clothing,14,6.6,review
men,30,5.94,review
women,33,7.12,review
xmas,4,7.24,review
list,113,5.46,review
rather,112,4.98,review
local,207,5.46,review
small,416,4.52,review
mall,52,5.9,review
starbucks,35,6.48,review
makes,155,5.56,review
difference,30,4.78,review
lives,18,6.22,review
business,276,5.94,review
artists,12,6.82,review
sub,33,5.04,review
standard,58,5.0,review
store,319,5.98,review
non,60,4.26,review
purchased,46,6.38,review
say,427,5.54,review
its,233,4.96,review
cheating,1,2.26,review
consists,3,5.58,review
left,330,4.64,review
bones,4,5.18,review
flesh,3,4.67,review
taking,128,5.32,review
pack,16,5.34,review
fat,29,3.24,review
ie,6,4.9,review
white,91,6.28,review
substance,3,5.56,review
rest,95,7.18,review
took,450,4.76,review
hours,202,5.22,review
pressure,29,3.66,review
buy,120,6.28,review
tomorrow,13,6.18,review
cash,64,7.42,review
hand,93,5.9,review
ready,142,6.58,review
see,424,6.06,review
site,32,5.32,review
chat,23,6.42,review
questions,62,5.0,review
think,413,6.2,review
able,210,6.56,review
said,551,5.38,review
lady,106,6.6,review
advised,17,5.34,review
come,612,5.82,review
sold,31,5.36,review
auction,9,5.78,review
found,299,6.54,review
later,198,4.6,review
stop,196,3.9,review
asked,437,5.36,review
given,130,5.74,review
bunch,48,5.7,review
then,670,5.34,review
called,311,5.6,review
accurate,19,6.67,review
information,49,6.48,review
discuss,16,5.96,review
before,502,5.1,review
make,597,6.0,review
planned,12,5.98,review
buying,32,6.4,review
tonight,63,6.14,review
middle,64,5.34,review
asking,56,5.26,review
explanation,13,5.56,review
services,63,5.86,review
offered,127,6.14,review
person,191,5.54,review
goes,68,5.26,review
sorry,75,3.66,review
call,221,5.74,review
yes,123,6.74,review
heard,89,5.36,review
sales,47,5.8,review
agent,10,5.08,review
department,26,5.26,review
story,41,6.48,review
short,108,4.46,review
bs,7,4.48,review
might,106,5.08,review
randomly,9,4.5,review
keep,150,5.86,review
ads,2,4.56,review
pictures,43,7.06,review
sites,8,6.0,review
moment,26,5.68,review
entered,16,5.82,review
daughter,81,7.04,review
immediately,84,5.66,review
warm,121,6.72,review
welcome,37,7.16,review
how,582,4.68,review
works,44,5.5,review
available,101,6.58,review
cake,163,7.58,review
finding,42,5.8,review
free,250,7.96,review
wife,175,6.62,review
cozy,44,6.94,review
positive,53,7.8,review
gone,74,3.42,review
look,264,5.54,review
trying,193,5.78,review
jersey,7,5.2,review
devil,8,2.24,review
started,183,6.0,review
craft,34,6.38,review
while,495,5.12,review
straight,47,6.06,review
cuban,23,5.54,review
sandwich,324,7.06,review
am,505,5.38,review
replacement,13,5.1,review
choice,108,6.24,review
dirty,81,3.2,review
chick,16,5.94,review
staying,32,5.76,review
nearby,42,5.68,review
hotel,189,6.16,review
due,122,4.22,review
severe,7,3.16,review
chance,70,6.44,review
rice,211,6.44,review
fruit,58,7.12,review
healthy,52,8.02,review
interesting,64,7.52,review
foods,59,7.26,review
normally,58,5.5,review
manager,281,5.02,review
jessica,6,5.76,review
special,240,7.2,review
ordered,817,4.96,review
waiting,184,3.68,review
stores,40,6.0,review
these,244,5.1,review
downtown,76,5.78,review
grocery,38,6.16,review
drop,37,4.3,review
pick,169,5.6,review
travelers,2,6.26,review
alike,5,5.9,review
especially,173,6.16,review
grateful,14,7.36,review
helped,81,7.28,review
crew,40,5.6,review
knows,34,6.12,review
cool,198,7.2,review
under,125,4.6,review
most,368,6.22,review
intense,4,5.66,review
anyone,153,5.02,review
selection,233,5.96,review
mini,36,5.42,review
talking,67,6.46,review
hopefully,22,6.84,review
satisfy,19,7.34,review
tooth,20,4.84,review
isn,135,4.86,review
made,672,5.96,review
mistake,38,2.78,review
finish,59,6.72,review
what,1098,4.8,review
overall,253,5.44,review
walk,187,6.02,review
sugar,56,6.74,review
destiny,1,6.12,review
bar,517,5.82,review
slow,120,3.78,review
better,503,7.0,review
picking,23,5.48,review
easy,148,6.76,review
eating,171,7.3,review
opened,76,6.0,review
oldest,6,4.68,review
son,71,7.12,review
worked,86,5.44,review
school,53,6.26,review
experiences,47,6.32,review
recent,36,5.56,review
yesterday,35,4.98,review
tasted,181,6.38,review
dry,98,4.64,review
note,73,5.42,review
wasn,389,4.63,review
end,180,4.36,review
rush,47,4.12,review
barely,65,4.24,review
finished,58,6.78,review
leg,12,5.62,review
needs,121,4.98,review
break,46,5.04,review
him,260,5.54,review
getting,225,5.68,review
worse,58,2.7,review
last,306,3.74,review
night,447,6.22,review
swear,8,4.24,review
looks,120,5.98,review
his,395,5.56,review
clothes,26,6.46,review
week,183,5.08,review
disgusting,39,2.58,review
attitude,60,5.8,review
sucks,19,3.14,review
during,220,5.2,review
encounter,8,5.24,review
eye,42,6.14,review
contact,29,6.08,review
seemed,186,5.14,review
bothered,23,3.78,review
handed,25,5.76,review
thank,142,7.4,review
hadn,48,4.52,review
common,17,4.92,review
courtesy,8,6.74,review
consider,27,5.56,review
fact,118,5.9,review
garage,20,5.24,review
greatest,12,7.26,review
charm,12,7.06,review
cause,31,5.22,review
serves,19,5.74,review
window,60,6.1,review
server,341,5.48,review
lot,369,5.78,review
longer,72,5.18,review
expected,79,5.74,review
machines,14,5.68,review
gas,29,4.76,review
station,34,5.16,review
probably,235,5.64,review
holiday,25,7.68,review
florida,19,6.7,review
charge,112,4.9,review
pool,50,6.78,review
beach,68,7.94,review
walking,106,6.18,review
distance,24,4.5,review
resort,19,7.1,review
stay,152,5.56,review
house,237,6.34,review
booked,42,5.08,review
decent,161,6.22,review
value,52,6.36,review
gravy,55,6.36,review
showed,73,5.74,review
sunday,123,7.28,review
morning,121,6.56,review
execution,9,3.1,review
poor,102,2.32,review
serving,60,5.64,review
winter,14,5.9,review
second,164,5.38,review
equipment,15,5.86,review
properly,30,6.22,review
skill,5,6.57,review
instead,158,4.92,review
tearing,2,3.73,review
paper,47,5.8,review
taste,274,6.88,review
confirmed,10,6.72,review
class,55,5.52,review
interior,49,5.8,review
props,14,5.85,review
whoever,13,5.06,review
being,385,5.84,review
maintained,11,6.36,review
blue,44,5.66,review
tape,1,5.2,review
holding,12,5.64,review
together,104,6.8,review
anyway,54,5.12,review
model,10,5.8,review
maintenance,31,4.84,review
hero,5,7.8,review
estimate,17,5.4,review
cost,76,4.1,review
photos,32,6.94,review
iphone,12,6.54,review
estimated,7,5.58,review
wrong,166,3.14,review
however,241,4.7,review
laundry,10,4.1,review
difficult,41,3.18,review
patience,9,6.36,review
solution,8,6.84,review
hire,22,6.5,review
already,131,5.28,review
building,86,5.94,review
diane,3,5.16,review
c,48,4.7,review
single,68,5.12,review
falls,3,3.6,review
convenient,36,6.74,review
hits,11,4.98,review
sushi,200,5.4,review
pretty,448,7.32,review
grill,44,6.24,review
chef,83,6.22,review
put,231,5.04,review
show,112,6.24,review
engage,7,6.2,review
us,1076,6.26,review
option,88,5.94,review
wishing,6,6.74,review
tons,42,5.56,review
tables,220,5.42,review
done,241,6.54,review
friend,221,7.66,review
breakfast,282,6.86,review
mine,71,6.3,review
though,315,4.78,review
snack,12,7.1,review
picture,42,6.64,review
passion,10,7.3,review
desire,9,6.68,review
tea,132,6.66,review
girl,93,7.0,review
coming,259,5.84,review
anyways,12,5.12,review
ha,5,6.0,review
sadly,24,2.28,review
green,108,6.78,review
ton,34,5.24,review
served,197,5.66,review
event,68,6.12,review
spots,48,4.68,review
meeting,23,5.46,review
something,388,5.0,review
check,319,6.1,review
party,172,7.58,review
where,390,5.02,review
seated,149,5.8,review
busy,221,4.58,review
morgan,2,5.24,review
above,79,5.96,review
beyond,75,5.5,review
her,691,5.84,review
helping,37,7.18,review
decide,29,5.84,review
section,43,5.28,review
visiting,81,6.6,review
rare,56,6.02,review
occasion,26,6.26,review
country,33,6.28,review
jam,21,6.02,review
slightly,66,4.8,review
stuff,102,5.58,review
joe,21,5.22,review
yum,64,7.1,review
ps,7,5.04,review
darn,18,4.2,review
turkey,43,6.16,review
forgot,57,3.44,review
attention,73,5.8,review
water,200,6.7,review
charged,75,5.04,review
soda,35,6.2,review
return,176,5.2,review
board,48,4.76,review
tour,171,6.66,review
bacon,135,5.96,review
bloody,31,2.94,review
mary,30,5.88,review
priced,101,5.0,review
across,90,4.94,review
sands,1,6.2,review
nearly,41,5.26,review
months,89,5.16,review
numerous,16,6.08,review
phone,191,6.44,review
calls,30,5.42,review
e,65,4.72,review
finally,215,5.58,review
missing,70,2.98,review
items,262,5.38,review
promised,27,6.68,review
sale,30,6.58,review
yet,147,4.7,review
parts,39,5.24,review
inspection,30,4.61,review
things,299,5.76,review
below,30,4.42,review
covered,65,5.92,review
drove,37,5.26,review
onto,27,5.14,review
spare,17,5.74,review
key,51,5.82,review
require,7,4.44,review
keys,11,5.98,review
giant,23,5.34,review
bubble,12,6.2,review
paint,14,6.3,review
between,102,5.1,review
passenger,3,5.72,review
seat,73,5.86,review
broken,35,3.02,review
fold,2,4.94,review
allow,24,6.0,review
trunk,2,5.44,review
pull,26,4.74,review
problem,141,2.98,review
since,395,5.24,review
tiny,45,4.9,review
reach,11,5.74,review
without,237,3.54,review
jumping,4,6.14,review
shelf,10,5.31,review
itself,83,5.2,review
completely,120,6.34,review
entire,144,5.88,review
rock,31,6.14,review
chip,17,5.42,review
direct,4,5.68,review
vision,6,6.62,review
driver,35,5.7,review
pass,52,5.9,review
ourselves,31,5.98,review
driven,5,5.96,review
extremely,179,5.7,review
beg,4,3.08,review
post,42,5.48,review
mail,14,6.36,review
president,1,5.86,review
bring,145,5.3,review
type,101,5.56,review
brought,179,5.9,review
issues,78,3.9,review
care,233,6.64,review
hour,305,5.32,review
suggest,51,5.52,review
wanting,28,4.66,review
purchase,55,6.34,review
vehicle,56,6.08,review
closely,8,5.64,review
may,140,5.48,review
lucky,27,7.68,review
still,469,5.14,review
excited,67,7.62,review
delivered,50,6.42,review
table,461,5.32,review
rainy,10,5.64,review
egg,119,5.98,review
soup,199,6.52,review
roll,133,5.66,review
angry,17,2.32,review
dragon,8,5.74,review
michael,9,5.7,review
conversation,55,6.24,review
hello,15,7.0,review
leaving,61,3.58,review
negative,47,2.42,review
posts,4,5.32,review
wondering,10,6.02,review
why,262,4.98,review
businesses,21,5.64,review
nervous,19,2.94,review
hubby,35,6.16,review
orleans,113,5.34,review
lamb,57,6.38,review
re,511,4.88,review
used,214,4.6,review
cleveland,1,4.96,review
pittsburgh,1,5.14,review
multiple,68,5.7,review
rich,36,7.98,review
update,44,5.72,review
meaning,16,6.0,review
review,206,5.32,review
magic,12,6.8,review
salmon,85,5.94,review
guys,129,6.22,review
admit,20,4.74,review
bit,316,4.54,review
four,117,5.2,review
fine,125,6.74,review
fully,26,6.18,review
meh,25,4.72,review
category,7,5.42,review
book,50,7.24,review
nightmare,16,2.32,review
speaker,5,5.68,review
much,584,5.74,review
cars,46,6.26,review
testing,3,4.9,review
speakers,5,5.64,review
bass,13,6.04,review
plates,77,5.78,review
moving,58,5.36,review
weird,45,4.2,review
booth,37,5.42,review
smell,38,4.82,review
complained,25,2.9,review
seriously,81,4.7,review
wants,26,5.38,review
chemical,3,4.18,review
salt,44,5.68,review
mix,53,5.8,review
scratch,10,4.22,review
sleep,25,7.16,review
cook,65,6.64,review
mean,76,3.68,review
freaking,16,4.1,review
executed,11,3.94,review
tasty,253,7.58,review
tough,47,3.96,review
another,375,5.2,review
rolls,125,5.56,review
random,18,5.02,review
messy,15,3.66,review
including,94,5.96,review
thick,50,4.96,review
reason,124,5.54,review
piece,65,5.26,review
glue,5,5.08,review
ew,4,4.44,review
whatever,49,4.58,review
sake,8,5.66,review
bombs,3,2.86,review
fill,35,5.7,review
belly,39,4.78,review
enjoying,32,7.84,review
rocking,3,6.46,review
throughout,62,5.52,review
wtf,13,4.22,review
factor,10,5.1,review
savior,2,6.76,review
completed,20,6.82,review
screwed,7,3.24,review
absolute,33,5.4,review
sweetheart,3,7.88,review
change,100,5.56,review
plans,14,6.2,review
cheers,13,7.58,review
juicy,37,7.27,review
stuffed,45,5.18,review
craving,45,4.46,review
burger,231,6.18,review
constantly,27,5.3,review
ahead,70,6.08,review
orders,99,4.24,review
enjoy,186,7.66,review
glad,116,7.48,review
pleased,61,7.4,review
half,235,4.6,review
skin,33,5.5,review
real,131,6.78,review
season,31,5.96,review
stone,18,5.04,review
sides,85,5.04,review
risk,13,3.62,review
crap,21,3.34,review
answer,54,6.24,review
except,68,4.7,review
mac,92,5.74,review
bbq,131,6.32,review
garlic,86,6.12,review
shopping,77,7.1,review
stopped,131,3.86,review
lost,55,2.76,review
winding,2,5.56,review
road,44,5.86,review
main,102,5.4,review
thought,213,6.38,review
turn,62,5.2,review
nope,11,4.12,review
driving,40,6.18,review
ll,422,4.82,review
quickly,134,5.82,review
duty,12,4.7,review
eh,14,4.54,review
chile,10,5.74,review
kinda,43,4.9,review
mmmm,5,6.26,review
sooo,24,4.78,review
chocolate,132,7.86,review
matter,55,5.4,review
chili,73,6.1,review
lol,58,6.84,review
self,36,6.24,review
bill,90,3.64,review
dessert,178,7.28,review
lovely,66,7.32,review
pieces,64,4.76,review
living,42,6.68,review
england,4,6.28,review
various,33,5.78,review
anymore,31,4.56,review
seems,132,5.22,review
dollar,32,7.02,review
shipping,10,5.46,review
costs,36,3.8,review
lots,138,6.28,review
older,32,4.74,review
wood,27,6.06,review
stained,5,3.92,review
glass,80,5.76,review
jewelry,15,6.9,review
readily,1,6.1,review
office,98,5.12,review
group,144,5.92,review
addicted,7,3.52,review
medieval,4,5.2,review
host,39,6.06,review
boom,7,5.12,review
eats,13,6.44,review
start,150,6.1,review
cute,116,7.52,review
compared,41,4.98,review
wagon,2,5.83,review
guy,133,5.92,review
takes,65,5.04,review
pm,165,5.52,review
pancakes,62,6.96,review
empty,84,3.56,review
um,9,4.66,review
please,113,6.36,review
santa,52,6.8,review
barbara,50,5.22,review
mexican,94,5.4,review
los,10,4.7,review
exception,14,5.48,review
homemade,58,7.34,review
soft,94,6.48,review
field,25,5.88,review
chips,141,6.5,review
incredible,75,7.42,review
veterans,3,5.64,review
outstanding,64,7.92,review
requested,56,5.48,review
cents,4,5.66,review
bags,25,5.58,review
ounce,5,5.34,review
total,55,5.78,review
although,126,4.58,review
tasting,63,6.54,review
certainly,66,6.06,review
returning,63,5.58,review
arrive,26,6.32,review
fire,45,3.8,review
pre,29,5.14,review
inn,21,6.02,review
comfortable,108,7.32,review
won,202,8.1,review
plan,58,6.14,review
spend,60,5.04,review
relaxing,34,7.52,review
treatment,34,4.42,review
learning,10,6.92,review
leaders,1,5.88,review
guiding,2,6.36,review
students,11,6.28,review
applications,1,5.88,review
stephen,3,5.54,review
jones,3,5.5,review
joint,39,5.18,review
complete,50,6.74,review
comfort,27,7.5,review
despite,56,4.48,review
market,81,6.28,review
offering,31,6.32,review
ended,131,3.84,review
tacos,157,6.56,review
pair,31,5.82,review
demi,2,4.82,review
terrific,24,6.96,review
played,17,6.38,review
shape,25,5.48,review
superintendent,1,4.8,review
sand,11,5.86,review
updates,10,6.14,review
summer,45,6.4,review
complain,28,3.16,review
colorado,7,5.84,review
park,89,7.08,review
per,70,5.0,review
round,26,5.54,review
far,196,4.38,review
originally,21,5.98,review
daily,42,5.4,review
safe,33,7.04,review
italy,7,6.18,review
italian,100,6.48,review
friday,97,6.88,review
philly,129,5.46,review
walked,184,6.0,review
reservations,55,5.94,review
beer,307,5.92,review
products,42,5.76,review
plus,142,6.76,review
gross,22,3.72,review
bought,90,6.3,review
occasions,22,6.18,review
god,25,7.28,review
awful,65,2.92,review
handling,7,5.28,review
curry,58,5.84,review
cannot,66,3.32,review
forget,44,3.22,review
stole,4,2.6,review
fries,259,6.52,review
surprised,81,6.72,review
complaints,40,3.04,review
orange,45,6.54,review
l,12,5.28,review
upon,86,5.34,review
art,38,6.6,review
typical,60,5.22,review
french,138,5.96,review
quarter,43,5.56,review
co,29,4.94,review
workers,56,5.78,review
garden,41,7.22,review
district,21,5.14,review
shops,38,6.64,review
types,38,5.32,review
taco,86,6.2,review
combo,46,5.64,review
needed,202,5.46,review
natural,19,6.56,review
fashion,15,6.36,review
ate,127,6.18,review
must,160,4.82,review
movie,34,6.84,review
sitting,106,5.68,review
talked,23,5.9,review
connected,10,6.34,review
kitchen,112,6.04,review
wrapping,1,5.66,review
excuse,34,4.58,review
dark,62,3.82,review
almost,201,4.7,review
burnt,42,3.34,review
wondered,7,6.42,review
win,21,8.12,review
crowded,80,3.71,review
crazy,46,4.64,review
w,40,4.86,review
entrance,23,5.66,review
exit,8,4.78,review
required,12,4.46,review
entering,19,5.78,review
staring,9,4.86,review
ours,6,5.98,review
touch,57,6.4,review
clerk,6,5.41,review
immediate,13,5.6,review
clearly,72,6.18,review
replied,18,6.04,review
medium,67,5.32,review
voice,14,5.76,review
says,69,5.28,review
name,164,5.74,review
passed,21,5.66,review
indicates,1,5.32,review
indicating,2,5.59,review
melt,17,4.9,review
placed,38,5.3,review
literally,101,5.32,review
az,5,5.08,review
employees,128,5.64,review
efficient,53,6.8,review
cards,33,6.02,review
card,92,5.72,review
stock,27,5.8,review
met,53,5.82,review
member,40,5.94,review
save,61,6.54,review
date,87,6.32,review
dealing,13,5.54,review
hands,85,6.0,review
gather,5,5.94,review
ideas,7,7.16,review
begin,21,6.28,review
search,16,5.44,review
experienced,48,6.82,review
medical,14,4.72,review
provided,49,6.18,review
beautiful,164,7.92,review
charles,9,5.22,review
arrival,23,6.32,review
assistant,13,5.62,review
offices,4,5.0,review
oxygen,2,6.76,review
dog,137,6.7,review
survive,6,6.0,review
illness,4,2.0,review
emergency,34,3.06,review
dr,75,5.1,review
caring,23,7.34,review
explained,60,5.98,review
frank,5,5.94,review
honest,46,7.46,review
condition,9,4.72,review
loss,6,2.56,review
superior,8,6.08,review
delivery,132,6.02,review
email,39,6.88,review
turned,58,5.24,review
doesn,159,4.71,review
blame,10,2.82,review
cheaper,27,6.08,review
rooms,50,5.58,review
boston,6,5.76,review
south,64,6.16,review
actual,63,5.48,review
bus,30,5.1,review
terminal,26,3.98,review
sidewalk,8,5.62,review
bake,10,6.68,review
sun,30,7.8,review
suppose,22,4.92,review
drown,3,2.9,review
freeze,8,4.08,review
july,11,5.98,review
designated,6,5.64,review
areas,39,5.34,review
interested,29,6.84,review
headphones,1,6.3,review
pee,2,4.14,review
near,87,5.72,review
piss,4,3.56,review
toilet,26,4.88,review
floor,104,5.16,review
etc,127,5.18,review
nj,10,4.64,review
drivers,4,5.24,review
switch,19,5.02,review
understand,82,6.56,review
needing,11,4.94,review
learn,22,6.7,review
watching,47,5.84,review
game,66,6.92,review
strike,6,3.96,review
deal,133,6.32,review
steal,6,2.46,review
thursday,41,5.86,review
bun,50,5.9,review
comment,26,5.58,review
often,127,5.68,review
bowling,2,6.24,review
eyes,42,6.24,review
deceive,1,3.47,review
tell,194,5.42,review
inquiry,2,4.66,review
strange,34,4.36,review
bite,83,3.98,review
mia,2,5.22,review
par,31,5.0,review
dale,6,5.26,review
frozen,56,4.38,review
bulk,6,5.12,review
brands,11,5.76,review
focus,10,6.12,review
anywhere,70,5.34,review
else,217,4.76,review
blown,22,4.34,review
blow,19,4.48,review
au,13,4.92,review
portion,92,5.48,review
neighborhood,76,6.38,review
live,154,6.84,review
music,144,8.02,review
wherever,6,5.52,review
appeared,16,5.46,review
st,136,4.88,review
nasty,23,2.62,review
choices,66,6.04,review
suggestions,17,6.08,review
suggested,26,5.6,review
fried,281,5.7,review
move,80,5.72,review
smaller,47,4.74,review
bigger,27,6.38,review
annoying,23,2.82,review
hear,72,5.84,review
own,153,6.16,review
moved,96,5.06,review
joke,25,7.62,review
semi,12,5.27,review
ball,21,6.08,review
dime,6,6.2,review
combination,35,6.14,review
japanese,20,6.02,review
dip,70,4.94,review
guess,118,5.64,review
nd,32,4.8,review
lines,33,5.26,review
garbage,19,3.18,review
talk,72,6.06,review
language,10,6.58,review
exists,4,6.34,review
inches,12,5.28,review
remove,25,3.7,review
rough,17,3.54,review
year,176,5.38,review
acted,19,5.56,review
salon,106,5.92,review
act,20,6.0,review
fake,14,2.9,review
tip,93,6.24,review
past,126,4.62,review
visits,42,6.4,review
returned,45,5.18,review
rd,19,4.86,review
mother,47,7.68,review
license,12,5.56,review
responded,13,5.74,review
brand,52,5.58,review
rated,19,5.5,review
star,191,7.22,review
christmas,39,7.96,review
jingle,2,6.24,review
song,6,7.58,review
sang,5,6.52,review
running,55,5.7,review
evidently,2,5.88,review
fallen,8,3.52,review
levels,15,5.3,review
expecting,44,6.58,review
expect,102,5.9,review
basically,52,5.56,review
received,122,6.34,review
ten,39,5.44,review
dollars,51,7.3,review
bag,55,5.64,review
seven,8,5.66,review
bucks,39,6.7,review
omg,39,5.1,review
remembered,14,6.32,review
yrs,8,4.8,review
ride,30,6.14,review
known,41,5.8,review
smart,7,7.48,review
placing,8,5.7,review
via,20,5.3,review
app,49,5.2,review
members,25,5.66,review
exact,21,6.04,review
environment,52,6.22,review
aware,19,5.78,review
children,38,7.12,review
grandchildren,1,7.42,review
such,190,5.16,review
organized,28,6.62,review
clever,6,7.06,review
creative,31,7.4,review
laughs,5,8.18,review
five,78,5.24,review
newly,15,6.5,review
ace,6,6.68,review
within,91,5.34,review
mile,13,5.04,review
front,254,5.58,review
lime,28,6.6,review
light,129,6.4,review
greg,2,5.16,review
smile,51,8.1,review
heat,52,4.16,review
kick,41,3.72,review
loving,12,7.96,review
cooking,43,7.08,review
proud,11,7.32,review
totally,79,6.02,review
hope,78,7.38,review
adds,10,5.5,review
pie,92,6.78,review
repair,46,4.76,review
outcome,4,5.6,review
horrible,131,2.24,review
man,90,5.9,review
late,120,3.46,review
industry,17,5.38,review
rude,130,2.62,review
employee,55,5.74,review
retire,1,6.02,review
position,4,5.86,review
forces,1,4.18,review
fault,30,3.44,review
reviews,192,5.3,review
colors,26,7.0,review
cut,132,3.42,review
toes,7,5.14,review
crooked,2,3.7,review
stupid,11,2.68,review
wearing,39,5.5,review
picked,71,6.08,review
rushing,8,4.82,review
massage,43,6.94,review
average,94,5.1,review
china,11,5.4,review
primarily,4,5.42,review
dine,40,6.7,review
mon,6,5.18,review
chinese,72,5.64,review
filling,53,5.58,review
mike,23,5.3,review
hang,53,3.86,review
appeal,5,5.62,review
internet,18,7.48,review
public,25,5.18,review
rocks,14,5.96,review
kevin,11,5.2,review
detail,31,5.82,review
apartments,4,5.16,review
wrapped,21,5.86,review
dates,6,6.42,review
sick,20,2.02,review
gay,4,4.44,review
ladies,35,7.2,review
informed,36,6.18,review
rainbow,6,8.1,review
birthday,113,7.78,review
candles,8,6.67,review
lit,10,5.64,review
dripping,4,4.94,review
degree,8,6.26,review
hotter,7,5.86,review
mess,46,3.94,review
serve,110,5.46,review
quite,200,5.32,review
boo,3,3.74,review
spent,67,4.76,review
somewhere,60,5.28,review
giants,2,5.34,review
sections,5,5.2,review
ben,5,5.14,review
run,107,5.48,review
support,41,6.44,review
venture,5,5.64,review
backyard,2,6.47,review
houston,4,5.26,review
technique,5,5.94,review
peak,10,5.9,review
outdoor,92,6.94,review
promote,1,6.92,review
pet,20,7.08,review
reasonable,123,6.38,review
yourself,79,6.24,review
tee,4,5.64,review
spread,22,5.48,review
word,42,5.56,review
mom,75,7.64,review
pop,30,5.98,review
drunk,20,3.88,review
alcohol,16,5.2,review
lists,3,5.1,review
converted,6,5.26,review
upstairs,35,5.66,review
valentine,7,7.4,review
mind,115,6.04,review
vanilla,32,6.96,review
butter,107,6.56,review
mouth,70,5.8,review
sooooo,10,4.86,review
baked,74,6.4,review
apple,47,7.44,review
folks,47,6.04,review
rate,49,5.34,review
asian,61,6.32,review
american,44,6.74,review
stick,34,5.08,review
walls,41,5.26,review
instrumental,2,6.48,review
tokyo,2,5.76,review
mt,5,5.18,review
stunning,5,6.5,review
land,10,6.18,review
peaceful,6,7.5,review
retail,9,5.9,review
trust,40,7.22,review
k,23,5.0,review
miles,30,5.3,review
tires,45,5.2,review
worn,11,4.23,review
secondary,3,5.2,review
rubber,9,5.8,review
backs,1,5.34,review
rep,10,4.8,review
speak,67,5.9,review
face,56,6.12,review
lied,7,2.82,review
stated,38,5.26,review
factory,9,5.08,review
rear,7,5.12,review
mode,1,5.28,review
responsible,8,5.8,review
thru,48,5.22,review
dozens,8,5.7,review
world,88,6.52,review
higher,42,6.46,review
male,13,6.02,review
tech,29,6.22,review
unfortunately,80,2.76,review
refused,30,3.38,review
environmental,1,6.42,review
important,37,6.32,review
unfortunate,9,2.94,review
messed,17,3.84,review
double,33,5.8,review
bed,49,7.18,review
careful,22,5.1,review
upside,3,6.21,review
comfy,17,7.18,review
laid,24,5.46,review
hit,88,4.58,review
miss,78,3.64,review
depends,3,4.72,review
gotta,14,5.02,review
society,4,5.78,review
does,153,5.22,review
satisfied,37,7.28,review
eager,13,6.54,review
nc,3,5.26,review
brunch,132,6.32,review
louis,55,5.14,review
afternoon,71,5.98,review
watched,30,5.46,review
seats,54,5.58,review
stood,25,4.94,review
cleaned,33,6.54,review
proceeded,32,6.12,review
elsewhere,54,4.86,review
original,50,6.36,review
yeah,30,5.9,review
modest,4,5.9,review
heights,8,5.64,review
company,129,5.44,review
eight,7,5.3,review
owned,27,5.64,review
mega,1,6.0,review
potato,93,6.54,review
eggs,119,6.02,review
potatoes,93,6.48,review
largest,5,6.34,review
imagine,37,7.18,review
simple,83,6.02,review
fancy,34,6.96,review
wifi,23,6.36,review
zero,37,3.44,review
compelled,5,4.45,review
history,48,5.84,review
tampa,94,5.48,review
fly,21,6.32,review
prior,31,4.88,review
desk,97,5.26,review
id,19,5.0,review
plane,10,6.3,review
happened,63,5.02,review
helpful,228,7.24,review
stuck,31,3.66,review
credit,68,5.86,review
excitement,5,7.62,review
character,13,5.68,review
favourite,14,7.16,review
truth,8,7.42,review
honey,44,7.44,review
nearest,5,6.02,review
mins,43,4.94,review
proceed,2,6.68,review
suspect,7,3.14,review
badly,8,2.88,review
dump,6,2.84,review
bullshit,1,3.08,review
aint,3,4.02,review
ashamed,9,2.59,review
bull,3,4.62,review
accept,15,6.42,review
committed,8,6.38,review
psycho,3,2.5,review
ward,2,4.84,review
savings,4,7.26,review
allows,8,6.26,review
household,6,5.86,review
income,3,7.58,review
rip,15,4.0,review
oil,76,4.88,review
xd,1,4.76,review
directly,30,5.56,review
afterwards,21,5.76,review
making,149,6.24,review
noise,28,3.74,review
engine,25,5.7,review
ruined,20,2.54,review
labor,18,4.22,review
convinced,14,5.96,review
believes,3,6.82,review
bone,27,5.04,review
written,13,5.7,review
clearer,1,6.3,review
memory,12,6.46,review
vegan,98,4.82,review
everywhere,30,5.76,review
kills,2,1.78,review
baking,5,6.58,review
betty,4,5.16,review
treats,29,6.7,review
orlando,2,5.92,review
initially,20,5.2,review
lived,43,5.82,review
goods,29,6.46,review
expanded,5,5.88,review
minute,82,5.5,review
relax,18,7.7,review
naturally,14,6.8,review
lighting,28,6.0,review
expensive,113,3.54,review
intention,6,5.94,review
along,107,5.48,review
obsessed,13,3.42,review
establishment,71,5.36,review
tennessee,8,5.82,review
fellow,10,5.5,review
niece,4,6.72,review
declared,2,5.28,review
crowd,58,4.14,review
present,17,6.96,review
arrived,181,6.14,review
grew,14,5.9,review
covers,6,5.6,review
songs,6,6.96,review
funky,15,5.72,review
industrial,8,5.02,review
mellow,6,6.16,review
vibe,61,6.02,review
triple,7,5.98,review
whiskey,15,5.72,review
level,75,5.6,review
possibly,20,5.78,review
sausage,79,6.16,review
amen,2,6.02,review
divine,12,7.26,review
rolled,20,5.42,review
head,62,5.96,review
feast,11,7.49,review
saint,9,6.34,review
steve,7,5.38,review
impression,21,5.94,review
nap,6,6.44,review
pianist,1,6.68,review
playing,39,7.14,review
describe,21,5.66,review
example,19,5.58,review
pointed,20,4.9,review
argue,8,3.0,review
further,26,5.46,review
colder,1,4.04,review
earlier,18,5.4,review
obviously,45,5.54,review
upset,33,2.56,review
described,19,5.58,review
sign,72,5.66,review
saying,103,5.6,review
dancer,1,6.86,review
stands,9,5.28,review
outfit,8,5.76,review
strip,26,4.92,review
rating,56,5.54,review
budget,16,5.08,review
spending,18,5.24,review
hair,167,6.04,review
haircut,41,6.2,review
elegant,10,6.96,review
sophisticated,7,6.02,review
tips,32,6.28,review
keeping,20,6.1,review
smooth,32,6.8,review
bright,37,7.62,review
sunlight,1,7.88,review
spa,30,6.92,review
biz,5,5.04,review
mcdonalds,9,5.98,review
acts,3,5.48,review
doing,139,5.5,review
favour,1,6.92,review
enthusiasm,5,7.46,review
faster,8,6.38,review
split,46,4.26,review
low,61,3.66,review
interaction,13,6.51,review
began,20,5.98,review
cat,23,6.64,review
crude,1,3.6,review
remarks,4,4.88,review
towards,23,5.72,review
question,26,4.98,review
likes,13,7.28,review
sexy,4,7.4,review
b,40,4.84,review
shocked,12,3.64,review
control,12,5.38,review
behavior,11,5.5,review
ignored,23,3.32,review
laughing,6,8.2,review
thinking,39,6.28,review
lobby,23,5.2,review
terrible,101,2.84,review
management,69,4.76,review
reminds,18,5.4,review
truck,74,5.48,review
patient,46,5.04,review
coke,16,6.78,review
buck,11,5.84,review
trouble,27,2.78,review
banana,31,6.86,review
genuine,10,7.18,review
skills,23,6.38,review
encountered,16,5.48,review
witness,1,4.82,review
force,10,4.0,review
honky,4,3.94,review
hole,31,4.66,review
wall,64,4.98,review
dive,16,5.64,review
tap,44,5.4,review
jukebox,2,6.78,review
basic,45,5.16,review
mill,7,5.22,review
pub,32,6.02,review
fare,23,5.26,review
case,53,5.02,review
legit,11,6.08,review
lover,13,7.3,review
boot,14,5.0,review
miller,11,5.36,review
lite,6,5.38,review
deep,45,5.74,review
breath,10,6.38,review
strongly,11,6.14,review
travel,23,7.18,review
shuttle,13,5.78,review
complications,4,3.65,review
bottles,32,5.52,review
faces,5,6.2,review
tree,27,7.12,review
rotting,3,3.04,review
yard,16,5.66,review
decided,220,5.94,review
john,20,5.08,review
pleasant,89,7.48,review
scheduled,25,5.28,review
following,31,5.38,review
removed,16,3.72,review
branches,4,6.35,review
trees,15,6.98,review
successfully,2,7.62,review
team,68,6.26,review
process,78,5.46,review
results,30,5.9,review
yep,7,5.96,review
remember,63,6.42,review
limited,56,4.22,review
line,207,4.98,review
based,94,5.26,review
hungry,73,3.38,review
riding,8,6.18,review
reminded,19,5.6,review
east,30,5.82,review
shade,18,6.1,review
evening,92,6.42,review
until,192,4.94,review
guarantee,7,6.86,review
reading,35,6.78,review
wooden,12,5.04,review
sea,28,6.94,review
center,65,5.3,review
museum,36,6.68,review
views,20,5.92,review
tourist,25,6.18,review
trap,12,3.44,review
count,13,5.5,review
taxi,5,5.72,review
january,9,5.7,review
kill,12,1.56,review
birds,8,6.96,review
harbor,9,6.06,review
planning,22,6.16,review
feed,17,6.42,review
damn,37,2.98,review
spins,1,5.39,review
classic,50,6.58,review
descriptions,9,5.84,review
concepts,3,6.02,review
tastes,42,6.38,review
wings,126,6.52,review
request,32,5.34,review
tossed,7,4.46,review
vs,9,4.6,review
formal,13,5.62,review
training,26,5.74,review
shared,56,6.8,review
similar,39,5.96,review
reasons,20,5.26,review
lack,66,3.16,review
selected,9,6.32,review
becker,1,5.0,review
geographical,1,6.04,review
requests,12,5.1,review
entitled,1,5.64,review
expectations,50,5.46,review
feels,44,5.5,review
giving,108,6.98,review
soul,26,6.34,review
grey,6,4.56,review
match,16,5.96,review
turns,21,5.2,review
exist,3,5.9,review
spoke,40,5.8,review
dawn,10,6.54,review
quoted,16,5.48,review
appointment,132,5.52,review
insurance,29,5.24,review
agents,3,5.0,review
number,81,5.3,review
transportation,6,6.16,review
assured,24,6.2,review
seen,99,5.4,review
ray,4,5.52,review
radio,8,6.58,review
apologize,22,5.02,review
ed,22,5.16,review
bother,29,4.12,review
illegal,6,2.86,review
reporting,3,5.12,review
bureau,2,4.62,review
shady,10,4.68,review
sir,5,5.26,review
idea,64,7.06,review
thin,51,5.74,review
jar,9,5.12,review
believe,83,6.7,review
combinations,18,6.06,review
northern,6,5.22,review
touched,10,6.4,review
boyfriend,63,6.38,review
problems,38,2.92,review
fridge,18,6.02,review
judy,5,4.8,review
previously,20,4.52,review
wrote,13,5.64,review
ownership,12,6.38,review
social,31,6.22,review
jackson,3,5.7,review
tired,22,3.34,review
crappy,14,2.98,review
boring,15,2.9,review
boxes,23,5.52,review
indication,2,5.56,review
improve,14,6.44,review
silly,7,5.3,review
opening,34,6.2,review
slide,9,5.76,review
mirror,15,6.26,review
become,39,5.7,review
prom,6,5.94,review
parties,29,7.42,review
solo,6,5.56,review
convention,6,5.48,review
pity,2,3.1,review
utah,1,5.16,review
letting,18,5.18,review
released,3,6.34,review
tail,13,5.67,review
twice,89,5.6,review
girls,40,6.94,review
valley,7,6.26,review
continue,37,5.76,review
bringing,21,6.04,review
weekends,28,7.7,review
drinking,34,6.14,review
visited,70,6.3,review
dim,11,3.9,review
bands,11,6.16,review
comparison,6,5.37,review
hell,14,2.22,review
ohhhh,1,5.34,review
cookie,39,7.1,review
pure,11,6.88,review
liquid,14,5.86,review
joy,4,8.16,review
sing,3,7.44,review
gal,10,5.69,review
fitness,20,6.92,review
someone,194,5.3,review
beginning,22,6.04,review
grow,10,6.68,review
community,26,6.28,review
gym,46,5.96,review
tribe,1,5.92,review
sweat,6,4.16,review
play,69,7.26,review
challenges,5,5.74,review
races,4,5.72,review
weight,18,4.52,review
increase,12,6.56,review
strength,4,7.4,review
generally,29,5.24,review
embrace,1,6.22,review
safely,8,6.96,review
challenged,2,5.46,review
worry,21,2.82,review
general,45,5.32,review
website,55,6.28,review
success,11,7.86,review
stories,17,6.62,review
regret,24,3.12,review
raw,43,4.24,review
brings,19,5.8,review
lemon,39,6.16,review
juice,47,7.12,review
goodness,30,7.58,review
competition,10,5.64,review
hilarious,2,7.5,review
die,54,1.74,review
adding,19,5.72,review
lbs,5,4.64,review
frame,12,5.54,review
heading,15,5.62,review
camino,5,5.38,review
anna,5,5.78,review
impressive,37,7.04,review
lord,3,6.34,review
celebrate,17,7.98,review
wedding,58,7.34,review
anniversary,20,6.7,review
ruth,10,5.06,review
chris,30,5.22,review
fairly,37,6.28,review
baseball,2,5.84,review
television,8,6.66,review
wear,34,5.94,review
checked,78,5.34,review
previous,39,4.88,review
fought,3,3.1,review
fight,8,2.7,review
ran,35,5.5,review
calm,13,6.36,review
roof,10,5.42,review
stayed,66,5.4,review
guest,38,6.52,review
major,29,5.76,review
seconds,18,5.08,review
wing,17,5.98,review
liked,107,7.16,review
cable,7,5.64,review
package,23,6.22,review
consisted,10,5.46,review
extended,9,5.8,review
twins,1,6.4,review
personal,66,6.06,review
sheets,11,5.64,review
pillow,2,6.88,review
addition,50,5.9,review
wash,41,5.74,review
cloth,2,5.94,review
satisfaction,10,7.34,review
pacific,3,6.16,review
theater,23,6.96,review
european,7,5.94,review
attend,12,6.0,review
movies,5,7.34,review
amazed,7,7.22,review
honor,10,7.22,review
war,6,1.8,review
boards,7,5.18,review
contributed,6,6.04,review
web,12,5.84,review
haha,19,7.64,review
effort,24,5.86,review
create,21,6.82,review
presentation,33,5.42,review
anytime,12,5.98,review
gin,6,5.9,review
supposed,59,5.14,review
quarters,4,5.74,review
realized,42,5.78,review
whores,1,3.4,review
thus,6,5.14,review
apparently,40,5.54,review
shares,1,6.68,review
air,49,6.8,review
system,50,5.3,review
private,34,5.92,review
heating,4,6.0,review
zone,9,5.32,review
froze,4,4.16,review
situation,54,5.0,review
appreciate,37,7.22,review
luckily,26,7.28,review
death,3,1.54,review
testament,2,5.4,review
romantic,27,7.72,review
profit,11,7.66,review
keeps,23,5.88,review
baby,36,7.28,review
soooo,11,5.14,review
third,40,5.3,review
forgetting,6,3.82,review
herb,8,6.49,review
scott,8,5.08,review
themselves,30,5.02,review
length,8,5.28,review
shy,5,4.46,review
peace,5,7.86,review
wonder,24,7.08,review
despise,2,3.54,review
rotation,16,5.83,review
politics,4,4.46,review
sticky,27,4.6,review
somewhat,40,4.76,review
speaking,20,5.88,review
concerned,23,4.22,review
shiny,8,6.74,review
ocean,11,6.96,review
prime,27,6.46,review
breaking,7,3.98,review
rule,7,4.52,review
partially,2,5.24,review
agree,32,6.7,review
comments,12,5.62,review
carpet,13,5.94,review
velvet,15,6.51,review
rope,3,5.38,review
neither,22,4.46,review
item,62,5.5,review
necessary,20,5.02,review
likewise,2,6.0,review
strong,56,7.06,review
closing,41,3.96,review
ones,70,5.16,review
philadelphia,35,5.72,review
popcorn,16,6.76,review
caught,33,3.54,review
hidden,45,4.48,review
instantly,12,6.36,review
space,131,5.96,review
pasta,120,6.86,review
wrap,28,5.72,review
samples,18,5.67,review
wow,73,7.46,review
aged,10,4.28,review
perfection,50,7.2,review
falling,12,3.28,review
equally,16,6.4,review
wine,199,6.42,review
dad,31,7.02,review
cincinnati,1,5.48,review
milwaukee,1,5.36,review
spring,35,7.16,review
filled,60,5.52,review
grain,6,5.84,review
fig,9,5.82,review
duck,48,6.18,review
pot,44,5.58,review
de,33,4.82,review
changes,19,5.06,review
slowly,10,4.32,review
competent,4,6.66,review
includes,14,5.88,review
larger,31,5.94,review
groups,27,5.66,review
tops,22,6.04,review
narrow,10,4.54,review
frequently,20,5.5,review
stays,9,5.28,review
kinds,25,5.74,review
sticks,26,4.9,review
dough,36,6.2,review
balls,21,5.86,review
fair,72,6.96,review
weather,38,5.88,review
thai,126,6.22,review
proportion,1,5.62,review
master,6,5.7,review
ridiculous,38,4.0,review
mentioned,56,5.42,review
midnight,9,6.18,review
nights,30,6.52,review
disturbed,2,3.41,review
comp,9,5.38,review
claimed,7,5.4,review
account,30,5.5,review
edit,9,5.36,review
corporate,22,4.7,review
alex,8,5.46,review
tuesday,36,4.98,review
info,14,6.1,review
message,21,6.08,review
status,5,5.62,review
security,18,6.1,review
code,18,5.28,review
continued,14,5.2,review
ignore,12,3.22,review
followed,21,5.46,review
admitted,9,5.08,review
responsibility,8,5.72,review
clue,11,6.08,review
acknowledged,14,6.1,review
bank,30,5.92,review
initiated,2,6.18,review
habit,2,5.48,review
dispute,3,3.54,review
football,10,6.34,review
packed,86,5.28,review
fans,23,7.02,review
farm,14,6.22,review
nyc,18,5.98,review
amount,110,5.84,review
famous,28,6.68,review
box,61,5.54,review
dish,227,6.12,review
sent,63,5.46,review
knowledge,19,7.24,review
techniques,4,5.64,review
secret,12,4.84,review
camp,10,6.26,review
elevated,4,6.8,review
functional,7,6.38,review
marked,6,4.92,review
carlos,2,5.1,review
desperate,8,3.12,review
noon,17,5.7,review
extensive,21,5.48,review
incredibly,61,6.52,review
cracks,2,4.0,review
saturday,122,7.42,review
draft,24,5.02,review
smoking,24,3.1,review
november,5,6.1,review
submit,3,5.44,review
online,79,6.72,review
celebrating,7,8.0,review
thomas,6,4.92,review
elderly,8,4.88,review
gentlemen,6,7.0,review
awkward,21,3.62,review
brother,13,7.22,review
law,23,4.9,review
chop,22,4.16,review
sister,27,6.76,review
louisiana,9,5.66,review
greater,4,6.68,review
notice,31,5.16,review
celebration,5,8.02,review
slice,51,5.02,review
drank,8,5.34,review
gulf,10,5.4,review
blvd,4,5.02,review
scary,10,2.58,review
popular,32,6.6,review
attractive,14,7.48,review
dressed,13,6.36,review
administered,1,5.45,review
inspired,8,7.36,review
father,26,7.06,review
college,37,6.94,review
prep,8,5.5,review
blessing,1,7.4,review
maria,6,5.5,review
island,26,6.78,review
gets,89,5.84,review
superman,1,7.12,review
bob,21,5.44,review
almighty,1,6.24,review
sell,64,5.48,review
states,15,5.64,review
earned,11,7.08,review
karen,11,5.34,review
pitcher,9,5.2,review
roughly,9,4.0,review
six,30,5.34,review
desert,25,4.4,review
premium,13,6.16,review
fix,76,6.28,review
lie,15,2.6,review
upgrade,14,6.58,review
pocket,12,5.7,review
cover,31,5.32,review
untrue,1,3.51,review
employer,1,5.71,review
mistaken,2,3.6,review
rang,4,5.64,review
colored,10,6.02,review
shirt,26,6.26,review
touches,10,6.38,review
respond,9,5.78,review
asks,15,5.24,review
shots,19,3.32,review
response,32,5.68,review
mad,12,2.6,review
mid,17,5.24,review
sentence,3,5.22,review
walks,11,5.7,review
receiving,9,6.54,review
copy,9,5.38,review
nowhere,12,4.16,review
ripped,15,4.13,review
clubs,3,6.34,review
recently,100,5.44,review
ship,10,5.96,review
twitter,3,5.46,review
tweet,1,5.48,review
communicate,5,6.66,review
pp,2,4.98,review
specialty,24,6.6,review
fit,41,6.22,review
posted,22,5.54,review
custom,15,5.94,review
forgotten,12,3.18,review
protein,19,6.2,review
hate,42,2.34,review
screening,1,5.06,review
adjacent,7,5.43,review
cinema,1,6.94,review
beef,168,5.28,review
flat,37,5.02,review
expressed,5,5.82,review
particularly,28,5.46,review
lights,26,6.32,review
boat,22,6.08,review
complaining,11,2.82,review
willing,43,6.4,review
searching,13,5.04,review
corner,52,4.74,review
biggest,27,6.0,review
bride,5,7.28,review
block,26,4.02,review
struggle,5,3.4,review
dress,56,6.6,review
confused,14,2.98,review
sound,37,5.86,review
units,6,5.26,review
hanging,29,3.82,review
bucket,4,5.32,review
happen,44,5.28,review
leather,10,5.56,review
la,61,5.0,review
va,3,5.08,review
asshole,5,2.4,review
born,8,6.82,review
speech,1,5.32,review
tongue,9,5.44,review
stage,14,5.72,review
cancer,6,1.54,review
mask,32,4.86,review
nose,14,5.48,review
prove,5,5.74,review
fyi,6,5.14,review
age,15,4.88,review
checks,11,5.84,review
true,57,7.08,review
ii,2,5.02,review
flower,7,7.88,review
bay,33,5.96,review
struck,3,3.5,review
correct,36,7.02,review
appears,19,5.68,review
nobody,30,3.64,review
holy,17,6.64,review
mark,17,5.48,review
heavily,7,4.74,review
mild,11,5.7,review
houses,13,6.16,review
diverse,12,5.86,review
impossible,26,2.9,review
chose,63,5.66,review
fl,10,4.92,review
neighbors,4,5.9,review
pan,20,5.56,review
toast,72,6.86,review
pregnancy,2,6.02,review
mobile,6,6.36,review
dropping,10,4.02,review
rocket,2,6.38,review
science,5,6.86,review
discovered,25,7.0,review
faith,3,7.08,review
tho,12,4.72,review
sundays,8,7.38,review
flight,38,6.06,review
ages,8,4.5,review
leaves,24,5.62,review
unlike,19,4.04,review
accepted,6,6.54,review
minus,15,3.96,review
easily,48,7.02,review
talented,17,7.06,review
singer,5,6.82,review
jean,7,5.82,review
ticket,22,5.32,review
captain,8,6.6,review
safety,22,6.18,review
instructions,14,5.46,review
swimming,5,6.52,review
entertaining,7,7.62,review
hold,45,5.7,review
surprisingly,22,6.82,review
guide,36,6.1,review
active,9,6.82,review
angeles,3,5.84,review
stand,58,5.6,review
xo,2,5.7,review
spice,51,6.18,review
related,9,5.96,review
practices,8,5.66,review
pete,28,5.18,review
lincoln,1,5.76,review
missed,33,3.68,review
points,25,6.04,review
killed,5,1.56,review
forest,6,6.68,review
comprehensive,1,5.42,review
helps,15,6.6,review
maintain,9,5.76,review
standards,13,5.38,review
collection,9,6.1,review
paintings,7,6.9,review
period,16,4.72,review
san,14,5.02,review
century,6,5.78,review
christ,5,6.16,review
child,27,7.24,review
angels,1,7.66,review
di,8,4.84,review
saints,3,7.02,review
francis,1,5.32,review
christopher,2,5.56,review
jan,4,5.4,review
shown,9,5.92,review
van,7,5.2,review
marriage,3,6.7,review
virgin,2,6.0,review
juan,3,5.08,review
conversion,1,5.67,review
landscape,4,6.68,review
dutch,5,5.62,review
peter,4,5.42,review
cathedral,3,6.14,review
rome,2,6.98,review
robert,12,5.3,review
leon,3,5.16,review
tomb,2,3.52,review
village,12,6.28,review
church,7,5.48,review
railroad,2,5.88,review
bridge,7,5.86,review
vincent,2,5.46,review
moonlight,1,7.5,review
fishing,4,6.18,review
boats,7,6.45,review
paul,5,5.44,review
max,10,5.7,review
german,7,5.34,review
river,25,6.68,review
sunset,9,7.16,review
painting,6,6.78,review
appreciated,36,7.12,review
cow,7,5.82,review
tempted,6,4.86,review
officially,5,5.04,review
threatened,3,2.62,review
businessman,1,5.42,review
policies,6,5.12,review
energy,18,7.22,review
trains,4,6.18,review
crowds,7,4.46,review
brian,9,5.3,review
herself,12,6.1,review
brown,39,5.44,review
words,29,6.04,review
using,72,5.0,review
yellow,18,5.8,review
base,33,5.08,review
coat,11,6.08,review
state,43,5.28,review
turning,7,5.32,review
feet,23,5.58,review
foot,19,5.02,review
austin,5,5.5,review
provides,10,6.24,review
chelsea,2,5.74,review
failed,15,1.84,review
attempts,4,5.54,review
sleeping,4,7.02,review
popped,14,4.94,review
body,21,5.96,review
collapse,1,2.9,review
yr,4,5.08,review
laugh,10,8.22,review
carrying,5,5.26,review
visitors,13,6.32,review
mic,2,5.3,review
thursdays,3,5.54,review
singing,3,6.96,review
poetry,1,6.4,review
associated,3,5.68,review
p,36,5.06,review
parent,4,7.04,review
procedure,7,4.94,review
silence,4,5.14,review
silent,3,5.12,review
curious,11,6.36,review
importance,4,6.32,review
cm,1,4.92,review
vas,2,4.82,review
details,18,5.74,review
rigid,1,4.46,review
affair,2,4.02,review
screen,23,5.74,review
minor,17,4.66,review
ensure,16,6.12,review
alone,43,3.32,review
additional,38,5.78,review
patients,17,3.66,review
respect,17,7.34,review
disclosure,2,5.02,review
advice,31,6.22,review
clients,22,5.56,review
providing,10,6.16,review
ignorance,2,2.98,review
appropriate,14,6.26,review
delay,8,3.38,review
attended,20,5.54,review
assigned,7,5.44,review
lower,24,4.24,review
mare,3,5.78,review
client,23,5.58,review
meetings,8,4.8,review
debut,1,6.14,review
architecture,4,6.4,review
property,36,5.86,review
overnight,7,5.58,review
dove,4,7.04,review
mountain,10,6.4,review
none,39,3.84,review
beds,15,6.17,review
cloud,3,5.62,review
fab,2,6.1,review
intimate,20,6.76,review
vacation,29,7.92,review
whistle,1,6.31,review
core,3,5.38,review
fave,12,6.04,review
confident,8,7.1,review
test,19,4.06,review
shot,37,2.5,review
inch,14,5.2,review
adult,11,6.14,review
handled,27,5.5,review
tag,13,5.08,review
doors,37,5.44,review
franklin,13,5.24,review
kicked,3,3.18,review
cell,16,5.12,review
wander,5,5.12,review
adventure,10,7.3,review
ending,9,4.02,review
concept,28,5.48,review
listening,9,6.28,review
balanced,19,6.51,review
nor,19,4.28,review
distributed,1,5.46,review
pending,3,4.54,review
consistent,29,5.82,review
heads,15,5.64,review
r,8,4.78,review
venus,1,6.18,review
west,42,5.68,review
dogs,52,6.78,review
bath,11,6.96,review
bonus,18,7.68,review
writing,22,6.24,review
shit,20,2.5,review
normal,51,5.98,review
pulling,10,4.36,review
blonde,7,6.18,review
umm,4,4.72,review
worried,12,2.42,review
interview,1,5.06,review
respective,5,6.06,review
dealt,12,5.1,review
fighting,10,2.76,review
tears,6,2.46,review
painful,16,2.12,review
plastic,17,4.46,review
caps,4,5.36,review
u,35,5.52,review
applied,4,5.86,review
shoulder,5,5.46,review
washed,16,5.92,review
sink,12,3.79,review
ends,19,3.78,review
hundreds,9,5.96,review
jobs,11,6.32,review
dried,8,4.96,review
marks,4,5.1,review
attempted,10,5.48,review
explain,30,5.46,review
cried,6,2.2,review
incorrectly,7,3.14,review
woke,7,5.56,review
anti,4,3.65,review
scream,1,3.14,review
fuck,3,4.14,review
confidence,5,7.22,review
particular,35,5.54,review
inevitably,2,4.84,review
machine,29,5.38,review
rent,18,3.84,review
chatting,9,6.62,review
greet,13,6.66,review
ability,6,6.68,review
chosen,5,5.88,review
cheddar,23,6.34,review
pepper,36,5.48,review
heavenly,11,7.38,review
toys,8,7.1,review
games,64,7.32,review
supplies,12,6.04,review
organization,7,5.98,review
recommendations,35,6.2,review
highest,4,6.8,review
gosh,3,5.0,review
legal,6,5.18,review
grade,5,5.7,review
rag,2,4.44,review
threw,33,4.68,review
trash,23,2.68,review
assume,24,4.72,review
steam,6,5.43,review
grandmother,5,7.64,review
surgery,14,2.66,review
approved,7,7.2,review
director,4,5.8,review
jennifer,6,5.86,review
puppy,6,7.58,review
palace,4,6.68,review
shows,29,6.08,review
questioned,3,4.24,review
loyalty,5,7.04,review
quit,9,3.9,review
offensive,5,3.02,review
locked,8,3.7,review
neglect,1,2.76,review
couch,10,6.06,review
ashley,7,5.42,review
jay,8,5.44,review
j,9,5.04,review
associate,5,5.62,review
assist,8,6.42,review
answers,7,6.48,review
furniture,40,6.04,review
hearted,2,6.41,review
accompanied,9,6.22,review
landed,5,5.84,review
priority,7,5.66,review
preferred,17,6.58,review
worker,24,5.56,review
stressed,4,2.74,review
communication,23,6.52,review
exchange,16,5.68,review
airport,53,5.88,review
resolve,8,6.32,review
conference,11,5.26,review
traveling,16,6.78,review
digital,4,6.12,review
iron,12,5.34,review
updated,14,6.06,review
slept,4,6.62,review
firm,8,5.32,review
tv,41,6.7,review
bench,11,5.32,review
studying,3,5.56,review
policy,31,4.74,review
manual,1,5.76,review
agency,3,5.26,review
concentrate,2,5.74,review
channels,5,5.72,review
espn,1,5.62,review
nba,2,5.36,review
playoffs,2,5.66,review
colts,1,5.34,review
occurred,7,5.34,review
monitoring,4,5.06,review
systems,3,5.22,review
laws,4,5.08,review
handful,16,5.64,review
ruby,6,6.78,review
sunshine,4,7.94,review
existed,4,6.35,review
headed,19,5.8,review
cane,6,4.82,review
em,6,4.78,review
gee,1,5.54,review
whose,10,4.88,review
hearing,24,5.82,review
pride,9,6.54,review
nurse,11,6.2,review
month,70,5.18,review
wore,8,4.76,review
glasses,36,5.5,review
happening,17,5.72,review
meanwhile,5,5.28,review
competitive,7,5.46,review
deliver,26,6.24,review
manner,24,5.38,review
figure,17,5.5,review
gift,48,7.72,review
heck,11,4.48,review
noted,13,5.08,review
fills,14,5.51,review
wines,26,6.28,review
eagles,4,6.16,review
wide,33,5.46,review
liquor,23,5.36,review
jewish,7,5.72,review
brooklyn,2,5.54,review
rainbows,1,8.06,review
rye,8,5.32,review
baltimore,1,5.38,review
blog,1,6.02,review
pics,13,6.4,review
penny,10,6.22,review
stress,13,2.86,review
sometimes,76,5.28,review
contains,4,5.71,review
sooner,11,6.24,review
hunt,8,4.32,review
rides,9,6.44,review
rode,7,5.66,review
tickets,17,6.34,review
warning,15,3.34,review
shut,19,3.56,review
wasted,14,2.78,review
closed,85,3.66,review
animals,24,6.68,review
pastor,7,5.5,review
band,48,6.42,review
preparations,1,5.94,review
gorgeous,26,7.42,review
books,37,7.28,review
dvds,5,6.24,review
facebook,10,6.08,review
terms,28,4.54,review
means,39,5.64,review
mi,20,5.02,review
crack,12,3.72,review
tight,23,4.6,review
im,23,5.02,review
peanut,44,6.06,review
loose,13,3.96,review
dream,20,7.1,review
version,16,5.28,review
twist,16,5.21,review
crumble,3,4.08,review
gives,33,6.5,review
fruits,13,7.31,review
telling,34,5.3,review
bits,12,5.22,review
fear,8,2.32,review
planet,7,6.52,review
drunken,11,3.53,review
informal,3,5.98,review
register,28,5.26,review
practically,12,6.1,review
purple,6,6.04,review
fuckin,1,3.86,review
steps,20,5.38,review
fucked,1,3.56,review
shitty,3,2.58,review
separate,29,4.32,review
charges,18,3.94,review
agreed,30,6.98,review
aid,3,6.24,review
plaza,18,6.28,review
suffered,2,2.24,review
wake,8,4.72,review
mars,1,5.68,review
bike,33,6.72,review
strictly,1,4.35,review
david,25,5.5,review
schedule,35,5.02,review
precious,3,7.34,review
saved,22,6.88,review
monster,6,3.46,review
balance,23,6.18,review
sought,1,5.06,review
trek,3,5.48,review
yo,8,5.34,review
jim,12,5.26,review
tom,27,5.42,review
judge,11,4.92,review
doctor,41,5.34,review
yards,5,5.38,review
pale,6,3.8,review
tout,2,4.83,review
range,32,5.56,review
currently,13,5.34,review
bury,1,2.93,review
avoid,50,3.14,review
associates,11,5.56,review
oven,23,6.08,review
throw,25,5.0,review
distribution,1,5.4,review
bare,9,5.12,review
mistakes,16,2.92,review
sucked,9,3.48,review
preparation,9,6.06,review
pilot,4,6.0,review
connection,5,5.82,review
lion,6,6.18,review
beware,23,4.22,review
typically,37,5.12,review
couples,7,6.5,review
ken,3,5.12,review
kentucky,2,5.8,review
h,8,4.8,review
diego,2,5.06,review
screaming,7,2.96,review
tend,16,5.3,review
expert,11,6.64,review
saturdays,11,7.52,review
shift,8,5.26,review
kerry,3,5.06,review
roy,2,5.14,review
replace,27,5.04,review
tank,5,4.44,review
electrical,4,5.54,review
capable,4,6.74,review
difficulty,2,3.38,review
searched,4,5.19,review
depot,8,5.16,review
amazon,5,6.8,review
eventually,19,5.28,review
platform,1,5.16,review
google,11,7.2,review
reflected,3,5.52,review
decision,25,5.06,review
basement,5,5.18,review
closet,4,5.18,review
transport,3,6.04,review
unit,22,5.5,review
connect,6,5.86,review
cleaning,51,5.6,review
richard,10,5.26,review
vary,2,5.62,review
mason,5,5.36,review
operated,2,5.14,review
listen,29,5.94,review
ground,26,5.26,review
specifically,28,5.5,review
bell,19,5.58,review
selling,14,5.76,review
flowers,17,7.56,review
pain,62,2.1,review
explains,8,5.66,review
considerably,3,5.75,review
fewer,5,3.72,review
layout,11,5.86,review
gray,6,4.62,review
metal,12,5.44,review
freaky,1,4.64,review
thanksgiving,11,7.4,review
mmm,5,5.7,review
feather,1,6.52,review
hint,17,6.04,review
oz,32,5.36,review
wireless,4,6.18,review
phones,17,6.2,review
realize,21,5.84,review
attached,17,5.58,review
regularly,14,5.94,review
tweeted,1,5.44,review
reached,4,6.08,review
resolution,6,6.18,review
expense,5,3.96,review
print,7,5.26,review
shake,20,5.14,review
soldiers,1,5.38,review
seeing,35,6.38,review
import,1,5.72,review
dc,6,5.22,review
flipped,1,4.82,review
ron,5,5.0,review
japan,3,6.0,review
poem,1,6.52,review
hoffman,1,5.32,review
bee,7,5.36,review
frequent,30,5.78,review
dancing,11,7.08,review
tourists,10,6.08,review
lounge,30,6.5,review
jazz,30,6.42,review
advertising,2,5.04,review
wallet,9,5.94,review
roast,36,6.5,review
ass,27,3.86,review
young,64,6.82,review
ring,27,6.32,review
apparent,4,5.6,review
annoy,1,3.1,review
fantasy,1,7.44,review
perhaps,44,4.96,review
layers,13,5.6,review
fall,34,4.04,review
wet,20,5.14,review
growing,15,6.52,review
bottom,30,4.44,review
gentleman,14,6.96,review
suit,12,5.3,review
exciting,23,7.58,review
train,11,5.98,review
awhile,30,4.84,review
carrier,2,5.26,review
dropped,31,3.88,review
animal,13,6.8,review
complaint,47,2.86,review
persian,1,5.24,review
elliott,1,5.26,review
denied,5,2.54,review
fifteen,5,5.86,review
warned,10,3.52,review
twenty,13,5.9,review
reply,10,5.62,review
display,16,5.62,review
concern,16,4.04,review
reasonably,32,6.27,review
wednesday,35,5.38,review
became,21,5.62,review
weed,4,4.44,review
bricks,1,5.46,review
stack,9,5.1,review
timing,8,5.66,review
pad,42,5.14,review
cruise,8,6.7,review
confusion,10,3.32,review
displayed,9,5.9,review
complicated,4,3.34,review
customs,3,5.36,review
somebody,7,5.3,review
port,5,5.36,review
directions,5,5.26,review
proper,12,5.94,review
bon,3,5.6,review
voyage,1,6.9,review
melissa,13,5.5,review
pressed,11,4.62,review
hoping,32,7.04,review
everybody,7,6.2,review
thoroughly,26,5.76,review
degrees,7,5.68,review
scheme,3,4.82,review
fed,13,5.78,review
freedom,2,7.9,review
hater,2,2.84,review
honesty,5,7.76,review
favor,28,6.0,review
deserve,14,6.4,review
strawberry,30,7.14,review
insane,7,3.04,review
massive,18,5.34,review
disappear,4,3.65,review
drops,9,4.96,review
specific,30,5.6,review
setting,25,5.02,review
health,37,7.22,review
wasting,4,3.22,review
disc,3,5.7,review
feeling,58,5.7,review
relief,7,6.86,review
nerve,6,4.82,review
er,2,4.54,review
blessed,4,7.78,review
calories,10,4.22,review
indian,31,6.26,review
expand,4,6.04,review
sour,46,4.06,review
screw,8,4.2,review
williams,2,5.2,review
fires,1,4.26,review
sharp,9,4.84,review
compare,18,5.32,review
regard,6,5.66,review
speed,19,6.24,review
frequency,2,5.6,review
dial,5,5.56,review
pies,16,6.8,review
observed,3,5.74,review
putting,38,5.4,review
acceptable,22,6.67,review
traded,1,5.52,review
cultures,5,6.51,review
quiet,46,5.5,review
supports,4,6.22,review
poverty,1,1.98,review
carefully,6,5.78,review
countries,1,5.68,review
loop,6,5.46,review
fox,6,5.46,review
den,3,5.44,review
destination,9,6.4,review
indiana,11,5.66,review
nephew,4,6.54,review
girlfriend,43,7.04,review
evident,5,5.67,review
frustrated,13,2.9,review
annoyed,31,2.58,review
patiently,5,6.12,review
potentially,4,5.96,review
reflect,3,6.28,review
properties,6,5.54,review
alot,7,5.56,review
bo,5,4.92,review
prepare,15,5.66,review
prince,8,6.44,review
gladly,8,7.26,review
accidentally,9,3.98,review
hearts,6,7.26,review
hug,1,7.58,review
pace,9,5.64,review
encouraged,2,6.98,review
onset,1,5.04,review
unable,20,3.1,review
rank,4,5.72,review
club,26,5.86,review
alicia,3,5.52,review
push,10,4.44,review
aside,24,4.76,review
representative,6,4.92,review
alert,2,5.28,review
advance,26,6.58,review
bullets,1,3.06,review
golf,9,5.56,review
matt,13,5.26,review
obvious,12,5.64,review
lessons,5,5.98,review
managers,24,5.1,review
brush,6,5.56,review
mo,6,4.94,review
yikes,1,4.32,review
michigan,2,5.32,review
jimmy,10,5.36,review
likely,32,6.44,review
hosting,3,5.9,review
concert,9,6.94,review
amounts,6,5.86,review
earn,5,7.5,review
somehow,22,5.14,review
breast,20,6.22,review
ill,8,2.42,review
bored,4,3.04,review
bug,10,3.54,review
grass,9,6.46,review
plant,9,6.74,review
personnel,5,5.38,review
interest,9,6.36,review
donald,5,5.48,review
quantity,16,5.8,review
lisa,4,5.6,review
stephanie,1,5.48,review
pro,14,5.88,review
blah,15,4.2,review
sense,31,6.3,review
grief,4,2.33,review
powder,10,5.74,review
toll,2,4.06,review
individual,17,5.72,review
whom,5,4.94,review
bros,6,5.34,review
upper,8,5.82,review
deck,28,5.44,review
couldnt,5,3.58,review
among,17,5.66,review
pour,20,5.18,review
cole,9,5.04,review
serious,23,4.42,review
dont,34,3.7,review
x,28,4.92,review
banging,5,4.94,review
sweetest,4,7.92,review
female,9,6.88,review
names,14,5.32,review
cupcakes,20,7.7,review
valentines,3,7.3,review
cupcake,11,7.5,review
cherry,19,7.04,review
according,14,5.1,review
supporting,9,6.48,review
wonderland,3,7.35,review
soccer,4,6.44,review
international,9,6.56,review
approve,6,6.66,review
loco,3,5.04,review
mexico,8,5.84,review
nonetheless,12,4.86,review
loyal,10,7.46,review
mission,8,5.68,review
demand,6,4.14,review
benefit,9,6.96,review
dear,4,6.94,review
hasta,1,5.18,review
vista,2,6.0,review
particle,1,5.53,review
tax,20,2.86,review
discount,37,7.2,review
nova,1,5.3,review
lying,8,2.58,review
follow,30,5.66,review
guidelines,6,5.26,review
otherwise,39,4.74,review
fog,4,4.9,review
rolling,14,5.7,review
marine,1,5.72,review
conservation,2,6.6,review
coast,14,6.44,review
birth,2,7.12,review
exercise,7,6.3,review
nuts,14,5.86,review
remains,6,4.42,review
alright,27,6.08,review
covering,3,5.36,review
lcd,2,5.22,review
genius,11,7.6,review
circus,11,6.56,review
elizabeth,8,6.14,review
hi,16,6.74,review
waters,11,6.32,review
bars,36,5.68,review
educated,2,7.29,review
smells,19,4.18,review
himself,25,5.42,review
jump,8,5.48,review
ai,1,4.98,review
o,65,4.96,review
recognize,7,6.08,review
bud,3,5.54,review
suck,8,3.14,review
taxes,7,2.7,review
administration,1,4.84,review
cheer,2,7.46,review
oregon,2,6.0,review
senior,5,5.64,review
eric,15,5.08,review
sons,9,6.78,review
f,29,4.64,review
dec,2,5.38,review
march,10,5.78,review
deposit,12,6.36,review
april,7,6.36,review
knocking,5,5.2,review
trips,10,6.98,review
dealer,12,4.72,review
enterprise,3,6.24,review
highway,9,5.48,review
gear,4,5.34,review
official,5,5.38,review
ford,23,5.62,review
technical,2,5.38,review
bulletin,1,5.58,review
happens,21,5.2,review
published,1,6.32,review
software,1,6.3,review
requires,6,4.68,review
grease,17,4.36,review
com,23,5.42,review
anybody,9,4.96,review
struggling,4,2.72,review
vehicles,12,6.28,review
hoped,13,6.28,review
build,20,6.22,review
relationship,7,7.04,review
fixing,12,6.0,review
ratings,3,5.9,review
latter,4,5.12,review
hunger,5,3.37,review
yay,10,6.1,review
ghetto,5,3.44,review
rats,1,3.29,review
destroyed,3,2.04,review
agreement,7,6.32,review
fits,10,4.72,review
muffin,21,6.76,review
saves,4,6.38,review
appointed,4,5.7,review
ease,19,6.52,review
laughed,9,8.26,review
answered,32,6.22,review
storage,11,5.44,review
spit,6,3.14,review
tied,2,4.4,review
till,21,5.22,review
cheap,84,5.48,review
jack,20,5.5,review
ghost,12,3.64,review
loaded,27,5.47,review
unlimited,7,6.6,review
leads,3,6.06,review
lacking,26,3.71,review
snow,12,6.32,review
fav,13,5.96,review
requirements,1,4.98,review
cooler,20,6.28,review
gaming,3,6.42,review
tournament,2,6.18,review
gate,12,5.18,review
hurry,11,4.34,review
organic,22,6.32,review
diet,9,4.62,review
vet,35,5.52,review
runs,11,5.62,review
cheat,6,2.44,review
thirty,6,5.79,review
surprising,11,6.74,review
hats,9,6.41,review
pat,11,5.6,review
hurricane,5,2.54,review
southern,29,5.64,review
ella,3,5.37,review
warming,4,5.58,review
naked,5,5.9,review
avoided,8,3.98,review
yelling,15,3.08,review
errands,5,4.44,review
conscious,8,6.14,review
rockville,3,5.62,review
opportunity,34,7.14,review
linger,2,5.2,review
categories,1,5.52,review
slim,8,6.06,review
surf,5,6.52,review
blend,13,5.72,review
goals,3,6.98,review
august,7,5.98,review
ny,18,5.54,review
interactive,6,6.04,review
replaced,19,4.34,review
escape,11,5.64,review
challenging,6,6.1,review
puts,14,5.1,review
shoulders,6,6.1,review
devices,3,5.92,review
deals,18,6.5,review
handle,27,5.54,review
possible,53,6.24,review
concerns,20,4.06,review
willie,3,5.12,review
cutest,8,7.62,review
wheel,4,5.78,review
loads,5,5.2,review
included,30,6.16,review
ginger,30,5.76,review
shortly,16,5.58,review
odd,28,4.66,review
pa,17,5.32,review
swing,8,6.3,review
france,3,6.32,review
disappeared,11,3.44,review
photo,30,6.88,review
kidding,15,6.4,review
drawing,5,6.58,review
tattoo,15,5.08,review
shame,41,2.68,review
artist,16,6.74,review
nevertheless,2,4.88,review
scene,25,5.94,review
endless,10,5.32,review
trained,18,5.86,review
foster,8,5.12,review
mercedes,7,6.51,review
benz,2,5.84,review
facility,25,5.26,review
considering,48,5.6,review
routine,9,5.1,review
record,12,5.78,review
chrysler,3,5.3,review
jeep,10,5.96,review
tire,41,4.65,review
filter,4,5.46,review
wheels,3,6.16,review
anxiety,6,3.03,review
session,15,5.34,review
developed,4,6.36,review
glorious,7,7.74,review
marathon,4,5.56,review
messages,6,5.98,review
invited,10,6.54,review
camera,6,6.8,review
creepy,10,3.46,review
situations,8,5.45,review
squeeze,10,5.08,review
hurts,2,2.14,review
term,11,4.94,review
minimum,15,4.14,review
brief,8,5.5,review
movement,3,5.94,review
tours,31,6.68,review
reserved,6,4.78,review
partner,21,6.7,review
classes,28,5.84,review
consulting,1,5.6,review
companies,14,5.26,review
websites,2,6.24,review
seo,2,4.86,review
page,21,5.62,review
wordpress,1,5.38,review
blogs,1,5.84,review
os,12,5.02,review
develop,4,6.26,review
campaigns,1,4.9,review
strategies,1,6.14,review
primary,6,5.88,review
varied,8,5.56,review
crave,8,4.92,review
atm,12,5.7,review
gambling,2,4.16,review
wed,4,6.16,review
thurs,2,5.44,review
fri,3,6.18,review
stations,8,5.44,review
cousin,7,6.42,review
rental,15,4.9,review
headache,11,1.98,review
notes,8,5.54,review
emails,16,6.54,review
subsequent,3,5.45,review
hotels,11,6.26,review
rates,10,4.84,review
significantly,3,6.08,review
thrown,11,4.46,review
pleasure,17,8.08,review
arizona,5,5.58,review
z,6,5.08,review
interpretation,1,5.84,review
painted,11,6.3,review
sensation,4,6.68,review
jordan,2,5.44,review
cakes,44,7.56,review
dancers,3,6.7,review
def,19,4.96,review
rob,4,3.12,review
aaron,4,5.1,review
future,56,6.76,review
research,11,6.46,review
hired,7,6.7,review
nature,11,7.24,review
measure,8,5.32,review
quote,24,5.46,review
kindness,9,7.4,review
desired,17,6.6,review
fence,14,5.08,review
contract,13,5.46,review
signed,12,5.72,review
project,12,5.74,review
tore,1,3.62,review
thousand,7,5.9,review
timeline,2,5.54,review
delays,3,3.44,review
screamed,5,3.27,review
allowed,21,5.96,review
permit,6,5.9,review
holes,7,4.62,review
dug,5,4.96,review
news,15,5.6,review
corners,7,5.02,review
lesser,3,4.1,review
stairs,11,5.12,review
leading,7,6.64,review
lawn,8,6.0,review
altogether,6,6.4,review
edge,5,4.98,review
discussed,10,5.56,review
understood,11,6.58,review
violations,1,2.86,review
exceed,3,5.96,review
completion,3,6.78,review
send,43,5.38,review
remaining,7,5.16,review
reviewer,4,4.92,review
include,14,5.94,review
religious,6,5.46,review
beliefs,2,6.0,review
pitch,3,5.62,review
threats,1,2.88,review
earth,17,6.44,review
hr,9,4.86,review
filthy,11,2.82,review
ham,28,5.66,review
washing,4,5.3,review
crossed,5,4.7,review
oak,8,6.18,review
tes,1,4.94,review
du,11,4.88,review
ne,1,4.82,review
les,2,4.76,review
bees,2,5.6,review
rabbit,2,7.1,review
liking,22,6.86,review
opposed,4,3.32,review
continuing,4,5.76,review
tradition,7,6.4,review
maureen,3,5.34,review
divided,4,4.36,review
smiling,12,7.58,review
hat,15,5.7,review
deserves,13,5.88,review
access,14,5.88,review
setup,14,4.84,review
cracked,9,3.98,review
shaped,11,5.8,review
opens,3,5.92,review
slight,10,4.7,review
glance,6,6.0,review
lovers,18,7.54,review
papa,1,6.76,review
korean,41,5.48,review
creating,4,6.72,review
edges,7,5.1,review
dash,3,5.36,review
historic,10,5.92,review
queens,3,6.38,review
grand,29,7.06,review
dudes,2,5.62,review
sum,11,5.82,review
circle,15,5.58,review
lay,8,5.58,review
moderate,3,5.34,review
terry,4,5.42,review
trading,3,6.2,review
berry,8,6.32,review
contained,6,5.12,review
omitted,3,3.92,review
substitute,7,4.88,review
listed,22,5.08,review
bet,12,5.24,review
led,12,5.48,review
pages,3,5.62,review
conventional,2,5.02,review
corrected,5,5.58,review
runner,3,5.6,review
ordinary,5,5.02,review
episode,3,5.76,review
noble,6,7.0,review
presented,25,5.74,review
adults,12,6.06,review
remedy,3,6.45,review
dust,8,3.6,review
finger,16,5.36,review
efforts,2,5.6,review
initial,20,5.42,review
monthly,8,5.42,review
promise,13,7.18,review
text,18,5.38,review
tools,6,5.54,review
seek,6,5.72,review
opportunities,4,7.46,review
court,12,3.78,review
depending,13,4.74,review
gold,9,7.56,review
rid,7,4.1,review
membership,13,6.06,review
practice,18,5.8,review
agriculture,1,6.5,review
pump,3,5.22,review
fraud,2,2.3,review
sol,3,5.66,review
starving,11,2.58,review
load,12,4.74,review
shakes,6,4.69,review
killer,12,2.42,review
hut,9,5.04,review
queen,9,6.24,review
settled,17,5.74,review
hook,9,4.74,review
form,21,5.28,review
arch,5,5.79,review
gonna,22,4.86,review
recovered,4,6.64,review
plain,35,5.0,review
wound,7,2.96,review
smiles,11,7.76,review
bitter,16,3.0,review
kara,2,5.43,review
approach,8,5.94,review
becomes,5,5.8,review
traditional,38,6.12,review
successful,9,8.16,review
floating,6,6.4,review
track,22,5.14,review
addressed,7,5.8,review
apartment,40,5.6,review
economy,3,4.38,review
adorable,14,7.32,review
journey,2,7.14,review
sessions,5,5.48,review
float,10,6.02,review
aspect,10,5.66,review
bella,3,6.06,review
sera,1,5.18,review
trade,22,6.18,review
varieties,10,6.62,review
manage,9,5.74,review
neighbor,13,6.08,review
danny,3,5.58,review
palm,8,5.48,review
background,14,5.42,review
ugh,10,3.52,review
touching,6,6.61,review
outdated,10,3.66,review
fest,8,6.42,review
ugly,7,2.74,review
theme,13,6.12,review
btw,15,4.98,review
buyers,3,5.9,review
december,9,6.34,review
payments,5,5.76,review
excuses,5,3.84,review
auto,23,5.66,review
potential,26,6.68,review
insisted,16,4.58,review
blues,8,4.56,review
brothers,6,6.98,review
named,16,5.58,review
dead,22,2.0,review
pushing,3,4.14,review
angle,1,5.9,review
volume,3,5.78,review
easier,10,7.56,review
rub,8,5.5,review
succeed,2,7.76,review
fails,5,2.06,review
shell,31,5.73,review
standing,37,5.36,review
prose,1,5.98,review
forced,16,3.16,review
courses,16,5.8,review
burned,15,2.9,review
tells,19,5.32,review
bow,3,5.5,review
ties,2,5.24,review
scare,5,3.04,review
guessing,7,4.72,review
tall,15,5.84,review
excessive,7,4.7,review
adequate,6,5.66,review
pile,7,4.66,review
mixed,54,5.48,review
pouring,10,5.26,review
alleged,1,4.0,review
hype,21,5.16,review
tissue,5,5.41,review
aggressive,13,3.8,review
pounding,1,4.24,review
english,26,6.58,review
compete,3,5.66,review
sore,2,2.94,review
boost,2,6.48,review
stared,4,4.98,review
yours,6,6.24,review
waste,44,2.7,review
york,18,5.62,review
dentist,18,3.36,review
teeth,12,5.36,review
floss,2,5.55,review
sensitive,13,4.86,review
sensitivity,4,5.38,review
uses,3,5.72,review
hurting,3,2.36,review
hurt,16,2.18,review
chew,12,5.58,review
detailed,7,5.72,review
til,7,5.0,review
caused,20,4.54,review
lawyer,7,3.84,review
relations,3,6.3,review
vip,4,6.24,review
residential,5,5.92,review
fucking,8,4.64,review
junk,5,3.82,review
tyler,4,5.28,review
celebrated,5,7.8,review
sounded,16,5.36,review
injury,6,2.04,review
liable,1,4.44,review
educational,4,6.4,review
coolest,4,6.78,review
admission,4,5.78,review
parents,15,7.36,review
sneak,5,4.3,review
museums,1,6.78,review
rebel,1,4.38,review
flag,11,6.26,review
din,5,4.31,review
fail,10,1.96,review
wakes,1,5.36,review
shouting,9,3.42,review
generous,59,7.3,review
hip,19,5.88,review
characters,2,5.78,review
nightmares,3,2.56,review
sponsored,2,5.54,review
map,6,5.5,review
trucks,6,5.36,review
accident,9,2.32,review
prizes,4,7.2,review
exchanges,1,5.66,review
hrs,10,5.04,review
luck,20,7.26,review
stains,15,3.55,review
basket,16,6.02,review
nieces,2,6.66,review
behold,4,6.2,review
remind,5,5.32,review
bang,16,3.96,review
county,15,5.3,review
broad,10,5.58,review
mixture,5,5.9,review
lace,2,5.74,review
tiger,2,6.18,review
wednesdays,8,5.76,review
closer,31,5.82,review
da,146,4.92,review
plays,5,6.72,review
bear,3,5.86,review
windy,3,5.3,review
assembled,1,6.31,review
bash,2,4.16,review
dimes,1,6.06,review
bomb,14,1.96,review
dot,1,5.28,review
quicker,2,6.12,review
relatives,5,6.6,review
purpose,10,6.04,review
involved,13,5.82,review
residents,3,5.66,review
maker,2,5.82,review
alley,12,4.74,review
content,6,6.02,review
victory,3,7.98,review
golden,15,7.3,review
monkey,7,6.28,review
minds,5,6.16,review
rum,20,6.29,review
punch,7,3.58,review
buddy,8,6.84,review
talks,7,5.82,review
dying,5,2.1,review
resist,9,4.74,review
lazy,14,3.28,review
cookies,31,7.28,review
matthew,1,5.46,review
bases,6,5.1,review
diary,1,5.94,review
attract,2,6.72,review
description,9,5.8,review
cure,6,7.14,review
interface,2,5.49,review
majority,7,5.9,review
kingdom,1,6.2,review
kanye,1,4.24,review
teen,3,5.92,review
cyber,1,5.88,review
hall,22,5.36,review
electronic,3,6.4,review
praise,4,7.52,review
paris,9,6.86,review
reception,11,6.46,review
lake,7,6.74,review
supply,5,5.76,review
coordinator,2,5.88,review
imagined,5,6.36,review
photographer,1,6.64,review
kiss,2,7.64,review
workout,9,5.78,review
sample,35,5.84,review
links,3,5.6,review
toe,7,5.1,review
formula,3,5.68,review
talent,2,7.06,review
barrel,10,5.42,review
ruin,8,2.68,review
featured,8,5.9,review
seattle,3,5.9,review
intelligent,1,7.35,review
literary,1,6.46,review
legacy,9,5.9,review
surrounds,1,5.72,review
pic,10,5.98,review
hottest,3,5.78,review
boys,19,6.16,review
harry,5,5.24,review
canal,6,5.72,review
surrounded,5,4.72,review
dusk,2,5.69,review
crawl,4,4.84,review
amendment,1,5.52,review
ish,16,4.86,review
apps,19,5.58,review
bobby,5,5.54,review
finance,5,4.9,review
award,7,7.86,review
winning,3,8.04,review
pink,20,6.32,review
wise,11,7.1,review
alternative,15,5.94,review
epic,6,6.3,review
spanish,13,5.82,review
et,4,5.1,review
matches,5,5.56,review
msg,6,4.94,review
olive,27,6.0,review
canadian,6,5.84,review
ta,1,4.76,review
held,18,5.28,review
pointing,5,5.16,review
hood,4,4.82,review
rat,4,3.04,review
bf,8,5.96,review
jesus,4,6.52,review
tommy,6,5.62,review
everytime,10,5.48,review
method,2,5.56,review
entirely,16,5.6,review
spray,10,5.3,review
tan,6,5.38,review
reference,8,5.52,review
glow,2,7.28,review
studio,14,6.34,review
result,15,6.0,review
counting,5,5.22,review
mainly,16,5.26,review
bears,2,5.58,review
noting,3,4.94,review
stranger,5,4.16,review
chicago,20,5.84,review
tuesdays,4,5.36,review
tested,4,5.16,review
fee,46,3.46,review
learned,21,6.92,review
invite,1,6.64,review
finds,5,5.94,review
childhood,2,6.84,review
current,12,5.58,review
satisfactory,4,6.44,review
uncle,4,6.8,review
transition,7,5.3,review
ht,1,4.84,review
penn,3,5.42,review
campus,9,6.04,review
lil,10,5.2,review
idk,4,4.28,review
subject,2,5.44,review
southwest,8,5.82,review
airlines,4,5.6,review
bizarre,4,4.92,review
feared,2,3.14,review
dum,4,4.42,review
fortune,3,7.3,review
drew,9,5.66,review
figured,28,5.4,review
eve,11,5.62,review
evidence,2,5.64,review
managed,19,5.68,review
chains,16,4.53,review
bind,1,4.6,review
comedy,7,7.98,review
wit,2,6.44,review
rachel,6,5.76,review
comics,1,6.88,review
gf,13,5.74,review
steel,3,5.08,review
swim,3,6.84,review
toss,1,5.42,review
measures,3,5.04,review
source,7,5.72,review
exam,12,4.18,review
contacts,8,6.22,review
fees,15,3.68,review
conditions,4,4.78,review
miserable,8,2.54,review
authorities,1,4.38,review
alive,5,7.18,review
cab,7,5.2,review
produce,21,6.26,review
considered,15,5.9,review
hundred,4,5.82,review
compensation,3,6.52,review
companion,9,7.24,review
stripped,3,4.65,review
gps,2,5.66,review
exclusively,3,6.12,review
ad,5,4.92,review
root,20,5.8,review
pregnant,9,6.22,review
ditch,1,4.34,review
witch,3,3.8,review
rings,26,6.36,review
reputation,1,6.28,review
handsome,2,7.54,review
hooked,12,4.94,review
fridays,5,7.1,review
streets,12,5.64,review
drift,8,4.76,review
og,3,4.86,review
decade,6,5.2,review
weekly,14,5.3,review
worldwide,2,6.56,review
calendar,3,5.3,review
seasons,6,6.76,review
farmers,13,6.34,review
payment,8,4.7,review
troubled,1,2.78,review
involves,1,5.73,review
seed,2,6.14,review
sweetness,12,7.88,review
legend,1,6.5,review
symphony,1,6.58,review
rendered,4,5.14,review
definite,2,6.36,review
breathing,4,6.26,review
sometime,8,4.9,review
doe,1,5.9,review
v,10,4.66,review
entertainment,14,7.76,review
automatic,2,6.0,review
suggests,1,5.68,review
sets,11,5.08,review
pumpkin,23,6.48,review
former,12,4.52,review
wendy,6,5.7,review
youth,4,6.62,review
wayne,1,5.1,review
dave,10,5.3,review
blast,22,4.22,review
poker,3,5.78,review
feat,1,5.7,review
press,4,5.36,review
vine,4,5.92,review
belonged,2,6.56,review
bryan,3,5.1,review
moreover,2,5.2,review
hush,11,5.0,review
lesson,8,5.3,review
lee,5,5.3,review
facilities,7,5.76,review
happiness,3,8.44,review
moral,3,6.54,review
melting,8,5.14,review
wanna,9,5.5,review
rogers,5,5.1,review
resident,4,5.78,review
removal,5,4.43,review
roger,2,5.3,review
indicated,2,5.0,review
referred,13,5.62,review
mr,17,5.26,review
uh,4,4.2,review
confusing,13,3.56,review
snl,1,5.42,review
quotes,4,5.6,review
elected,2,6.1,review
skip,21,5.32,review
ka,2,4.84,review
warn,6,4.27,review
senses,2,6.1,review
homes,8,6.62,review
oriented,10,5.64,review
cares,18,7.36,review
transaction,3,5.62,review
marketing,6,5.2,review
viewed,1,5.6,review
estate,4,6.2,review
preview,5,5.76,review
sarah,5,5.4,review
taylor,3,5.52,review
carolyn,2,5.42,review
wax,13,5.44,review
dominant,1,5.19,review
culture,13,6.72,review
hampshire,1,5.56,review
didnt,14,4.0,review
hospital,22,3.5,review
y,25,4.48,review
discharge,1,4.04,review
appearance,8,5.8,review
adopted,2,5.86,review
kitten,1,7.64,review
midst,2,5.61,review
starts,35,5.96,review
exams,1,3.78,review
reliable,16,7.0,review
hitting,7,3.68,review
urban,12,5.84,review
smith,1,5.1,review
mirrors,3,6.1,review
locker,12,5.16,review
owns,5,6.0,review
opinions,2,5.71,review
fry,10,5.62,review
perspective,6,6.04,review
tub,11,5.62,review
cigarette,7,3.09,review
dusty,3,3.92,review
tie,11,5.5,review
ca,5,5.1,review
g,13,4.94,review
transmission,4,5.5,review
guidance,2,6.56,review
footage,2,5.68,review
madame,3,6.1,review
engaged,6,6.16,review
knock,10,4.86,review
sodium,4,4.68,review
variation,2,5.5,review
controlled,3,4.4,review
listened,12,6.2,review
final,15,5.02,review
worlds,1,6.24,review
feeding,7,6.3,review
cali,9,5.06,review
washington,11,6.04,review
knocks,2,5.41,review
understands,2,6.86,review
tone,12,5.44,review
sincere,2,7.1,review
directed,5,5.46,review
toyota,12,5.92,review
dealers,3,4.74,review
concerning,6,4.24,review
trailer,5,5.52,review
toronto,1,5.82,review
meant,9,5.44,review
heartbeat,2,6.78,review
showing,9,5.84,review
plants,13,7.1,review
reality,6,5.94,review
climate,1,5.8,review
determine,4,5.8,review
solutions,3,6.64,review
competitors,3,4.38,review
jerk,13,3.24,review
burn,6,2.92,review
forever,44,6.46,review
burns,3,2.78,review
roads,1,5.8,review
guitars,1,6.74,review
heavy,30,4.1,review
instance,8,5.42,review
kelly,3,5.56,review
route,8,5.48,review
believer,3,6.46,review
drum,3,5.98,review
university,13,6.74,review
wi,11,5.36,review
fi,12,4.9,review
prevent,3,5.16,review
instruction,4,5.83,review
therapy,5,5.46,review
singular,1,5.3,review
cartoon,1,7.2,review
precise,3,6.1,review
angel,6,7.68,review
allison,1,5.58,review
coupon,24,6.56,review
broadway,6,6.36,review
lets,12,5.58,review
hiding,3,4.34,review
spam,1,2.7,review
tuned,2,6.0,review
twisted,2,4.12,review
pets,7,7.22,review
operate,3,4.74,review
sight,14,6.18,review
ache,2,2.68,review
rarely,13,4.38,review
fulfill,2,6.9,review
grandson,4,7.32,review
clinic,9,4.16,review
protect,4,6.8,review
incident,14,4.02,review
report,11,4.76,review
video,12,6.48,review
filed,1,4.84,review
police,8,4.58,review
annual,9,5.28,review
roommate,7,5.96,review
asap,7,4.8,review
refer,4,5.98,review
reminder,3,5.54,review
regards,4,6.27,review
alma,1,5.62,review
medicine,8,5.08,review
technology,4,6.74,review
cities,3,5.58,review
arise,3,6.2,review
awards,4,7.18,review
ac,27,5.64,review
demanding,3,3.7,review
circumstances,8,4.86,review
karaoke,7,6.1,review
rap,5,4.94,review
flow,5,5.44,review
versions,3,5.44,review
join,13,6.22,review
trail,14,6.14,review
caffeine,7,5.8,review
chi,4,5.46,review
jeans,10,6.34,review
altered,1,4.82,review
pants,12,5.92,review
motor,6,5.48,review
activities,12,6.46,review
approximately,9,5.7,review
acres,1,6.02,review
passes,6,5.44,review
camps,1,5.56,review
central,9,5.6,review
picks,4,5.4,review
claim,11,5.18,review
mental,3,4.8,review
processing,4,5.94,review
guilty,4,2.64,review
ms,6,4.48,review
michelle,4,5.76,review
meds,2,4.78,review
thousands,7,6.14,review
subtle,14,5.84,review
viewing,3,5.76,review
blocks,13,4.54,review
grown,13,6.08,review
sits,9,5.37,review
ipad,2,6.5,review
flown,2,5.64,review
sober,3,5.78,review
platinum,5,6.86,review
hated,5,2.14,review
abandoned,1,2.54,review
frustration,2,2.34,review
colleague,7,5.78,review
chair,20,5.44,review
con,18,3.7,review
dismissed,3,3.14,review
downstairs,22,5.16,review
soo,13,4.9,review
sells,9,5.62,review
forms,3,4.66,review
wasnt,5,3.7,review
parade,4,6.32,review
halloween,8,6.24,review
parks,6,7.14,review
declined,5,3.16,review
negotiate,1,6.08,review
survey,1,6.18,review
ultimately,6,5.72,review
preference,12,6.17,review
shoutout,3,5.58,review
anthony,8,5.34,review
hesitate,6,4.33,review
copies,5,5.28,review
returns,4,5.24,review
combined,12,5.6,review
jacket,5,6.2,review
wind,10,5.8,review
statement,10,5.26,review
september,10,6.34,review
breaks,10,4.42,review
battery,11,5.44,review
october,4,5.88,review
causing,9,4.82,review
draw,7,6.44,review
cock,2,4.8,review
dozen,33,5.46,review
tortured,2,1.82,review
macbook,4,5.98,review
power,14,6.68,review
button,10,5.68,review
logic,4,6.22,review
stain,6,3.39,review
housing,5,6.08,review
damage,31,2.58,review
suspicious,2,3.28,review
computer,8,7.24,review
developer,1,5.7,review
investigate,2,5.1,review
signs,12,5.54,review
component,2,5.56,review
appear,8,5.84,review
investigation,1,4.02,review
spill,3,4.47,review
device,1,5.54,review
retailers,1,5.5,review
media,7,5.62,review
expenses,2,3.32,review
invest,5,6.62,review
shoes,28,6.06,review
extend,4,6.0,review
fuel,7,5.4,review
survival,1,5.86,review
heels,4,5.96,review
sufficiently,3,6.32,review
stretched,4,4.99,review
guards,1,4.3,review
attending,6,6.0,review
historical,6,5.76,review
hence,15,4.98,review
storm,5,4.26,review
dude,13,5.8,review
address,13,5.6,review
theatre,6,6.68,review
arrangements,8,5.7,review
june,8,6.32,review
network,8,6.0,review
physician,3,5.34,review
cross,10,4.68,review
andrea,5,5.34,review
md,1,5.3,review
fe,2,4.96,review
smokin,2,5.1,review
remain,5,5.52,review
lately,9,4.76,review
variations,2,5.86,review
cus,1,4.4,review
hangover,8,2.92,review
grande,2,5.9,review
extreme,6,5.12,review
fame,3,6.5,review
gained,3,6.44,review
canada,4,5.98,review
sounds,23,5.98,review
race,17,5.76,review
teams,2,6.02,review
separately,4,4.55,review
poll,3,5.62,review
events,21,6.26,review
reduce,1,4.18,review
enormous,8,5.6,review
accordingly,10,5.8,review
georgetown,2,5.36,review
surrounding,7,5.46,review
buses,1,5.02,review
fund,3,6.04,review
installed,19,6.04,review
continuous,1,6.14,review
financial,4,5.42,review
commitment,4,6.32,review
sacred,1,5.62,review
grounds,6,5.68,review
whereas,7,5.0,review
underneath,6,4.72,review
occasionally,6,5.08,review
appreciation,3,7.24,review
racing,6,6.06,review
europe,3,6.4,review
lead,8,6.28,review
necessarily,7,5.08,review
passing,15,5.44,review
delayed,5,3.24,review
lasts,4,5.98,review
switzerland,2,6.76,review
earl,2,5.44,review
battle,2,2.98,review
cc,1,5.04,review
administrative,2,5.1,review
thereof,2,5.0,review
acknowledge,7,6.24,review
guaranteed,6,6.78,review
neat,15,6.72,review
context,3,5.18,review
atl,1,5.06,review
breeze,10,6.88,review
edison,2,6.24,review
cowboy,6,6.24,review
million,9,7.38,review
rodeo,10,5.29,review
cowboys,2,6.22,review
silver,13,6.38,review
boots,17,6.08,review
walmart,15,5.34,review
pretending,3,4.92,review
ya,14,5.22,review
suddenly,4,4.78,review
accent,9,5.62,review
fellas,2,5.53,review
belt,4,5.06,review
image,3,5.94,review
impress,5,6.58,review
hid,2,4.82,review
snake,1,3.5,review
blocked,6,3.64,review
bond,1,5.68,review
raging,2,3.42,review
infection,4,2.84,review
assets,1,6.66,review
justin,4,5.26,review
repeat,20,5.14,review
earrings,3,6.3,review
posting,9,5.52,review
attempting,5,5.98,review
dance,21,7.36,review
yuck,5,3.16,review
curtains,2,5.44,review
newspaper,1,6.32,review
bff,1,6.08,review
shower,20,6.72,review
showers,4,6.56,review
mist,5,5.82,review
hd,1,5.78,review
mornings,8,6.32,review
artificial,6,3.9,review
tries,7,5.58,review
cave,1,5.73,review
channel,3,5.5,review
islands,3,6.58,review
ferry,2,5.98,review
wildlife,3,6.98,review
passionate,3,7.24,review
wealth,3,7.38,review
leader,3,6.38,review
substantial,4,5.94,review
stops,15,4.58,review
buildings,7,5.62,review
incorrect,6,2.84,review
attacked,2,2.52,review
attack,3,2.42,review
career,2,6.66,review
arguing,4,3.06,review
nye,3,4.92,review
heather,2,5.62,review
spoken,8,5.68,review
cant,16,3.48,review
unhappy,12,2.12,review
ex,2,4.18,review
disabled,2,2.82,review
fairfield,1,5.56,review
traveler,4,6.56,review
depend,2,5.24,review
cbs,1,4.96,review
spoon,7,5.98,review
resulted,7,5.62,review
pays,9,6.54,review
tribute,1,6.22,review
catching,2,5.62,review
guilt,2,2.58,review
gardens,5,7.24,review
mere,6,4.7,review
express,16,6.04,review
oscar,5,6.1,review
traders,1,5.58,review
pounds,5,5.3,review
ryan,7,5.52,review
reaching,2,5.6,review
judgement,3,5.04,review
thrill,1,7.08,review
install,11,5.76,review
telecommunications,1,6.1,review
demonstrated,1,5.7,review
drain,4,4.12,review
blew,8,4.52,review
jesse,1,5.38,review
flies,6,3.6,review
wouldnt,6,3.86,review
bacteria,3,3.61,review
sf,2,5.24,review
separated,5,3.4,review
attraction,5,7.82,review
vintage,5,6.26,review
bentley,1,6.1,review
morris,1,5.08,review
album,3,6.6,review
tempo,1,6.08,review
hop,9,5.6,review
dated,8,5.0,review
sam,10,5.42,review
hung,22,4.08,review
secrets,5,5.28,review
beauty,7,7.76,review
toy,2,6.84,review
earns,2,6.94,review
holidays,12,7.96,review
evil,5,1.9,review
poison,4,1.94,review
layer,6,5.64,review
bday,5,7.64,review
mint,9,6.46,review
regardless,17,5.14,review
vast,5,5.64,review
francisco,6,5.6,review
whoa,4,5.22,review
splendid,2,7.86,review
delight,15,7.78,review
employment,1,6.36,review
bodies,2,4.68,review
drug,3,3.2,review
scored,2,6.46,review
babies,7,7.46,review
hardly,18,3.98,review
bills,9,2.82,review
manufacturer,2,5.34,review
blair,1,5.04,review
finest,7,7.66,review
toward,7,6.12,review
township,2,5.48,review
brazilian,9,6.06,review
created,13,6.06,review
bin,4,4.96,review
moments,6,6.1,review
lauren,2,5.56,review
doggy,3,6.71,review
afraid,10,2.66,review
capacity,6,5.5,review
isolation,2,3.14,review
gripe,5,3.84,review
shirts,7,6.14,review
flip,4,5.02,review
shorts,2,5.92,review
pops,8,5.78,review
matters,9,5.24,review
starting,17,6.5,review
vancouver,2,5.32,review
dislike,6,2.88,review
yell,6,3.76,review
conversations,5,6.3,review
las,9,5.06,review
contrary,4,4.24,review
extraordinary,4,7.5,review
madness,2,3.6,review
duration,2,5.42,review
signals,1,5.42,review
sports,24,6.06,review
shells,14,6.06,review
cunningham,1,5.2,review
against,26,3.4,review
lg,3,5.22,review
feedback,8,5.88,review
saddened,1,2.44,review
cherished,1,7.28,review
claims,6,4.72,review
negotiating,3,5.2,review
cycle,2,5.62,review
sp,4,4.88,review
sucking,1,4.16,review
valued,2,6.88,review
awareness,4,6.18,review
ouch,4,2.9,review
foul,1,2.94,review
supermarkets,1,6.44,review
afterward,2,5.22,review
regrets,2,3.08,review
immense,3,5.71,review
al,14,4.9,review
lifetime,6,6.26,review
catch,20,5.74,review
sport,8,6.64,review
adjustment,5,5.22,review
becoming,4,5.82,review
hopes,16,7.0,review
suite,12,6.3,review
blood,16,3.82,review
om,1,5.42,review
theyre,4,5.04,review
ive,11,5.02,review
yall,1,4.96,review
canceled,6,3.24,review
scared,5,2.58,review
indie,4,5.66,review
produced,4,6.3,review
rival,2,3.68,review
nation,2,6.06,review
reflecting,2,5.96,review
markets,3,6.1,review
ups,14,6.08,review
mills,2,5.58,review
swept,1,5.06,review
cage,3,3.44,review
flying,14,6.24,review
freely,1,7.1,review
domestic,2,5.46,review
bird,6,6.64,review
roam,2,6.09,review
approached,11,5.48,review
billboard,2,4.88,review
verbal,4,5.56,review
eddie,2,5.14,review
landmark,3,6.06,review
shoe,6,5.84,review
bout,3,4.56,review
temperature,16,4.94,review
overseas,1,6.06,review
married,8,6.76,review
gifts,9,7.56,review
vest,1,5.36,review
choke,4,3.31,review
recipes,4,6.86,review
remained,7,5.56,review
interactions,1,6.16,review
throwing,14,4.78,review
cuts,20,3.64,review
swinging,4,5.94,review
cigarettes,4,3.31,review
aka,6,4.94,review
occurring,1,5.67,review
qualified,5,6.81,review
title,4,5.6,review
density,2,5.57,review
pipe,2,5.53,review
tobacco,2,3.48,review
bridges,2,6.04,review
marie,2,5.58,review
army,5,4.48,review
fuss,5,4.12,review
reluctant,1,3.94,review
nickel,3,5.56,review
reckless,1,3.74,review
tracks,5,5.28,review
amp,1,5.44,review
hella,4,4.7,review
grant,4,6.34,review
announcement,2,5.38,review
association,1,5.66,review
grove,4,5.8,review
tryna,1,4.88,review
exhibit,5,5.96,review
participate,3,6.4,review
effects,5,5.5,review
gravity,1,5.84,review
waves,2,6.4,review
effect,8,5.16,review
introduce,7,5.86,review
humidity,3,3.98,review
assumed,13,4.96,review
tends,7,5.64,review
jane,7,5.5,review
knife,12,4.08,review
suitable,3,6.6,review
therefore,7,5.08,review
gentle,11,7.24,review
betcha,2,5.02,review
steady,3,6.18,review
stream,2,6.42,review
wild,19,5.5,review
paradise,5,7.92,review
gods,3,6.26,review
temps,1,4.96,review
occupied,9,5.04,review
classy,15,6.72,review
disaster,10,1.96,review
victoria,2,5.88,review
arm,7,5.5,review
het,1,4.88,review
irish,14,5.82,review
turner,2,5.16,review
faded,2,4.34,review
broke,15,2.54,review
improvement,6,6.86,review
unusual,14,4.44,review
suburban,3,5.58,review
clock,4,5.62,review
spirit,4,6.6,review
glowing,2,7.1,review
cos,1,4.7,review
optimistic,3,7.5,review
largely,3,5.96,review
dresses,21,6.62,review
determined,4,6.5,review
repeatedly,4,4.72,review
solve,7,6.58,review
presence,5,6.02,review
lock,12,4.58,review
tenants,5,5.44,review
resolved,4,6.4,review
alarm,9,3.9,review
elevator,13,5.3,review
producing,1,5.84,review
follows,1,5.06,review
ave,28,5.1,review
academy,1,6.04,review
doug,3,5.08,review
downloading,1,6.22,review
craig,1,5.28,review
fingertips,1,5.98,review
challenge,7,5.78,review
expansion,1,6.3,review
roots,4,5.66,review
magazine,9,5.9,review
carries,3,5.46,review
gloria,2,5.36,review
puff,10,5.84,review
construction,6,5.64,review
departure,1,4.76,review
flew,7,5.88,review
frontier,1,5.86,review
pockets,5,5.9,review
downs,3,4.0,review
beard,5,4.82,review
eastern,7,5.76,review
yacht,1,6.16,review
dues,1,4.22,review
darling,3,7.22,review
wheat,10,6.31,review
accustomed,2,5.6,review
lo,9,4.84,review
salvation,4,6.3,review
direction,10,5.54,review
heaven,15,7.86,review
necessity,1,5.2,review
sally,1,5.48,review
pound,11,4.98,review
kobe,3,4.76,review
quartet,2,5.84,review
fate,2,4.78,review
whips,1,4.2,review
chart,3,5.24,review
crawling,3,5.18,review
pig,11,4.76,review
hahaha,1,7.94,review
ft,4,4.86,review
follower,1,5.28,review
gain,2,6.4,review
insight,2,6.24,review
differences,1,4.6,review
versus,7,4.8,review
teenage,4,5.58,review
sheesh,4,4.54,review
blaze,1,5.04,review
fabric,5,5.98,review
stir,10,5.0,review
pirate,3,4.54,review
gun,8,2.82,review
loot,1,5.35,review
motherfucker,1,2.02,review
raised,13,6.56,review
cats,9,6.54,review
teach,2,6.56,review
memorial,2,4.96,review
obliged,3,4.9,review
deposits,1,6.64,review
allowing,10,6.16,review
dread,2,3.2,review
tangled,1,4.38,review
ikea,7,5.48,review
outcomes,1,6.12,review
rug,4,5.22,review
greatly,6,6.86,review
suggesting,2,5.54,review
goal,8,7.02,review
upcoming,2,6.26,review
moms,3,6.88,review
chase,6,4.94,review
expressions,1,6.6,review
losses,1,2.46,review
sparkle,2,7.08,review
california,17,6.08,review
abundant,4,7.16,review
billy,5,4.98,review
leaf,5,6.12,review
strikes,3,4.02,review
relative,4,6.58,review
northwest,2,5.7,review
pennsylvania,5,5.64,review
razor,2,4.94,review
sweeter,5,7.22,review
seal,3,5.86,review
chest,2,5.54,review
lap,3,5.54,review
dangerous,7,2.44,review
whispering,1,5.37,review
blowing,7,5.18,review
personality,12,6.66,review
jealous,1,2.68,review
cardiac,2,4.06,review
arrest,1,2.42,review
stealing,5,2.46,review
vodka,14,5.56,review
nathan,2,5.24,review
addict,2,2.84,review
seeking,5,5.6,review
oxford,2,5.76,review
diagnosis,3,3.98,review
affected,1,4.3,review
sparks,12,6.64,review
swallow,2,5.22,review
reflects,2,5.62,review
attempt,20,5.56,review
smiled,6,8.08,review
russian,3,5.52,review
grandma,8,7.48,review
gregory,3,5.32,review
piano,8,6.94,review
built,14,6.24,review
vampire,1,4.34,review
alabama,4,5.48,review
ga,5,4.66,review
thighs,1,5.58,review
mash,2,5.02,review
mu,1,5.14,review
identical,2,5.7,review
besides,24,5.14,review
died,7,1.56,review
reported,3,5.12,review
colin,1,5.3,review
chapel,4,5.54,review
bastard,2,2.52,review
fooled,3,3.63,review
bedtime,2,6.32,review
meets,4,5.98,review
damaged,12,2.48,review
hosted,3,5.78,review
wider,3,5.34,review
liberties,1,6.68,review
flowing,5,6.3,review
laughter,1,8.5,review
lean,8,5.53,review
visible,10,6.04,review
flights,6,5.98,review
identify,3,5.58,review
label,3,5.32,review
improvements,5,7.08,review
broader,1,5.58,review
reducing,2,4.36,review
constitutional,1,5.86,review
ways,16,5.3,review
weak,10,2.84,review
del,6,5.12,review
diversity,2,5.82,review
saving,13,6.96,review
grace,9,6.86,review
josh,11,5.52,review
select,5,5.42,review
revealed,2,6.35,review
mate,3,6.48,review
flash,6,5.98,review
identified,5,5.32,review
flashing,1,5.78,review
lightning,6,5.2,review
symbol,4,5.64,review
region,4,5.14,review
luv,5,7.2,review
roman,3,5.7,review
selfish,2,2.6,review
benefits,4,7.2,review
ringing,3,5.24,review
dull,5,3.24,review
succession,1,6.2,review
rose,10,7.32,review
royal,2,5.82,review
brilliant,5,7.68,review
packing,4,5.28,review
merchants,2,5.68,review
series,4,5.46,review
operation,6,3.72,review
summary,5,5.56,review
gaze,1,6.06,review
estates,2,5.74,review
fla,3,5.04,review
opposite,9,4.4,review
film,6,6.56,review
shoot,9,3.46,review
familiar,9,6.44,review
hahah,1,7.3,review
thee,1,5.4,review
dee,2,5.04,review
drawn,9,5.66,review
magical,4,7.38,review
inner,5,5.42,review
filing,4,4.92,review
doesnt,3,3.9,review
indians,1,6.3,review
nw,1,4.98,review
promises,2,6.26,review
spreading,2,5.96,review
lip,2,5.9,review
crashed,1,2.46,review
playlist,1,6.18,review
legs,13,6.06,review
rain,14,6.36,review
shine,4,7.14,review
backed,5,5.12,review
virtue,1,6.47,review
bound,3,4.6,review
privately,1,5.76,review
rocked,2,6.16,review
universe,5,6.84,review
formed,4,5.58,review
define,2,5.34,review
forty,4,4.99,review
player,4,5.94,review
encourage,7,6.9,review
trusted,4,6.94,review
indeed,17,6.0,review
stepping,3,5.56,review
british,2,5.66,review
rick,5,5.2,review
assembly,2,5.6,review
mass,11,5.44,review
decreased,1,3.58,review
latest,5,6.06,review
conduct,3,5.14,review
instrument,2,6.22,review
beats,5,4.4,review
pathetic,7,2.76,review
cap,8,5.56,review
jose,9,5.52,review
james,8,5.28,review
bush,2,4.86,review
sue,3,4.3,review
united,3,7.32,review
healthcare,1,5.4,review
transfer,3,5.4,review
material,5,5.62,review
useless,4,2.52,review
reasoning,2,6.3,review
racist,4,2.08,review
shack,9,4.36,review
proposed,1,6.24,review
thickness,4,5.7,review
convince,4,5.78,review
consideration,6,6.12,review
davis,4,5.1,review
delaware,9,5.58,review
castle,8,6.34,review
ratio,9,5.41,review
discover,6,6.84,review
surely,2,6.26,review
beverly,1,5.52,review
hills,5,6.4,review
theaters,4,6.64,review
bent,4,4.72,review
biggie,4,5.7,review
ultimate,9,6.54,review
math,3,5.46,review
babes,2,6.28,review
slam,3,3.98,review
greek,17,6.08,review
production,5,6.02,review
twentieth,1,5.63,review
starring,1,6.06,review
actors,3,6.24,review
andrew,7,5.22,review
plot,3,5.26,review
vice,2,4.16,review
reaches,2,5.96,review
institutions,1,4.68,review
sexual,1,6.2,review
emotional,3,4.42,review
performance,7,6.74,review
donations,2,6.56,review
valuable,1,7.12,review
younger,6,6.4,review
teens,1,5.86,review
bust,5,4.56,review
enemies,2,2.44,review
slip,3,3.82,review
equal,5,6.06,review
sees,6,5.76,review
kicks,2,4.46,review
begins,5,5.94,review
applies,2,5.92,review
av,1,4.94,review
cared,8,6.83,review
consumers,1,5.56,review
miami,5,6.18,review
violation,4,2.74,review
jenny,2,6.0,review
assess,1,5.0,review
capital,4,5.92,review
holds,5,5.4,review
muito,2,4.74,review
bem,2,4.96,review
na,1,4.42,review
hora,1,5.0,review
para,1,5.08,review
dat,1,4.76,review
loan,4,4.22,review
rita,7,4.96,review
memories,12,7.08,review
recipe,9,6.5,review
complexity,2,5.14,review
afford,6,6.16,review
adored,1,7.42,review
discussion,3,5.7,review
regarding,16,5.56,review
slap,5,2.48,review
dedicated,6,6.82,review
cheated,1,2.58,review
traveled,4,6.42,review
abroad,2,6.96,review
unreal,1,4.57,review
haters,2,2.48,review
colleagues,3,6.36,review
rail,1,5.3,review
independence,3,7.28,review
moves,10,5.68,review
shorter,3,4.46,review
joined,6,6.3,review
moan,1,4.27,review
contrast,3,4.94,review
prominent,2,6.26,review
outer,4,5.52,review
forgive,2,6.44,review
adams,1,5.34,review
competing,2,5.02,review
conscience,2,6.0,review
briefly,5,5.2,review
impulse,1,5.8,review
ole,7,5.48,review
jokes,2,7.98,review
bells,2,6.5,review
shopper,1,6.48,review
improved,10,6.86,review
transformed,2,6.18,review
crush,3,5.12,review
empire,3,5.28,review
bedroom,9,6.8,review
mouse,2,5.36,review
gates,1,5.28,review
el,13,4.8,review
depth,6,5.54,review
cooper,1,5.16,review
reduced,2,4.32,review
specified,4,5.28,review
nitrogen,1,5.38,review
functions,3,5.76,review
cancelled,12,2.88,review
typing,2,5.34,review
restructuring,1,4.94,review
phoenix,1,5.94,review
valve,1,5.58,review
cough,4,3.26,review
sentimental,5,6.28,review
accounts,4,4.96,review
click,4,5.72,review
mio,1,5.2,review
alter,1,5.32,review
inter,1,4.94,review
operator,3,4.88,review
bark,3,4.59,review
speaks,4,5.68,review
transferred,2,5.29,review
letter,7,5.94,review
improving,4,6.96,review
fb,2,5.48,review
laurie,6,5.48,review
farmer,10,6.88,review
thirsty,4,3.79,review
formerly,4,4.3,review
parkway,1,5.66,review
recognized,6,6.08,review
cube,1,5.52,review
www,9,6.18,review
identification,1,5.73,review
stroll,4,6.6,review
supervision,4,5.49,review
turkish,1,5.56,review
blind,2,2.58,review
anxious,3,3.42,review
kicking,4,3.68,review
airline,5,5.62,review
mans,2,5.1,review
crown,14,6.62,review
knocked,4,4.42,review
changing,15,5.8,review
stadium,6,5.96,review
complex,8,5.04,review
updating,5,6.24,review
intent,2,5.4,review
judgment,1,4.74,review
phony,1,3.36,review
regional,2,5.34,review
designed,9,6.3,review
borrow,3,4.66,review
unkind,1,2.84,review
advantage,12,6.84,review
recall,15,4.6,review
climbing,2,6.04,review
lowest,4,3.3,review
esp,5,5.4,review
smash,1,4.24,review
porch,9,6.02,review
waist,1,5.58,review
heavens,1,7.51,review
acting,8,6.04,review
mighty,2,5.96,review
thinks,4,6.38,review
rise,3,6.36,review
dolly,2,5.9,review
belong,4,5.8,review
mario,3,6.36,review
humor,4,7.72,review
granted,9,6.14,review
theres,3,4.66,review
inadequate,3,3.06,review
semester,2,5.26,review
fool,4,3.3,review
lease,13,4.62,review
mold,6,3.85,review
chronic,6,3.79,review
valid,4,6.71,review
extent,3,5.1,review
wandering,4,5.28,review
injured,3,2.22,review
protecting,3,6.3,review
global,2,6.0,review
refuse,3,3.46,review
poop,3,3.44,review
elder,2,6.49,review
theft,1,2.3,review
recovery,2,6.64,review
assistance,7,5.96,review
blanket,4,6.54,review
hunter,3,4.04,review
printing,2,5.77,review
printed,5,5.88,review
grows,1,6.49,review
manners,2,6.8,review
ralph,1,4.82,review
nt,1,4.84,review
excess,2,5.22,review
development,4,6.38,review
sunny,10,6.96,review
involving,2,5.6,review
application,3,5.5,review
subway,14,5.32,review
oooh,1,5.94,review
ahhh,1,5.48,review
commerce,1,5.32,review
numbers,3,6.04,review
sanity,2,6.49,review
photograph,2,6.96,review
ceremony,1,6.4,review
passages,1,5.78,review
misunderstood,1,3.46,review
pin,3,5.1,review
wie,1,4.86,review
dan,18,4.96,review
elevation,3,5.94,review
hockey,4,5.42,review
outta,3,4.56,review
ct,3,4.72,review
concerts,6,6.98,review
casino,8,6.04,review
lung,1,5.4,review
mai,5,5.04,review
ideal,10,6.98,review
killin,1,3.36,review
decades,4,4.84,review
nations,1,6.0,review
scope,2,5.71,review
established,3,6.18,review
ranging,5,5.4,review
weary,5,4.08,review
wishes,2,7.2,review
princess,1,7.08,review
rc,3,5.02,review
paso,1,4.98,review
distinctive,1,6.24,review
tres,4,5.36,review
yea,9,6.18,review
grabbed,18,4.48,review
apt,2,5.72,review
silently,1,5.37,review
neutral,3,5.08,review
engineer,1,6.3,review
bump,3,4.67,review
ma,5,6.08,review
presumably,3,5.32,review
designs,5,6.22,review
ann,1,5.14,review
contemporary,3,5.86,review
bugs,6,3.78,review
ruins,2,3.98,review
partners,2,7.12,review
offense,2,3.56,review
arranged,5,5.6,review
guns,3,2.98,review
aspects,6,5.56,review
topics,1,5.6,review
taught,9,5.96,review
weapon,1,3.36,review
shooting,3,2.52,review
violent,1,2.06,review
unfair,2,3.34,review
marginal,2,4.94,review
premier,1,6.2,review
assessment,5,5.28,review
courage,3,7.46,review
structure,5,5.36,review
swallowed,3,5.06,review
lips,2,6.52,review
throat,3,5.0,review
trial,3,3.96,review
profile,5,5.3,review
seldom,1,4.59,review
external,1,5.48,review
cop,2,4.44,review
path,4,5.82,review
boulevard,1,6.12,review
anne,9,5.4,review
messing,4,4.12,review
tricks,2,5.38,review
blank,1,4.44,review
referring,2,5.76,review
roberts,4,5.3,review
sos,1,3.82,review
keith,1,5.14,review
trick,6,5.22,review
models,1,6.14,review
liver,5,5.0,review
cheeks,2,6.29,review
performed,6,6.36,review
spaces,11,5.62,review
luxury,5,7.3,review
listing,5,5.36,review
dig,8,4.9,review
buyer,7,6.18,review
introduced,11,6.28,review
sends,3,5.92,review
fleet,2,5.04,review
ambulance,2,3.1,review
lame,9,3.42,review
sofa,2,6.04,review
executive,1,5.58,review
criticism,6,3.1,review
privacy,5,5.88,review
grandfather,4,7.38,review
error,9,2.6,review
action,8,5.98,review
winner,10,7.78,review
chased,3,4.29,review
candle,8,6.71,review
argument,1,3.14,review
veteran,2,5.6,review
raising,4,6.26,review
rejected,2,2.08,review
monitor,3,5.18,review
understanding,11,6.84,review
diagnostic,3,5.02,review
existing,3,5.18,review
feature,3,5.98,review
reserve,4,5.32,review
possibility,3,6.4,review
purely,1,6.39,review
dew,1,6.34,review
numb,1,4.1,review
goodbye,3,3.7,review
pow,1,4.2,review
elaborate,1,5.47,review
megan,4,5.46,review
katie,7,5.48,review
compassion,2,6.82,review
suzanne,2,5.54,review
halo,1,6.2,review
linda,5,5.58,review
collar,3,5.18,review
solving,2,6.04,review
burden,6,2.82,review
cutie,1,7.1,review
drowned,4,2.16,review
military,14,4.78,review
communities,2,5.98,review
officer,2,5.22,review
weapons,4,2.4,review
transactions,3,5.74,review
harder,9,4.44,review
attorney,1,4.12,review
arms,5,5.38,review
hong,3,4.86,review
kong,5,5.44,review
nonsense,2,4.12,review
smashed,2,3.42,review
suits,6,5.74,review
symptoms,5,3.76,review
arc,1,5.34,review
records,5,6.02,review
collect,5,5.66,review
invasion,1,3.42,review
counts,2,5.3,review
professionals,4,6.28,review
library,4,6.48,review
sucker,7,3.68,review
unclear,1,3.96,review
misspelled,1,3.46,review
donate,2,6.74,review
task,4,4.92,review
downloaded,3,6.3,review
fireplace,3,6.0,review
institution,2,4.58,review
constant,6,5.92,review
chickens,1,6.31,review
outlets,4,6.06,review
ripping,2,4.34,review
limit,6,4.22,review
johnny,2,5.7,review
rite,3,5.32,review
crash,6,2.6,review
thieves,2,2.29,review
bosnia,1,4.8,review
vienna,1,5.92,review
berlin,3,5.26,review
ur,3,4.96,review
shock,4,3.54,review
costumes,2,6.72,review
ban,1,2.66,review
yankees,4,5.22,review
league,2,5.8,review
raymond,1,5.7,review
merrill,3,4.9,review
amber,1,5.78,review
jelly,7,6.24,review
costume,5,6.26,review
brad,1,5.3,review
minnesota,1,5.24,review
amongst,7,5.68,review
audio,3,5.88,review
kit,3,5.64,review
dreams,4,7.44,review
origin,1,5.63,review
pole,2,5.5,review
annie,1,5.78,review
mama,6,7.24,review
demo,2,5.48,review
ah,2,5.4,review
players,2,5.96,review
thats,11,5.1,review
justice,4,6.74,review
sweater,3,5.98,review
jus,2,5.0,review
sentences,1,5.59,review
government,3,4.64,review
obama,1,5.94,review
halls,2,5.47,review
omfg,1,4.52,review
richmond,1,5.46,review
explore,16,6.37,review
tide,4,5.94,review
whew,2,5.38,review
someday,2,5.28,review
row,9,4.94,review
generation,2,5.5,review
spontaneous,3,6.54,review
xi,2,4.94,review
remainder,1,5.43,review
argued,5,3.36,review
dj,14,5.86,review
spider,1,4.28,review
contributing,2,6.38,review
loses,2,2.74,review
fiesta,3,7.18,review
relaxed,27,7.22,review
quietly,1,5.72,review
anita,1,5.44,review
elvis,1,6.08,review
function,5,5.6,review
processes,2,5.4,review
gallery,4,6.72,review
torn,2,3.37,review
repeated,5,4.82,review
apply,3,5.82,review
athletic,2,6.46,review
aesthetic,3,6.21,review
summit,2,5.52,review
champagne,8,6.82,review
xxx,1,5.4,review
eagle,5,6.18,review
errors,1,2.86,review
intervention,1,4.26,review
tricky,6,4.46,review
scale,3,4.88,review
false,6,3.18,review
solely,11,5.58,review
sorts,2,5.24,review
bend,3,5.06,review
chin,5,5.32,review
carried,9,5.44,review
pretend,2,4.64,review
mouths,4,5.6,review
accusations,1,3.16,review
universal,3,6.32,review
criminal,1,1.98,review
bankers,1,4.8,review
willow,2,5.7,review
correctly,10,6.94,review
shades,3,5.84,review
noone,1,4.62,review
william,2,5.46,review
nut,7,5.86,review
socks,1,5.06,review
pattern,1,5.36,review
haunted,4,3.54,review
human,4,6.26,review
guard,4,4.88,review
percentage,2,5.2,review
hudson,1,5.38,review
stretch,4,5.66,review
eyed,2,5.5,review
ted,3,5.22,review
clark,1,5.38,review
lou,3,5.4,review
diamond,12,7.52,review
puerto,2,5.14,review
latin,5,5.38,review
whoo,1,5.96,review
hoo,1,5.0,review
pr,2,5.02,review
winds,4,5.72,review
behalf,2,5.28,review
documents,5,5.02,review
courts,1,4.24,review
zoo,4,6.62,review
photography,1,6.98,review
demonstration,1,5.88,review
facts,3,6.06,review
armed,3,3.84,review
begged,3,3.9,review
drag,6,4.14,review
diff,1,4.86,review
explode,1,4.18,review
inclined,3,5.74,review
viva,2,5.92,review
flood,2,2.42,review
forth,9,5.74,review
fluid,1,6.06,review
seeds,13,6.39,review
array,6,5.55,review
oops,5,3.72,review
retreat,5,5.18,review
carolina,5,5.44,review
jeremy,2,5.42,review
arena,2,5.84,review
edited,2,5.24,review
tht,2,4.78,review
nine,5,5.42,review
feelings,4,5.84,review
disagree,3,3.68,review
candy,7,7.52,review
zombie,3,3.48,review
cereal,2,6.2,review
makeup,5,5.76,review
increased,3,6.38,review
needle,1,4.36,review
quarterly,1,5.02,review
continues,10,5.66,review
patch,3,5.3,review
maze,4,5.51,review
wrist,2,5.22,review
protests,1,4.24,review
student,13,6.58,review
beneath,2,4.54,review
racial,3,4.0,review
kansas,1,5.12,review
collected,3,5.96,review
wipe,7,5.04,review
sua,1,4.92,review
delicate,7,5.94,review
sorely,2,3.56,review
lamp,3,5.76,review
anger,2,2.3,review
gah,1,4.54,review
underground,4,5.08,review
neck,11,5.3,review
applying,1,6.16,review
affect,3,4.92,review
crushed,8,3.54,review
dana,3,5.4,review
sisters,4,6.62,review
howard,1,4.98,review
soho,3,5.58,review
stones,3,5.06,review
longest,6,5.48,review
greedy,1,3.04,review
doc,9,5.04,review
trio,5,5.54,review
festival,7,7.7,review
nicole,6,5.48,review
icy,1,4.34,review
dare,1,5.2,review
mc,1,5.34,review
panties,2,6.42,review
butt,4,5.1,review
defeat,1,3.2,review
reactions,1,5.44,review
tunes,2,6.64,review
christine,4,5.5,review
cliff,1,5.1,review
lotta,1,5.19,review
stacks,4,5.46,review
elements,1,5.48,review
funds,2,6.12,review
union,3,6.04,review
frightened,2,3.2,review
width,1,5.41,review
shove,2,3.74,review
partial,6,4.84,review
denying,4,3.74,review
peas,16,5.52,review
midtown,7,5.72,review
drip,12,4.66,review
chances,5,6.18,review
blink,2,5.33,review
wig,3,5.0,review
throws,3,4.98,review
albert,3,5.1,review
adam,8,5.54,review
inc,1,4.7,review
burst,2,4.34,review
data,7,5.7,review
daniel,5,5.54,review
recover,4,6.64,review
perform,4,6.48,review
fields,2,5.92,review
cattle,2,6.1,review
isolated,2,3.46,review
contest,1,5.78,review
winners,2,7.62,review
prize,2,7.62,review
manor,1,5.76,review
ol,6,4.46,review
jason,9,5.12,review
coz,1,4.76,review
facing,4,5.26,review
varying,1,5.31,review
unlikely,3,3.48,review
represents,1,5.4,review
bong,2,5.56,review
tubes,3,5.02,review
bien,1,6.0,review
surviving,1,6.0,review
economic,1,5.36,review
supreme,2,6.64,review
swiss,6,6.18,review
instances,1,5.62,review
erased,1,3.82,review
wth,2,4.7,review
larry,6,5.14,review
bias,1,4.31,review
syndrome,1,3.36,review
operating,2,5.44,review
cent,4,5.68,review
materials,5,5.54,review
drugs,5,2.66,review
factors,1,5.14,review
philosophy,3,6.44,review
planes,2,5.9,review
bleeding,2,2.76,review
torture,1,1.58,review
nah,1,4.5,review
raise,5,6.74,review
adore,3,6.96,review
rims,2,5.54,review
rockefeller,3,5.52,review
encouraging,1,7.22,review
crystal,3,6.54,review
murder,1,1.48,review
suspicion,2,3.52,review
riot,1,2.92,review
horn,3,5.18,review
individuals,2,5.84,review
temporary,3,4.5,review
debating,2,5.12,review
doubts,2,3.3,review
branch,6,5.52,review
mein,9,4.8,review
unemployment,1,2.12,review
mister,3,5.44,review
instant,4,6.08,review
obtain,1,5.86,review
restrictions,6,3.32,review
musician,3,6.98,review
stronger,3,7.12,review
shaking,3,4.31,review
punk,4,4.66,review
charity,3,6.4,review
revenue,2,6.72,review
homeless,9,2.16,review
slick,1,5.18,review
accurately,3,6.84,review
consumer,4,5.5,review
native,6,6.02,review
criteria,2,5.54,review
whats,2,4.76,review
blizzard,1,4.78,review
freezing,9,3.22,review
easter,3,6.88,review
digging,2,5.26,review
smh,4,4.74,review
demons,1,2.64,review
novel,4,6.68,review
brain,3,6.52,review
hides,1,4.42,review
floyd,1,5.26,review
studied,2,6.12,review
wears,1,5.16,review
arts,2,6.58,review
knives,2,4.68,review
whip,3,3.3,review
swift,1,5.94,review
pun,1,5.88,review
intended,5,5.2,review
consent,2,5.94,review
score,10,6.38,review
concentration,1,5.85,review
fred,3,5.04,review
yeh,1,5.88,review
infant,5,6.9,review
certificate,4,6.18,review
thankful,8,7.44,review
essential,2,6.02,review
fright,1,3.45,review
scent,3,6.31,review
experiment,3,5.76,review
managing,5,5.62,review
objective,2,5.7,review
disease,4,2.0,review
specialist,6,6.08,review
cry,4,1.84,review
skirt,2,6.04,review
arrangement,4,5.86,review
mondays,4,4.06,review
deserved,4,6.08,review
justified,1,6.36,review
elite,4,5.64,review
coach,5,5.76,review
horizon,5,6.24,review
expanding,3,5.72,review
experimental,2,5.84,review
drives,4,5.78,review
atlanta,4,5.3,review
wee,5,5.24,review
wounds,3,2.8,review
spirits,4,6.24,review
hide,6,4.36,review
hates,2,2.06,review
asleep,2,6.14,review
chess,3,6.3,review
moon,9,7.28,review
il,2,4.28,review
signal,6,5.44,review
disgrace,2,2.72,review
snap,8,5.2,review
african,7,5.66,review
parker,1,5.52,review
stiff,6,4.63,review
gradually,1,5.8,review
consume,2,5.31,review
duh,2,4.36,review
connections,1,6.31,review
jamaica,1,6.32,review
intelligence,1,7.3,review
danger,1,2.82,review
estimates,3,5.32,review
script,1,5.72,review
tablet,3,5.1,review
assumption,1,5.29,review
sex,4,7.44,review
thumb,2,5.7,review
dimensional,3,5.76,review
dynamic,2,6.9,review
jungle,2,5.69,review
inventory,9,5.78,review
gathering,4,6.48,review
tests,8,4.28,review
shelter,2,6.54,review
ty,3,5.12,review
banner,2,5.7,review
procedures,5,5.02,review
nurses,3,6.1,review
doctors,6,5.54,review
surplus,1,6.3,review
neglected,5,2.84,review
disney,3,6.62,review
commercial,5,4.6,review
protection,3,6.56,review
articles,1,5.86,review
summertime,1,7.14,review
assuming,4,5.08,review
brat,6,3.62,review
examination,2,4.82,review
snowing,1,6.12,review
buried,4,2.84,review
uptight,1,4.17,review
cemetery,6,2.94,review
decline,1,3.08,review
yorker,4,4.96,review
passengers,2,5.72,review
occurrence,2,5.51,review
plug,2,5.18,review
laptop,6,7.12,review
denver,4,5.34,review
bam,1,4.94,review
boss,8,4.18,review
wells,4,5.48,review
roles,3,5.72,review
preparing,2,5.76,review
sans,3,4.76,review
dreaming,2,7.26,review
chester,4,5.64,review
contain,3,5.7,review
virtually,7,5.6,review
healing,2,6.92,review
tx,2,5.06,review
moscow,2,5.06,review
daylight,1,6.84,review
temper,1,4.08,review
youtube,2,6.92,review
videos,3,6.52,review
mamma,2,7.06,review
burning,10,2.88,review
net,2,5.96,review
crime,3,2.2,review
tower,3,5.66,review
un,5,4.64,review
es,3,4.8,review
muy,1,5.18,review
sus,1,4.82,review
se,2,4.88,review
todas,1,5.06,review
que,1,4.64,review
est,2,4.84,review
en,2,4.84,review
link,4,5.78,review
pray,2,6.62,review
uk,1,5.84,review
recalled,1,4.42,review
vocal,2,6.04,review
plz,1,5.32,review
offset,1,4.72,review
national,8,5.98,review
log,4,5.34,review
injection,1,3.35,review
promotion,6,7.74,review
mansion,1,6.82,review
maps,3,6.12,review
cases,3,4.82,review
threat,1,2.36,review
lovin,1,7.14,review
hustle,4,4.67,review
vida,1,5.56,review
axe,1,4.54,review
prob,2,4.5,review
technological,1,6.28,review
bat,4,5.3,review
focused,6,6.74,review
replies,1,5.9,review
heal,2,6.82,review
addiction,1,2.72,review
vegas,8,6.36,review
study,8,6.12,review
lieu,2,4.88,review
patent,1,5.6,review
cease,1,4.32,review
kim,10,5.22,review
ears,4,5.72,review
fur,1,5.34,review
lesbian,1,5.14,review
trans,2,4.92,review
concluded,1,5.66,review
urge,4,5.18,review
varies,1,5.32,review
generations,1,6.4,review
marc,1,5.1,review
mounted,3,5.56,review
curtain,1,5.02,review
creep,2,3.82,review
walkin,1,5.74,review
drawers,1,5.45,review
shout,6,3.88,review
congrats,3,7.5,review
weddings,2,7.06,review
liar,3,3.18,review
feb,3,5.16,review
phil,3,5.34,review
democrat,1,5.18,review
nicholas,1,5.54,review
narrative,1,6.16,review
horror,3,3.04,review
beloved,3,7.34,review
tended,2,5.8,review
sickness,1,1.84,review
eva,1,5.52,review
electricity,2,6.1,review
critical,2,3.22,review
indicate,4,5.48,review
newest,5,6.5,review
pimp,2,3.73,review
ear,2,5.54,review
swollen,1,3.48,review
promising,3,6.64,review
pills,4,4.1,review
profession,1,6.12,review
volunteer,4,6.36,review
pill,3,4.51,review
humans,2,6.76,review
dose,1,4.56,review
muscle,3,6.06,review
recorded,2,5.58,review
failing,3,2.52,review
communications,3,5.82,review
robot,1,6.12,review
proteins,2,6.25,review
sculpture,1,6.66,review
peeps,3,5.32,review
convo,2,5.06,review
uncertain,1,3.88,review
minority,3,4.24,review
jeff,2,5.2,review
gathered,2,5.98,review
characteristic,1,5.76,review
grammar,1,5.84,review
maintaining,4,5.8,review
password,3,5.56,review
robin,2,5.98,review
sonic,1,5.7,review
belle,2,6.37,review
prevention,2,6.04,review
teaches,1,6.7,review
gossip,3,3.58,review
singapore,2,5.98,review
jb,1,5.1,review
automatically,5,6.0,review
rt,2,4.88,review
jerry,2,5.46,review
crying,7,2.04,review
uploaded,2,5.78,review
shiver,1,3.85,review
misses,2,3.9,review
iv,7,4.54,review
lafayette,3,5.46,review
eg,1,4.88,review
metro,3,5.86,review
shining,3,7.04,review
ti,2,4.94,review
disrespect,2,2.9,review
furnished,1,6.6,review
climb,1,5.68,review
walker,1,5.6,review
overcome,2,6.54,review
stanley,2,5.24,review
taiwan,4,5.36,review
aunt,3,6.66,review
soap,7,6.1,review
victim,3,2.38,review
wives,1,5.74,review
tale,2,6.24,review
phantom,2,5.02,review
tex,4,5.12,review
implies,2,5.27,review
goo,1,4.49,review
christian,1,6.3,review
proved,1,6.26,review
chrome,1,5.86,review
julie,1,5.42,review
bitch,2,3.14,review
george,3,5.26,review
atleast,4,4.92,review
sept,1,5.44,review
dope,2,3.5,review
attracted,1,7.16,review
melody,1,7.35,review
education,2,6.88,review
bb,1,4.86,review
performing,4,6.5,review
charlotte,1,5.5,review
correlation,1,5.69,review
sudden,2,4.3,review
attacks,1,2.46,review
lungs,3,5.63,review
infections,1,2.59,review
funeral,6,2.1,review
reports,1,5.0,review
bless,4,7.08,review
hispanic,3,5.26,review
glory,3,7.5,review
tim,1,5.22,review
illinois,5,4.92,review
awe,1,5.94,review
daddy,3,7.02,review
umbrella,3,5.92,review
ap,1,4.86,review
miracle,5,7.64,review
clay,9,5.5,review
randy,5,5.3,review
lah,2,5.4,review
hmmm,2,5.14,review
soooooo,5,4.98,review
accompanying,3,6.04,review
describes,3,5.76,review
impact,3,4.82,review
blackberry,1,6.26,review
extension,3,5.52,review
jumped,4,5.56,review
hugs,2,7.8,review
subjective,2,5.52,review
writings,1,6.12,review
political,2,4.12,review
ritual,1,5.3,review
involvement,1,5.64,review
pilots,2,5.8,review
users,2,5.48,review
farther,3,5.14,review
manhattan,3,5.7,review
voted,3,6.12,review
banned,1,2.88,review
nationwide,2,5.84,review
consisting,2,5.65,review
ninth,2,5.18,review
evaluate,2,5.56,review
shaw,2,5.18,review
dedication,4,6.66,review
foundation,2,5.66,review
tool,3,5.26,review
surfaces,2,5.48,review
popularity,3,6.84,review
rising,1,6.54,review
retired,2,5.14,review
combat,1,3.2,review
suffer,2,2.08,review
gary,7,5.1,review
shook,1,4.34,review
responses,2,5.84,review
depression,2,1.98,review
ceo,2,5.1,review
marilyn,1,5.06,review
autumn,1,6.94,review
seeks,2,5.68,review
bruce,4,5.14,review
defensive,2,4.0,review
lawsuits,1,3.04,review
reaction,1,5.52,review
ego,1,4.08,review
supported,2,6.6,review
sufficient,2,6.32,review
observe,1,6.27,review
indonesia,1,5.08,review
projects,1,5.46,review
ladder,1,5.76,review
huh,2,4.72,review
backup,2,5.78,review
jurisdiction,1,5.12,review
wins,6,7.44,review
gardening,1,6.94,review
marry,2,6.98,review
citizens,1,6.1,review
shall,3,5.38,review
roller,2,5.48,review
ships,1,5.96,review
skating,1,6.68,review
musical,4,7.22,review
lift,6,5.78,review
approval,2,6.98,review
buzz,4,5.62,review
victor,2,6.18,review
infinite,3,6.44,review
ian,4,5.1,review
remote,3,5.48,review
draws,3,6.18,review
sleeve,3,5.02,review
strangers,3,4.16,review
images,3,6.34,review
incorporated,2,5.29,review
pushed,5,4.1,review
aging,1,3.06,review
audience,1,5.98,review
allen,2,5.1,review
volunteers,1,6.64,review
permission,2,5.16,review
gene,2,5.42,review
mysterious,2,5.54,review
raining,7,5.92,review
approaching,2,5.76,review
stolen,5,2.5,review
accused,3,2.92,review
thief,3,2.94,review
possession,3,5.36,review
rage,1,2.56,review
violated,1,2.62,review
actions,3,5.78,review
confess,1,4.78,review
butterfly,3,7.76,review
nuff,1,4.96,review
tear,2,3.1,review
string,4,5.4,review
disguise,2,4.59,review
awsome,1,7.04,review
enemy,1,2.64,review
shores,2,6.4,review
lone,1,4.2,review
supplied,2,5.76,review
cells,2,5.1,review
aide,4,5.56,review
diseases,1,1.88,review
bleed,3,2.69,review
sheet,5,5.53,review
worthless,2,2.98,review
copper,1,6.18,review
stimulation,1,6.61,review
unnecessary,5,3.78,review
curb,3,4.68,review
worthy,6,6.9,review
targets,2,4.76,review
mercy,2,6.68,review
pairs,3,5.98,review
physical,3,5.88,review
commission,2,5.76,review
integrated,1,6.08,review
era,2,5.56,review
contents,2,5.56,review
definition,6,5.8,review
insanity,1,3.46,review
detroit,2,4.4,review
pirates,2,4.14,review
booty,1,5.74,review
dire,1,3.55,review
collins,1,5.12,review
heartfelt,2,6.62,review
katherine,1,5.48,review
mucho,1,6.0,review
teaching,3,6.44,review
presents,3,7.2,review
freakin,2,4.66,review
peoples,3,5.82,review
theatrical,1,5.92,review
rules,3,4.28,review
headquarters,3,5.4,review
jury,1,4.28,review
knot,2,4.98,review
hehehe,1,7.06,review
yup,3,4.9,review
http,7,5.98,review
revolution,1,5.34,review
merit,1,6.74,review
ashes,2,4.47,review
yoga,8,7.04,review
retirement,2,5.92,review
teachers,3,6.44,review
wisdom,3,7.02,review
continually,2,5.81,review
effectively,1,6.44,review
injuries,1,2.68,review
woohoo,1,6.84,review
article,4,5.52,review
bold,2,5.66,review
spain,1,6.2,review
begging,3,3.62,review
ohio,4,5.22,review
slaughter,1,2.41,review
resulting,6,5.42,review
simplicity,6,6.62,review
possessed,1,4.73,review
finale,2,6.0,review
tin,2,5.06,review
effing,1,4.38,review
ranked,2,5.56,review
phrase,1,5.44,review
honored,1,7.14,review
significant,8,6.82,review
utterly,3,4.52,review
nick,8,5.1,review
sirens,1,3.58,review
voices,1,5.56,review
horns,3,4.84,review
spite,2,3.53,review
dating,1,6.4,review
katy,1,5.48,review
immigrants,1,5.22,review
prompted,3,5.54,review
london,2,6.46,review
keyboard,1,6.12,review
tighter,1,5.2,review
slut,1,3.57,review
towns,2,6.06,review
fella,1,5.71,review
centers,2,5.6,review
participation,2,6.22,review
writers,2,6.32,review
roberta,1,5.14,review
evaluation,3,5.32,review
concrete,7,5.6,review
pavement,2,5.55,review
spectrum,3,5.72,review
activity,2,6.32,review
accomplished,3,7.32,review
aids,1,4.28,review
rounds,6,5.12,review
eternity,2,6.9,review
mud,2,4.78,review
usa,5,6.58,review
download,1,6.02,review
wire,3,5.12,review
user,4,5.48,review
settings,1,5.5,review
computers,2,7.1,review
succeeded,2,7.62,review
rely,4,5.53,review
billion,1,7.56,review
verizon,1,5.16,review
firms,1,5.14,review
agencies,1,4.92,review
preserve,2,6.38,review
virtual,2,5.62,review
contracts,2,5.36,review
athletes,1,6.24,review
spine,1,5.16,review
miracles,2,7.44,review
deadly,2,2.9,review
olympic,3,6.28,review
antonio,1,5.14,review
tendency,1,5.16,review
printer,5,5.62,review
positions,1,5.52,review
rattle,2,5.06,review
hollow,1,4.04,review
clowns,1,6.22,review
render,1,5.18,review
wages,1,6.4,review
principal,1,5.36,review
gordon,1,5.16,review
innocent,1,6.36,review
secure,6,6.92,review
shed,3,5.22,review
beth,1,5.52,review
charlie,2,5.62,review
trending,2,5.58,review
element,4,5.84,review
proceedings,1,4.8,review
res,4,4.74,review
conclusion,4,5.66,review
glenn,1,5.26,review
granddaughter,1,7.16,review
vote,4,5.8,review
realm,1,5.65,review
douglas,1,5.24,review
southeast,2,5.68,review
steven,1,5.5,review
cuz,6,4.68,review
tease,1,4.36,review
dam,1,4.84,review
spin,1,5.64,review
aim,3,5.86,review
uhh,2,4.55,review
linear,1,5.36,review
antiques,2,6.7,review
creation,2,6.78,review
peel,3,5.2,review
interviews,2,5.06,review
privilege,4,6.68,review
shattered,3,3.6,review
equivalent,1,5.5,review
sen,1,5.08,review
mee,1,5.0,review
cabinet,1,5.68,review
reflection,3,6.06,review
chemicals,3,4.04,review
borders,3,4.96,review
inspiring,1,7.34,review
cultural,2,6.18,review
themes,2,6.28,review
civic,1,5.68,review
attributed,1,5.9,review
permanent,4,5.68,review
citing,1,4.72,review
susan,1,5.34,review
somethin,1,4.98,review
slapped,1,3.14,review
hooray,1,7.3,review
sacrifice,2,4.1,review
pony,2,6.65,review
havent,1,4.14,review
amy,8,5.52,review
financing,2,5.64,review
attribute,2,5.7,review
beast,1,3.36,review
respectively,2,6.14,review
upload,1,5.64,review
funk,1,4.78,review
invented,1,6.58,review
shoulda,1,4.24,review
mm,2,5.04,review
hunting,1,4.1,review
effective,5,6.76,review
shallow,1,4.12,review
stray,3,4.24,review
observation,3,6.29,review
ceased,2,4.0,review
fraction,3,5.23,review
sole,2,5.53,review
brighter,2,7.14,review
rains,1,6.01,review
monde,7,5.36,review
avid,1,6.22,review
bunny,3,6.88,review
mich,1,5.1,review
garcia,1,5.14,review
farms,1,6.36,review
thereby,1,5.04,review
repeats,1,5.2,review
anyhow,4,5.27,review
bullet,1,3.36,review
monica,3,5.52,review
lab,1,5.44,review
trace,1,5.08,review
civil,1,5.56,review
imagination,2,6.96,review
neon,2,6.22,review
fiends,1,3.88,review
das,1,5.0,review
divide,1,4.29,review
persons,1,6.14,review
signing,3,6.04,review
beaten,3,2.62,review
urine,2,3.47,review
navy,2,5.58,review
teacher,5,6.36,review
enabled,1,6.39,review
le,4,4.86,review
remarkable,1,7.3,review
hai,1,5.8,review
tornado,1,3.36,review
quantities,2,6.06,review
chaos,2,3.46,review
johnson,2,5.4,review
breathe,2,6.28,review
circulation,1,5.54,review
mmmmm,1,5.96,review
slave,1,2.06,review
preface,2,5.5,review
wisconsin,1,5.56,review
tension,1,2.94,review
johns,2,4.8,review
gm,2,4.82,review
eastside,1,5.2,review
calcium,1,6.29,review
constructed,2,5.84,review
jaw,1,5.2,review
hmmmm,1,5.26,review
trance,1,5.22,review
sky,1,7.76,review
trends,1,5.94,review
uptown,5,6.27,review
alibi,1,4.94,review
boyz,1,5.26,review
advanced,1,6.58,review
components,2,5.78,review
knight,1,6.22,review
ooooh,2,6.24,review
flippin,1,5.71,review
sec,3,5.3,review
homie,1,4.92,review
greene,1,5.36,review
values,3,6.72,review
monsters,3,3.47,review
territory,2,5.12,review
foreign,1,5.68,review
enterprises,1,5.68,review
journal,1,5.7,review
fired,9,2.3,review
commonwealth,1,6.3,review
stable,2,6.2,review
lambert,1,5.22,review
shark,1,4.14,review
fin,2,5.24,review
napoleon,2,4.96,review
proceeds,4,6.24,review
marching,1,5.68,review
guitar,4,7.22,review
pumping,1,5.86,review
riders,2,5.62,review
dang,5,4.36,review
proof,6,5.96,review
banking,1,5.84,review
bye,4,3.96,review
mj,1,5.06,review
ver,2,4.78,review
ballin,1,5.48,review
oakland,1,5.4,review
texts,2,5.78,review
sean,1,5.42,review
growth,2,6.6,review
election,2,5.18,review
defined,3,5.78,review
progressive,2,6.56,review
karma,1,6.22,review
springs,7,6.58,review
argh,1,3.96,review
developing,1,6.02,review
quest,2,6.22,review
overtime,1,5.38,review
qualities,2,7.08,review
blades,1,4.16,review
blade,2,4.56,review
merry,1,7.56,review
logical,1,6.36,review
binding,3,5.01,review
programs,2,6.02,review
whisper,1,5.76,review
creek,5,6.06,review
holland,1,6.24,review
roses,1,7.52,review
stevie,1,5.5,review
merely,4,4.56,review
retiring,1,5.2,review
panic,3,2.46,review
declare,1,5.57,review
romance,2,7.5,review
ppl,4,5.54,review
silk,5,6.88,review
whitney,2,5.34,review
oral,1,5.84,review
unknown,2,4.04,review
continental,2,5.94,review
cara,2,5.58,review
atlantic,1,6.18,review
lend,1,5.26,review
stink,1,3.1,review
mechanical,1,5.73,review
netflix,1,5.96,review
nfl,1,5.16,review
ist,2,4.96,review
nicht,1,4.4,review
der,2,4.88,review
te,2,4.9,review
aber,1,4.94,review
bei,1,4.98,review
ich,1,4.3,review
je,1,4.78,review
che,1,4.82,review
ph,2,5.18,review
nom,3,4.8,review
mount,1,5.54,review
colour,1,6.58,review
blunt,2,4.31,review
verdict,1,4.2,review
doo,140,4.94,review
slipped,1,3.86,review
anderson,1,5.22,review
readers,1,6.16,review
cosa,1,5.14,review
prospective,1,6.04,review
mitchell,2,5.14,review
owe,2,3.54,review
hm,1,4.84,review
charger,2,5.64,review
horses,3,6.84,review
mystery,2,5.64,review
li,2,4.6,review
coal,2,4.96,review
jour,2,4.96,review
ds,1,5.16,review
donated,1,6.88,review
oliver,1,5.24,review
sunrise,1,7.04,review
whore,1,3.14,review
increasing,1,6.4,review
harmony,1,7.0,review
composed,2,6.06,review
aug,1,5.44,review
percent,3,5.34,review
subjected,1,3.86,review
authorized,3,5.96,review
jo,1,5.08,review
relationships,1,6.86,review
solar,1,6.54,review
invisible,1,4.84,review
daze,1,4.61,review
belief,2,6.08,review
buena,1,5.54,review
alla,1,4.92,review
campbell,2,4.94,review
resources,1,6.46,review
fears,1,2.68,review
leo,1,5.86,review
legitimate,4,6.24,review
nets,1,5.22,review
coverage,2,5.66,review
arises,1,6.14,review
scattered,2,4.32,review
hiring,3,6.34,review
purposes,2,5.64,review
hah,1,5.92,review
ethical,2,6.2,review
reward,3,7.24,review
authors,1,6.22,review
paperbacks,1,6.48,review
bookstores,5,6.88,review
crossing,1,5.34,review
weave,1,5.49,review
lifted,3,6.2,review
tummy,1,5.36,review
northeast,2,5.8,review
gum,2,5.86,review
mechanisms,1,5.76,review
celebrity,2,6.02,review
sandra,1,5.46,review
lonely,2,2.86,review
considerable,1,6.26,review
gw,1,4.94,review
frown,1,3.24,review
q,3,4.6,review
spinning,3,5.47,review
newspapers,2,6.02,review
columns,1,5.6,review
governor,2,5.14,review
secretary,1,5.42,review
worries,2,2.6,review
registered,1,5.72,review
amanda,2,5.64,review
edition,1,5.52,review
pc,1,5.86,review
mase,1,4.79,review
missy,1,4.86,review
stein,1,5.16,review
nod,2,5.72,review
necklace,1,6.9,review
harrison,1,5.14,review
enable,1,6.16,review
eliminated,1,3.38,review
nada,2,4.42,review
tragedy,1,2.06,review
influenced,2,5.65,review
mothers,5,7.36,review
role,2,5.68,review
useful,2,7.1,review
advocate,1,5.18,review
february,2,5.08,review
wave,1,6.34,review
fade,1,4.04,review
roar,1,5.18,review
skinny,3,5.92,review
singers,1,6.6,review
op,3,4.68,review
satan,2,2.56,review
throne,1,6.08,review
grandsons,1,6.7,review
alternatives,3,5.92,review
failure,2,2.06,review
magazines,4,6.06,review
instruments,3,6.06,review
cds,1,6.16,review
essence,2,6.1,review
similarly,3,5.98,review
operates,1,5.48,review
principle,3,6.0,review
fourth,5,5.0,review
figures,1,5.86,review
profits,2,7.48,review
emotion,1,5.76,review
ruling,1,4.68,review
tumble,1,4.67,review
index,1,5.46,review
lies,3,2.62,review
idiot,3,3.06,review
rhymes,1,6.6,review
ou,1,4.86,review
suffering,1,2.22,review
abused,2,1.83,review
dimensions,1,5.84,review
internal,1,5.2,review
ding,1,5.34,review
chuck,3,4.88,review
collective,1,6.23,review
depressed,1,2.18,review
employed,1,7.28,review
thermal,1,5.16,review
stoned,1,4.56,review
strap,1,4.92,review
respects,1,7.02,review
decisions,2,5.58,review
accuracy,1,6.88,review
demanded,3,4.1,review
lectures,1,4.88,review
females,3,6.6,review
practical,1,6.24,review
colleges,1,6.34,review
academic,1,5.96,review
universities,1,6.56,review
graduated,1,7.22,review
economics,1,4.76,review
emphasis,1,5.68,review
accounting,1,4.86,review
representation,3,6.06,review
maryland,3,5.84,review
chilling,1,4.76,review
playa,1,5.56,review
cherish,1,7.5,review
mercury,1,5.42,review
swore,2,4.28,review
cast,3,5.4,review
govt,1,4.5,review
beam,1,6.6,review
treasure,1,7.4,review
lottery,1,6.38,review
scoring,1,6.44,review
coaches,1,5.52,review
awake,1,5.74,review
bonnie,1,5.3,review
hardest,1,3.82,review
masters,3,6.12,review
swell,1,4.94,review
suspension,1,3.18,review
breed,1,5.51,review
emily,5,5.54,review
predicted,2,5.48,review
irene,2,5.3,review
harold,1,5.34,review
intro,1,5.58,review
progress,1,7.26,review
exceptions,1,5.52,review
herman,1,4.88,review
independent,1,6.86,review
favored,1,6.92,review
absorbed,1,5.66,review
explosion,3,2.94,review
publishing,1,5.92,review
publicity,1,5.68,review
westside,1,5.5,review
ridge,1,5.22,review
dallas,1,5.2,review
wel,1,4.78,review
justify,3,5.96,review
organ,1,5.46,review
doll,2,6.02,review
adjusted,3,5.14,review
jonathan,2,5.18,review
martha,1,5.28,review
lane,1,5.22,review
ethics,1,6.52,review
survived,1,6.88,review
disposition,1,5.31,review
freak,1,4.64,review
joseph,1,5.4,review
mechanism,1,5.69,review
ba,1,4.68,review
dar,1,4.6,review
charter,3,5.44,review
partnership,1,6.42,review
ethnic,1,5.84,review
situated,2,5.74,review
films,2,7.22,review
projected,1,5.38,review
logo,1,5.68,review
ng,1,4.82,review
korea,4,5.34,review
thirst,1,3.82,review
danced,3,7.22,review
pulse,1,5.94,review
peasant,1,4.92,review
differ,1,4.58,review
coffin,2,2.96,review
tonite,1,5.7,review
temple,4,6.14,review
reduction,2,4.04,review
diggin,1,5.0,review
ignorant,1,3.42,review
circuit,1,5.1,review
modified,1,5.49,review
occasional,4,5.6,review
featuring,3,5.78,review
youre,1,5.1,review
fools,1,3.28,review
rags,1,3.88,review
poets,1,6.46,review
hail,1,4.96,review
stoked,1,5.92,review
generate,1,6.14,review
transit,2,5.08,review
submitted,2,5.94,review
correction,1,4.44,review
sources,2,5.54,review
columbus,1,5.86,review
fifth,1,5.24,review
methods,4,5.48,review
chemistry,1,6.14,review
jon,1,5.1,review
announce,1,5.68,review
bounce,1,6.51,review
writer,2,5.96,review
stride,1,5.56,review
clip,1,5.36,review
needles,1,4.04,review
pissed,2,2.54,review
hannah,1,5.28,review
produces,2,6.22,review
delta,3,5.36,review
sweetie,2,7.3,review
uni,2,5.02,review
ummm,4,4.88,review
brooks,1,5.86,review
absence,1,3.58,review
ooh,1,5.84,review
ranks,2,5.42,review
fort,4,5.68,review
colony,1,5.56,review
historian,3,6.06,review
ghosts,3,3.84,review
clouds,1,6.34,review
tales,2,6.5,review
preserved,1,6.1,review
kitty,1,6.62,review
landing,2,5.82,review
consensus,2,6.08,review
triumph,1,7.46,review
moore,2,5.44,review
voltage,3,5.56,review
bro,1,6.22,review
fam,2,5.4,review
nerves,1,4.47,review
precisely,1,5.98,review
announced,1,5.48,review
virus,1,2.08,review
fever,1,2.78,review
martinez,1,5.08,review
surface,1,5.32,review
bumpin,1,5.27,review
martin,1,5.26,review
potter,1,5.86,review
ho,1,4.34,review
jr,1,5.42,review
sins,2,2.88,review
supervisor,3,5.0,review
calculated,1,5.42,review
cotton,3,6.22,review
missouri,1,5.72,review
illustrated,1,6.34,review
acid,4,3.59,review
furthermore,3,5.45,review
functioning,1,6.46,review
sealed,2,5.1,review
stevens,1,5.08,review
represented,1,5.98,review
russell,2,5.36,review
emerged,1,5.68,review
humanity,1,7.02,review
interference,1,4.71,review
patterns,1,5.92,review
republican,1,4.42,review
arguments,1,3.04,review
laying,2,5.14,review
kennedy,1,5.58,review
westport,1,5.02,review
relevant,2,6.49,review
certainty,2,6.6,review
storms,1,4.34,review
robbery,1,2.08,review
trump,1,5.3,review
increasingly,2,6.1,review
talkin,2,5.58,review
nuclear,1,3.28,review
alexandra,2,5.66,review
orientation,1,5.74,review
architectural,1,6.22,review
heritage,1,6.68,review
commander,2,5.26,review
strict,1,4.13,review
maximum,2,6.38,review
sending,3,5.8,review
scores,1,5.9,review
metropolitan,1,6.3,review
striking,2,4.7,review
represent,1,5.44,review
border,1,4.9,review
profound,1,6.18,review
pen,2,5.72,review
hatred,1,2.22,review
mortal,1,4.29,review
belonging,1,6.84,review
ticking,1,4.82,review
clown,1,5.65,review
benjamin,2,5.68,review
rocky,3,4.7,review
dome,1,5.46,review
settle,2,5.08,review
conservative,2,4.54,review
inspector,2,4.58,review
letters,1,5.9,review
wholly,2,5.92,review
ireland,1,5.98,review
hound,1,4.7,review
jets,1,5.52,review
han,2,4.94,review
graduate,1,7.08,review
urged,1,4.54,review
parliament,2,4.98,review
glove,1,5.66,review
kings,2,5.94,review
schools,1,5.98,review
spell,1,5.6,review
sigh,3,4.16,review
document,1,5.4,review
fireworks,1,7.14,review
hmm,1,5.04,review
warmth,1,7.24,review
temp,5,4.84,review
portrait,4,6.42,review
cd,2,6.14,review
copyright,1,5.14,review
release,1,6.1,review
princes,1,6.44,review
restore,1,6.14,review
vain,1,3.82,review
roosevelt,1,5.34,review
nerd,2,4.8,review
succeeding,1,7.58,review
perception,1,5.76,review
graham,2,5.68,review
seth,1,5.3,review
drinkin,1,5.65,review
sis,1,6.44,review
beside,4,5.44,review
todd,12,5.02,review
goodbyes,1,4.02,review
thou,3,5.14,review
sheep,1,6.14,review
stepped,3,5.18,review
undoubtedly,1,5.45,review
strung,1,4.66,review
heh,1,5.98,review
haunt,1,3.62,review
whilst,1,5.04,review
sim,1,5.36,review
russia,1,5.5,review
dumb,4,3.06,review
arnold,2,4.86,review
ahh,1,5.38,review
population,1,5.16,review
corporation,1,5.06,review
kate,2,5.48,review
twin,1,6.14,review
target,2,5.36,review
receives,1,6.13,review
stats,1,5.28,review
af,2,4.76,review
loc,1,4.7,review
jaja,1,4.94,review
recording,1,5.9,review
deepest,1,5.32,review
vie,1,4.94,review
abt,1,4.84,review
belongs,1,6.3,review
beyonce,1,5.52,review
hampton,2,5.34,review
scar,1,3.28,review
tract,1,4.86,review
carved,2,5.38,review
tremendous,2,6.72,review
canaan,1,5.08,review
moe,3,4.9,review
tame,2,5.55,review
nxt,1,4.96,review
mississippi,1,5.68,review
stages,1,5.84,review
coulda,1,4.76,review
cadillac,1,5.74,review
tumor,1,2.53,review
cheek,1,6.14,review
imports,1,5.44,review
champion,1,7.64,review
drowning,1,2.44,review
henry,1,5.14,review
tragic,1,2.34,review
columbia,1,5.44,review
partly,1,5.32,review
favorable,1,7.36,review
barnes,1,5.3,review
ross,2,5.54,review
intentions,1,5.63,review
casa,2,5.66,review
naughty,1,4.94,review
havin,1,5.14,review
protest,1,3.56,review
sola,1,4.92,review
faithful,2,7.51,review
manchester,1,5.56,review
revival,1,6.44,review
escaped,2,5.84,review
paranoid,1,3.5,review
acquired,2,6.04,review
resigned,1,3.76,review
georgia,1,5.44,review
mar,1,4.84,review
horse,1,6.8,review
goin,1,5.24,review
implied,1,5.02,review
med,2,4.96,review
rapid,1,5.8,review
identity,1,5.98,review
stern,1,4.24,review
pause,2,5.1,review
gutter,1,3.76,review
ohhh,1,5.08,review
torch,1,5.11,review
iii,2,4.96,review
ama,1,4.96,review
hehe,1,6.48,review
zo,1,4.9,review
characteristics,1,5.62,review
artistic,1,7.12,review
citizen,6,5.92,review
watches,3,5.62,review
deception,1,3.39,review
colonial,1,5.36,review
forecast,1,5.92,review
skies,1,7.16,review
labour,1,4.86,review
reverse,1,4.5,review
hangs,1,3.76,review
defend,1,5.22,review
pearls,2,6.77,review
perspectives,1,5.68,review
findings,2,5.52,review
adviser,2,5.48,review
tune,1,6.18,review
betrayed,1,2.57,review
ada,1,5.04,review
eff,1,4.32,review
structures,1,5.65,review
jaded,1,3.92,review
nowadays,1,5.42,review
critics,1,3.8,review
liberal,1,5.8,review
faced,2,5.24,review
pls,1,5.08,review
squad,1,5.18,review
metals,1,6.0,review
patricia,3,5.5,review
congratulations,1,8.0,review
laura,6,5.58,review
approaches,1,6.04,review
cavity,1,3.24,review
trinity,1,6.1,review
deaf,1,2.67,review
leap,1,6.26,review
ski,1,5.84,review
entry,2,5.74,review
presently,1,5.96,review
rusty,1,3.78,review
damned,1,3.26,review
program,2,5.68,review
warren,1,5.0,review
mei,1,5.04,review
von,1,5.12,review
designers,1,6.38,review
mortgage,1,3.88,review
carl,1,5.02,review
containing,2,5.78,review
sixth,1,5.12,review
stash,1,5.31,review
peep,1,5.58,review
reversed,1,4.78,review
optical,2,5.78,review
globe,1,6.28,review
specimens,1,5.08,review
mining,1,4.84,review
phd,1,6.2,review
parish,1,5.37,review
deeply,1,5.76,review
rays,2,6.49,review
panel,1,5.54,review
carbon,1,5.0,review
sentiment,3,5.8,review
grad,1,6.24,review
proceeding,1,6.12,review
halfway,1,5.5,review
causes,2,4.88,review
nancy,1,5.4,review
requiring,2,5.02,review
pulls,1,5.46,review
gender,2,5.8,review
advances,1,6.24,review
loans,1,3.82,review
pigs,1,4.62,review
digest,1,5.66,review
wage,1,6.44,review
relating,1,5.84,review
crucial,1,4.52,review
oct,1,5.62,review
rehearsal,1,5.8,review
debate,1,4.94,review
deeper,1,5.86,review
handy,3,6.32,review
fled,1,3.98,review
stumble,1,4.42,review
java,1,5.98,review
critic,1,3.36,review
forum,2,5.94,review
cursed,1,3.12,review
ing,1,5.15,review
waits,1,4.53,review
sono,2,4.9,review
qui,1,4.88,review
sempre,2,5.08,review
anche,1,4.96,review
una,2,4.94,review
tutto,1,4.83,review
respected,1,7.18,review
rescue,2,6.62,review
vitamin,1,6.88,review
thangs,1,4.73,review
flame,1,5.49,review
mis,1,4.88,review
shore,1,6.42,review
jefferson,1,5.52,review
intellectual,1,6.98,review
bueno,1,6.06,review
crisis,1,2.48,review
bliss,1,7.24,review
clap,2,6.48,review
withdrawal,1,3.72,review
knee,1,5.08,review
youll,1,4.94,review
ay,1,5.34,review
memphis,1,5.42,review
cam,1,5.46,review
heartache,1,2.28,review
isnt,1,3.98,review
objection,1,4.18,review
founding,1,5.78,review
jake,1,5.26,review
gilbert,1,5.08,review
inspire,1,7.12,review
sixteen,1,6.39,review
adopt,5,6.4,review
deed,2,5.6,review
devotion,1,6.32,review
grave,1,2.56,review
gang,1,3.82,review
wicked,1,3.38,review
ncaa,1,5.12,review
prey,1,4.18,review
naive,1,4.37,review
butler,1,5.38,review
ensemble,1,5.76,review
hart,1,5.08,review
andy,1,4.9,review
fragile,1,3.83,review
scout,1,5.88,review
joshua,3,5.32,review
troubles,1,3.42,review
warriors,1,5.55,review
fm,1,5.5,review
inspiration,1,7.02,review
surround,1,5.44,review
agenda,1,4.94,review
mrs,1,5.88,review
abc,1,5.24,review
acoustic,1,6.48,review
peggy,1,5.3,review
carriage,1,6.02,review
scales,1,5.3,review
lawyers,1,4.26,review
settlement,1,5.9,review
eliminate,1,3.82,review
origins,1,5.4,review
ahhhh,1,5.78,review
reunion,1,6.96,review
darker,1,3.94,review
dynamite,1,5.04,review
maurice,1,5.2,review
papers,1,5.26,review
titles,1,5.56,review
massachusetts,1,5.58,review
risks,1,3.78,review
lmao,1,5.8,review
lawsuit,1,2.96,review
inferior,1,3.2,review
screams,1,3.48,review
rises,1,6.24,review
continuity,1,6.33,review
vulnerable,1,3.34,review
time,30811,5.74,tip
with,67647,5.72,tip
the,437545,4.98,tip
ladies,1133,7.2,tip
they,79737,5.62,tip
have,49744,5.82,tip
lots,5265,6.28,tip
of,101494,4.94,tip
good,104609,7.2,tip
and,315926,5.22,tip
tasty,7605,7.58,tip
cuban,1692,5.54,tip
it,108619,5.02,tip
s,70248,5.04,tip
open,13008,6.1,tip
even,11075,5.58,tip
when,15753,4.96,tip
you,100232,6.24,tip
think,3827,6.2,tip
isn,2232,4.86,tip
t,62395,4.84,tip
very,51377,6.12,tip
decent,4513,6.22,tip
fried,7809,5.7,tip
chicken,20180,6.4,tip
special,8057,7.2,tip
for,138163,5.22,tip
lunch,17433,7.42,tip
chili,1735,6.1,tip
cup,2062,5.66,tip
single,906,5.12,tip
vanilla,1023,6.96,tip
so,44602,5.08,tip
far,4581,4.38,tip
saturday,4274,7.42,tip
dec,231,5.38,tip
th,3765,4.76,tip
ride,1126,6.14,tip
silver,192,6.38,tip
sleigh,12,5.88,tip
w,4057,4.86,tip
santa,1036,6.8,tip
his,2943,5.56,tip
on,78069,5.56,tip
a,212561,5.24,tip
train,575,5.98,tip
into,3096,5.04,tip
center,1712,5.3,tip
city,4691,5.76,tip
trains,75,6.18,tip
leave,2651,4.52,tip
from,23192,5.18,tip
at,47339,4.9,tip
am,8476,5.38,tip
pm,11067,5.52,tip
make,14017,6.0,tip
all,30406,6.22,tip
stops,174,4.58,tip
great,168114,7.88,tip
kids,5236,7.38,tip
this,78651,5.06,tip
is,176630,5.18,tip
probably,1996,5.64,tip
best,67514,7.18,tip
place,80849,5.56,tip
in,119000,5.5,tip
cool,6521,7.2,tip
springs,188,6.58,tip
area,8525,5.44,tip
to,173177,4.98,tip
watch,2791,5.7,tip
game,2831,6.92,tip
eat,12522,7.04,tip
tacos,8416,6.56,tip
starbucks,1919,6.48,tip
substitute,218,4.88,tip
boring,277,2.9,tip
downtown,1806,5.78,tip
tampa,3024,5.48,tip
ugh,508,3.52,tip
never,11708,3.34,tip
again,9256,5.42,tip
order,18103,5.22,tip
soup,7260,6.52,tip
will,27524,6.02,tip
definitely,10399,6.2,tip
be,41631,5.68,tip
coming,5122,5.84,tip
back,25312,5.18,tip
if,37189,4.66,tip
must,10335,4.82,tip
stop,5244,3.9,tip
let,3885,5.38,tip
go,36232,5.54,tip
yankees,39,5.22,tip
basically,408,5.56,tip
same,3592,5.36,tip
food,126323,7.44,tip
as,25661,5.22,tip
rally,54,5.7,tip
more,14328,6.24,tip
don,27895,4.98,tip
dinner,9102,7.4,tip
close,4319,4.94,tip
really,20259,5.84,tip
l,813,5.28,tip
negative,393,2.42,tip
stars,2414,7.1,tip
restaurant,11621,7.06,tip
where,4097,5.02,tip
didn,4446,4.8,tip
intended,56,5.2,tip
mins,1236,4.94,tip
take,10669,5.18,tip
out,30851,4.62,tip
right,8195,6.54,tip
tight,460,4.6,tip
got,10432,5.6,tip
was,83266,4.6,tip
delicious,32968,7.92,tip
but,52164,4.24,tip
small,7472,4.52,tip
portion,1393,5.48,tip
i,137476,5.92,tip
like,25271,7.22,tip
environment,2077,6.22,tip
here,53397,5.48,tip
sure,10000,6.32,tip
though,4791,4.78,tip
bomb,2651,1.96,tip
love,48097,8.42,tip
dish,2107,6.12,tip
try,27462,6.02,tip
ll,8359,4.82,tip
lol,2213,6.84,tip
helping,301,7.18,tip
find,5961,6.0,tip
new,20028,6.82,tip
phone,2738,6.44,tip
yes,3032,6.74,tip
m,11852,5.06,tip
eating,2838,7.3,tip
breakfast,14734,6.86,tip
bake,204,6.68,tip
up,21193,6.14,tip
please,3218,6.36,tip
cheese,12039,6.88,tip
tastes,1853,6.38,tip
large,4147,6.06,tip
sharing,317,7.06,tip
are,69727,5.16,tip
also,10417,5.42,tip
awesome,32603,7.6,tip
haven,1750,6.54,tip
been,12021,5.04,tip
while,5266,5.12,tip
or,24807,4.98,tip
used,2763,4.6,tip
west,1163,5.68,tip
coast,374,6.44,tip
called,2417,5.6,tip
carl,40,5.02,tip
jr,104,5.42,tip
both,3327,5.9,tip
applicable,10,6.0,tip
me,18561,6.58,tip
come,17782,5.82,tip
turkey,1664,6.16,tip
burger,9557,6.18,tip
no,25963,3.48,tip
longer,2272,5.18,tip
menu,15900,6.2,tip
everything,11781,5.96,tip
yummy,10169,7.22,tip
allow,599,6.0,tip
yourself,2389,6.24,tip
wait,15650,3.74,tip
your,36627,5.6,tip
looks,3073,5.98,tip
mini,866,5.42,tip
similar,304,5.96,tip
white,2724,6.28,tip
castle,94,6.34,tip
tap,2516,5.4,tip
public,524,5.18,tip
early,6384,5.66,tip
service,85536,6.0,tip
fill,866,5.7,tip
quickly,1399,5.82,tip
had,30725,4.74,tip
coffee,15570,7.18,tip
owner,4379,6.1,tip
sold,801,5.36,tip
not,54051,3.86,tip
there,25067,5.1,tip
anymore,910,4.56,tip
pancakes,1967,6.96,tip
taking,1379,5.32,tip
free,17997,7.96,tip
shuttle,480,5.78,tip
cards,1995,6.02,tip
honey,1371,7.44,tip
salmon,2044,5.94,tip
amazing,36935,7.66,tip
real,3743,6.78,tip
fruit,1305,7.12,tip
general,715,5.32,tip
around,8354,5.62,tip
sweet,6600,7.64,tip
pork,5484,4.98,tip
ask,11061,5.2,tip
extra,3757,6.52,tip
sauce,7280,6.04,tip
fish,5712,6.58,tip
chips,3522,6.5,tip
hours,6152,5.22,tip
incorrect,290,2.84,tip
saturdays,843,7.52,tip
gas,1425,4.76,tip
ever,19584,5.42,tip
by,14516,4.98,tip
some,13789,5.02,tip
jelly,264,6.24,tip
bean,980,5.8,tip
weekend,2506,8.0,tip
atmosphere,15833,6.3,tip
steak,5576,6.62,tip
yum,7851,7.1,tip
call,5656,5.74,tip
ahead,3121,6.08,tip
jimmy,243,5.36,tip
manager,2494,5.02,tip
does,3536,5.22,tip
what,15051,4.8,tip
he,6561,5.42,tip
thanks,3289,7.4,tip
him,1528,5.54,tip
now,13020,5.9,tip
my,58975,6.16,tip
fav,1113,5.96,tip
wings,7828,6.52,tip
rings,889,6.36,tip
enjoyed,2670,8.02,tip
much,8995,5.74,tip
mmm,1018,5.7,tip
fries,8499,6.52,tip
work,7205,5.24,tip
dont,1412,3.7,tip
inside,4358,5.4,tip
cause,780,5.22,tip
carpet,160,5.94,tip
guess,1129,5.64,tip
just,26722,5.76,tip
drive,4943,6.08,tip
thru,2869,5.22,tip
its,5515,4.96,tip
worth,11038,6.78,tip
bite,1256,3.98,tip
nice,30625,7.38,tip
choice,1993,6.24,tip
want,9221,5.7,tip
mountain,208,6.4,tip
nap,100,6.44,tip
later,1982,4.6,tip
happy,13589,8.3,tip
hour,12845,5.32,tip
rocks,1682,5.96,tip
pizza,23574,7.16,tip
live,4694,6.84,tip
music,7121,8.02,tip
excellent,21647,8.18,tip
drinks,11924,6.74,tip
ordered,4328,4.96,tip
pad,1360,5.14,tip
thai,4504,6.22,tip
super,11669,7.68,tip
roll,4362,5.66,tip
always,27361,6.48,tip
shoe,286,5.84,tip
average,2274,5.1,tip
nothing,4416,3.9,tip
write,521,5.8,tip
home,6865,7.14,tip
about,11437,5.16,tip
market,1873,6.28,tip
beautiful,5396,7.92,tip
location,10772,5.68,tip
easy,3543,6.76,tip
parking,9961,5.02,tip
visit,4792,6.54,tip
using,1072,5.0,tip
coupon,1296,6.56,tip
save,2418,6.54,tip
she,7376,6.18,tip
absolute,960,5.4,tip
turn,960,5.2,tip
perfect,6918,7.42,tip
bar,17021,5.82,tip
bit,4073,4.54,tip
loud,1862,4.34,tip
du,253,4.88,tip
resort,237,7.1,tip
powder,194,5.74,tip
beach,1923,7.94,tip
anniversary,537,6.7,tip
college,494,6.94,tip
crowd,1500,4.14,tip
dive,909,5.64,tip
scene,346,5.94,tip
friendly,31097,7.66,tip
folks,1164,6.04,tip
irish,769,5.82,tip
eye,770,6.14,tip
candy,577,7.52,tip
hahaha,60,7.94,tip
beer,17414,5.92,tip
friends,3387,7.92,tip
get,46899,5.92,tip
together,784,6.8,tip
catch,573,5.74,tip
before,9546,5.1,tip
mad,365,2.6,tip
rush,1022,4.12,tip
poor,2492,2.32,tip
staff,29742,5.36,tip
dessert,2700,7.28,tip
above,841,5.96,tip
lie,229,2.6,tip
fine,1357,6.74,tip
mom,1014,7.64,tip
only,18921,4.92,tip
better,12620,7.0,tip
many,5115,5.82,tip
buffalo,1302,5.5,tip
tennessee,194,5.82,tip
opens,709,5.92,tip
monday,3308,4.3,tip
through,3925,5.62,tip
bread,5487,6.34,tip
meh,1078,4.72,tip
sandwich,9277,7.06,tip
cut,2268,3.42,tip
italian,3434,6.48,tip
oil,1504,4.88,tip
o,2116,4.96,tip
hot,10795,5.02,tip
bloody,2054,2.94,tip
mary,1915,5.88,tip
holiday,885,7.68,tip
party,2918,7.58,tip
chinese,3156,5.64,tip
ve,15557,4.92,tip
orleans,2301,5.34,tip
rarely,202,4.38,tip
over,8769,4.82,tip
minutes,5171,5.28,tip
delivery,3379,6.02,tip
makes,3137,5.56,tip
sometimes,1388,5.28,tip
hugs,17,7.8,tip
their,27564,5.16,tip
section,1116,5.28,tip
produce,734,6.26,tip
specialty,671,6.6,tip
foods,1487,7.26,tip
mash,136,5.02,tip
last,4957,3.74,tip
solid,1796,5.92,tip
late,3995,3.46,tip
night,11528,6.22,tip
slow,6694,3.78,tip
took,3374,4.76,tip
server,4186,5.48,tip
approach,90,5.94,tip
thursday,2131,5.86,tip
bad,9535,2.64,tip
seat,1492,5.86,tip
soon,2384,6.34,tip
surf,213,6.52,tip
meat,4015,6.2,tip
ratio,81,5.41,tip
hangover,298,2.92,tip
ppl,370,5.54,tip
business,5243,5.94,tip
ownership,407,6.38,tip
day,14463,6.24,tip
empty,1197,3.56,tip
clean,10562,6.9,tip
beers,3885,6.1,tip
flow,163,5.44,tip
first,11184,6.82,tip
bank,570,5.92,tip
america,528,6.76,tip
card,3819,5.72,tip
self,1019,6.24,tip
serve,2606,5.46,tip
we,27320,6.38,tip
too,18191,5.22,tip
lately,178,4.76,tip
sausage,1740,6.16,tip
gravy,1033,6.36,tip
because,6175,5.0,tip
duck,1618,6.18,tip
korean,992,5.48,tip
short,1724,4.46,tip
wednesday,2260,5.38,tip
round,576,5.54,tip
pies,606,6.8,tip
half,4893,4.6,tip
price,10990,5.0,tip
people,14133,6.16,tip
rude,5359,2.62,tip
oh,3294,4.84,tip
pressed,211,4.62,tip
local,5790,5.46,tip
def,906,4.96,tip
plus,2799,6.76,tip
garlic,2517,6.12,tip
wife,1623,6.62,tip
salad,10810,6.64,tip
portions,4388,5.64,tip
burnt,676,3.34,tip
skin,361,5.5,tip
however,1659,4.7,tip
size,2054,5.04,tip
pieces,692,4.76,tip
would,11013,5.38,tip
look,4054,5.54,tip
red,3473,5.56,tip
velvet,454,6.51,tip
nail,1415,4.7,tip
salon,2099,5.92,tip
appearance,96,5.8,tip
spice,1032,6.18,tip
room,5398,5.52,tip
soooooo,245,4.98,tip
miss,2750,3.64,tip
trying,3013,5.78,tip
woman,603,6.84,tip
wrong,4297,3.14,tip
one,23300,5.4,tip
show,2828,6.24,tip
comin,28,5.28,tip
fall,787,4.04,tip
brunch,6020,6.32,tip
sat,1787,5.24,tip
sun,1170,7.8,tip
rabbit,161,7.1,tip
fresh,16396,7.26,tip
curry,2099,5.84,tip
rice,4548,6.44,tip
big,6102,6.22,tip
warning,342,3.34,tip
tired,268,3.34,tip
few,3759,4.5,tip
weeks,1005,5.06,tip
unless,1670,4.24,tip
asian,1042,6.32,tip
can,30143,5.62,tip
pay,3368,5.3,tip
pump,244,5.22,tip
cash,6039,7.42,tip
charge,2110,4.9,tip
plate,1846,5.72,tip
cute,3294,7.52,tip
little,11456,4.6,tip
owned,1012,5.64,tip
shop,5453,6.76,tip
suggested,202,5.6,tip
mac,2719,5.74,tip
ipod,29,6.56,tip
speakers,83,5.64,tip
takes,1731,5.04,tip
explain,204,5.46,tip
each,2402,5.4,tip
product,612,5.56,tip
effects,16,5.5,tip
plant,246,6.74,tip
member,518,5.94,tip
still,8010,5.14,tip
sign,2875,5.66,tip
child,408,7.24,tip
swim,161,6.84,tip
lessons,119,5.98,tip
during,4743,5.2,tip
summer,2136,6.4,tip
another,3994,5.2,tip
since,3283,5.24,tip
moved,1211,5.06,tip
sits,86,5.37,tip
off,12306,4.02,tip
street,4932,5.44,tip
rachel,178,5.76,tip
checking,1056,5.2,tip
ok,5572,5.94,tip
neither,134,4.46,tip
were,18148,4.86,tip
true,1082,7.08,tip
horrible,4877,2.24,tip
combo,1446,5.64,tip
cream,7264,6.8,tip
lemon,1187,6.16,tip
cake,3311,7.58,tip
that,34268,4.94,tip
than,10894,4.74,tip
sounds,489,5.98,tip
flavor,3791,6.88,tip
customer,9759,5.66,tip
every,9537,5.64,tip
then,5250,5.34,tip
spanish,418,5.82,tip
style,3270,6.76,tip
drink,8048,6.36,tip
playing,974,7.14,tip
background,148,5.42,tip
actual,454,5.48,tip
passion,217,7.3,tip
mainly,112,5.26,tip
beans,2167,6.0,tip
etc,1156,5.18,tip
larger,455,5.94,tip
dining,2667,6.48,tip
nd,1099,4.8,tip
floor,1644,5.16,tip
an,20920,4.84,tip
outdoor,2630,6.94,tip
rolls,4014,5.56,tip
went,4721,4.88,tip
accident,125,2.32,tip
bbq,5054,6.32,tip
down,9258,3.66,tip
thursdays,621,5.54,tip
after,9897,5.08,tip
our,12553,6.08,tip
way,9286,5.24,tip
dude,377,5.8,tip
pat,242,5.6,tip
usually,2423,5.66,tip
busy,5839,4.58,tip
blackberry,193,6.26,tip
most,5347,6.22,tip
st,5356,4.88,tip
louis,1741,5.14,tip
sushi,10523,5.4,tip
past,1147,4.62,tip
need,7966,4.84,tip
quick,8640,6.02,tip
snack,794,7.1,tip
give,4882,6.54,tip
them,11324,4.92,tip
may,3169,5.48,tip
cleaning,597,5.6,tip
able,1041,6.56,tip
grab,2125,5.06,tip
between,1594,5.1,tip
neck,172,5.3,tip
made,7852,5.96,tip
pls,58,5.08,tip
board,927,4.76,tip
alone,539,3.32,tip
met,438,5.82,tip
owners,2075,5.74,tip
vibe,2082,6.02,tip
foot,506,5.02,tip
leg,199,5.62,tip
massage,1888,6.94,tip
included,594,6.16,tip
chicago,706,5.84,tip
doing,1712,5.5,tip
construction,570,5.64,tip
office,1397,5.12,tip
different,3355,5.38,tip
normal,533,5.98,tip
going,7702,5.42,tip
years,3864,5.28,tip
chelsea,66,5.74,tip
friday,4227,6.88,tip
offer,2546,6.62,tip
lowest,63,3.3,tip
drain,56,4.12,tip
nashville,2759,5.82,tip
pretty,8511,7.32,tip
re,12337,4.88,tip
working,2334,5.56,tip
house,4714,6.34,tip
promo,246,5.56,tip
olympics,20,7.02,tip
whenever,327,4.92,tip
ready,2582,6.58,tip
slice,1306,5.02,tip
ac,362,5.64,tip
fooled,157,3.63,tip
bang,728,3.96,tip
wow,3378,7.46,tip
band,1245,6.42,tip
terrible,4884,2.84,tip
tonight,3929,6.14,tip
hangin,38,5.25,tip
shaking,29,4.31,tip
hands,3253,6.0,tip
sister,384,6.76,tip
shoes,792,6.06,tip
prices,11438,4.38,tip
workout,649,5.78,tip
clothes,713,6.46,tip
deal,4025,6.32,tip
dirty,2357,3.2,tip
such,3391,5.16,tip
event,1395,6.12,tip
opened,1293,6.0,tip
today,8141,6.22,tip
hold,649,5.7,tip
until,3946,4.94,tip
timing,68,5.66,tip
issues,563,3.9,tip
glass,1568,5.76,tip
water,3787,6.7,tip
tree,318,7.12,tip
nuts,271,5.86,tip
football,636,6.34,tip
championship,57,7.32,tip
lights,527,6.32,tip
texas,374,5.54,tip
ncaa,37,5.12,tip
spot,11706,5.26,tip
wish,2754,6.92,tip
stomach,338,5.4,tip
sitting,1440,5.68,tip
crime,47,2.2,tip
blame,82,2.82,tip
cancer,102,1.54,tip
check,11279,6.1,tip
regular,2354,5.7,tip
line,6021,4.98,tip
everyone,3670,6.12,tip
should,3932,5.24,tip
know,6730,6.1,tip
two,6897,5.4,tip
healthy,2181,8.02,tip
currently,907,5.34,tip
hand,1644,5.9,tip
pumped,45,5.8,tip
available,3760,6.58,tip
case,712,5.02,tip
near,1773,5.72,tip
counter,1844,5.44,tip
includes,559,5.88,tip
sides,1135,5.04,tip
remember,1089,6.42,tip
wishing,48,6.74,tip
tie,106,5.5,tip
closing,1372,3.96,tip
slightly,474,4.8,tip
outdated,123,3.66,tip
actually,2415,5.3,tip
sunday,6339,7.28,tip
website,1449,6.28,tip
fantastic,8508,7.78,tip
rate,457,5.34,tip
five,1292,5.24,tip
sarah,204,5.4,tip
talked,144,5.9,tip
entire,1094,5.88,tip
keep,3066,5.86,tip
mind,1171,6.04,tip
update,817,5.72,tip
highly,6915,6.6,tip
recommended,2531,6.46,tip
these,4048,5.1,tip
guys,2895,6.22,tip
trust,1122,7.22,tip
completely,924,6.34,tip
away,4707,4.22,tip
studio,366,6.34,tip
pole,39,5.5,tip
dancing,339,7.08,tip
offers,673,6.48,tip
top,4052,6.76,tip
classes,848,5.84,tip
well,10691,6.68,tip
hip,402,5.88,tip
hop,278,5.6,tip
pound,405,4.98,tip
chair,357,5.44,tip
dance,523,7.36,tip
choose,1451,5.94,tip
chrome,18,5.86,tip
has,14415,5.18,tip
writer,18,5.96,tip
review,2145,5.32,tip
mee,24,5.0,tip
fan,1366,6.66,tip
wasn,2351,4.63,tip
kinda,1023,4.9,tip
forgot,686,3.44,tip
corn,1632,6.64,tip
bring,7199,5.3,tip
plenty,2131,6.98,tip
terminal,621,3.98,tip
mostly,550,5.8,tip
employees,2960,5.64,tip
picked,522,6.08,tip
crew,614,5.6,tip
given,571,5.74,tip
frozen,1668,4.38,tip
tips,739,6.28,tip
cheap,4607,5.48,tip
gotta,1707,5.02,tip
needs,2626,4.98,tip
lesson,125,5.3,tip
wine,6800,6.42,tip
larry,98,5.14,tip
chocolate,4500,7.86,tip
view,2444,5.72,tip
tasting,2076,6.54,tip
hard,3062,4.1,tip
week,4650,5.08,tip
finish,649,6.72,tip
favorite,13590,7.04,tip
girl,1277,7.0,tip
flight,969,6.06,tip
discount,1750,7.2,tip
laundry,229,4.1,tip
wednesdays,789,5.76,tip
recipes,141,6.86,tip
taco,3296,6.2,tip
town,9226,5.88,tip
reminds,406,5.4,tip
mexico,177,5.84,tip
taste,4601,6.88,tip
cooked,2110,6.54,tip
vday,18,5.62,tip
buy,3846,6.28,tip
mexican,4615,5.4,tip
pepper,1123,5.48,tip
jack,542,5.5,tip
family,5781,7.72,tip
meal,6387,7.18,tip
budget,311,5.08,tip
holy,804,6.64,tip
thing,3239,5.58,tip
huge,4846,6.14,tip
seeing,616,6.38,tip
worlds,112,6.24,tip
end,2320,4.36,tip
addition,756,5.9,tip
store,7436,5.98,tip
unique,2010,6.98,tip
purchase,1554,6.34,tip
cleaned,399,6.54,tip
hoping,360,7.04,tip
sunset,475,7.16,tip
tried,3678,5.48,tip
ham,686,5.66,tip
did,5830,5.58,tip
enjoy,4662,7.66,tip
theory,28,5.42,tip
crushed,83,3.54,tip
opinion,538,5.82,tip
taken,746,4.28,tip
pic,346,5.98,tip
eyes,362,6.24,tip
tearing,11,3.73,tip
due,1158,4.22,tip
girls,1201,6.94,tip
aids,32,4.28,tip
dangerous,156,2.44,tip
won,5137,8.1,tip
return,2526,5.2,tip
scared,173,2.58,tip
brazilian,258,6.06,tip
seems,1761,5.22,tip
changed,1264,5.06,tip
months,1076,5.16,tip
ago,1142,4.88,tip
miracle,62,7.64,tip
cafe,2428,6.78,tip
com,1988,5.42,tip
lot,6728,5.78,tip
sugar,1184,6.74,tip
difference,314,4.78,tip
factory,190,5.08,tip
double,1641,5.8,tip
nights,1824,6.52,tip
birthday,2530,7.78,tip
matt,286,5.26,tip
drawn,62,5.66,tip
father,231,7.06,tip
bonus,387,7.68,tip
sight,149,6.18,tip
lines,1666,5.26,tip
items,3381,5.38,tip
pie,2900,6.78,tip
crush,59,5.12,tip
cookies,1444,7.28,tip
say,5638,5.54,tip
old,5256,3.98,tip
lady,1350,6.6,tip
clothing,364,6.6,tip
prepared,2677,6.74,tip
do,16170,5.76,tip
mean,947,3.68,tip
mine,675,6.3,tip
else,4688,4.76,tip
advice,371,6.22,tip
gonna,797,4.86,tip
post,1192,5.48,tip
nobody,320,3.64,tip
crawling,64,5.18,tip
screening,70,5.06,tip
digital,112,6.12,tip
wind,123,5.8,tip
symphony,54,6.58,tip
wearing,358,5.5,tip
green,3173,6.78,tip
experience,8068,6.34,tip
fast,11365,6.44,tip
accurate,257,6.67,tip
cakes,1430,7.56,tip
options,5175,6.24,tip
rich,499,7.98,tip
continuous,17,6.14,tip
lake,195,6.74,tip
beef,5021,5.28,tip
says,1845,5.28,tip
who,5437,5.06,tip
plane,153,6.3,tip
ashley,226,5.42,tip
lucky,504,7.68,tip
enough,4291,5.46,tip
sit,4160,5.36,tip
her,4289,5.84,tip
positive,329,7.8,tip
pleasant,1433,7.48,tip
seated,1033,5.8,tip
trips,142,6.98,tip
stand,938,5.6,tip
twenty,142,5.9,tip
came,4326,5.42,tip
waited,1656,4.32,tip
spread,358,5.48,tip
could,5082,5.52,tip
brought,932,5.9,tip
put,2732,5.04,tip
sooner,131,6.24,tip
which,5290,4.94,tip
effort,196,5.86,tip
towards,410,5.72,tip
recovery,46,6.64,tip
life,2645,7.32,tip
waste,1733,2.7,tip
feel,3441,5.9,tip
cooking,767,7.08,tip
tea,5737,6.66,tip
selection,10288,5.96,tip
egg,2768,5.98,tip
nog,50,5.34,tip
san,287,5.02,tip
francisco,68,5.6,tip
modern,566,6.48,tip
see,7498,6.06,tip
club,2016,5.86,tip
pasta,2272,6.86,tip
bacon,3494,5.96,tip
combination,399,6.14,tip
remarkable,67,7.3,tip
quality,6054,7.1,tip
alternative,342,5.94,tip
started,802,6.0,tip
peanut,1129,6.06,tip
female,197,6.88,tip
forget,2287,3.22,tip
tip,3784,6.24,tip
minimum,801,4.14,tip
credit,2389,5.86,tip
somewhat,241,4.76,tip
comfy,586,7.18,tip
set,1249,5.58,tip
ng,15,4.82,tip
survey,93,6.18,tip
next,5655,5.62,tip
kobe,201,4.76,tip
source,126,5.72,tip
closed,11502,3.66,tip
divine,479,7.26,tip
heavy,524,4.1,tip
comes,1825,5.58,tip
beat,2268,4.2,tip
less,2683,4.1,tip
left,2847,4.64,tip
own,3384,6.16,tip
devices,63,5.92,tip
consume,22,5.31,tip
nelson,45,5.38,tip
liquor,679,5.36,tip
helpful,5163,7.24,tip
learned,253,6.92,tip
license,329,5.56,tip
asked,1789,5.36,tip
serving,1481,5.64,tip
alcohol,684,5.2,tip
said,4320,5.38,tip
mid,457,5.24,tip
august,595,5.98,tip
heads,357,5.64,tip
casino,504,6.04,tip
rip,514,4.0,tip
juice,1446,7.12,tip
ginger,857,5.76,tip
added,1059,5.78,tip
alive,123,7.18,tip
waiting,3939,3.68,tip
forever,1183,6.46,tip
arrive,907,6.32,tip
royal,207,5.82,tip
ice,7370,5.8,tip
ma,121,6.08,tip
peeps,177,5.32,tip
question,315,4.98,tip
health,730,7.22,tip
department,538,5.26,tip
kitchen,2067,6.04,tip
looked,922,5.58,tip
filthy,397,2.82,tip
comfortable,1415,7.32,tip
cha,109,5.18,tip
rd,884,4.86,tip
tv,1042,6.7,tip
u,3392,5.52,tip
eff,34,4.32,tip
g,611,4.94,tip
relaxing,1312,7.52,tip
sample,681,5.84,tip
typical,807,5.22,tip
american,1139,6.74,tip
fare,532,5.26,tip
evening,1433,6.42,tip
other,7082,5.04,tip
coke,549,6.78,tip
zero,520,3.44,tip
side,5553,5.12,tip
killer,818,2.42,tip
cold,5155,4.22,tip
value,1879,6.36,tip
dog,4210,6.7,tip
samples,645,5.67,tip
watching,1238,5.84,tip
movies,416,7.34,tip
spa,751,6.92,tip
servings,247,6.06,tip
da,592,4.92,tip
date,1910,6.32,tip
seemed,562,5.14,tip
allowed,725,5.96,tip
us,6047,6.26,tip
talk,956,6.06,tip
locked,273,3.7,tip
disappointed,3853,2.26,tip
sidewalk,149,5.62,tip
tables,2517,5.42,tip
hang,1236,3.86,tip
www,922,6.18,tip
p,2158,5.06,tip
courses,203,5.8,tip
year,2833,5.38,tip
yay,1200,6.1,tip
dollar,1243,7.02,tip
per,1708,5.0,tip
person,2234,5.54,tip
walk,3698,6.02,tip
basic,654,5.16,tip
perfection,749,7.2,tip
dogs,2054,6.78,tip
money,4387,7.3,tip
future,417,6.76,tip
admission,448,5.78,tip
sundays,1880,7.38,tip
louisiana,264,5.66,tip
residents,138,5.66,tip
carry,1102,5.2,tip
conversation,439,6.24,tip
champion,34,7.64,tip
how,5875,4.68,tip
gay,201,4.44,tip
restaurants,1720,6.62,tip
ate,1374,6.18,tip
friend,1907,7.66,tip
threw,205,4.68,tip
spring,1607,7.16,tip
full,4274,6.22,tip
greedy,49,3.04,tip
boy,1792,6.24,tip
wanted,1494,5.08,tip
ended,451,3.84,tip
felt,835,5.48,tip
being,2922,5.84,tip
traveling,212,6.78,tip
shows,594,6.08,tip
ticket,836,5.32,tip
die,2815,1.74,tip
high,3130,6.64,tip
mistaken,17,3.6,tip
middle,813,5.34,tip
kingdom,45,6.2,tip
limited,1752,4.22,tip
omg,2164,5.1,tip
park,4312,7.08,tip
attached,236,5.58,tip
garage,784,5.24,tip
businesses,318,5.64,tip
hills,130,6.4,tip
saw,1139,5.44,tip
picking,761,5.48,tip
orders,1727,4.24,tip
others,946,5.22,tip
break,888,5.04,tip
porch,202,6.02,tip
fellow,148,5.5,tip
driver,421,5.7,tip
crowded,2645,3.71,tip
weekends,1914,7.7,tip
lovely,1907,7.32,tip
grown,180,6.08,tip
farmers,284,6.34,tip
option,1567,5.94,tip
class,1605,5.52,tip
type,750,5.56,tip
under,2581,4.6,tip
words,972,6.04,tip
expressed,14,5.82,tip
annual,307,5.28,tip
inspection,158,4.61,tip
burns,48,2.78,tip
bucks,1024,6.7,tip
county,658,5.3,tip
variety,2491,6.78,tip
materials,44,5.54,tip
products,1195,5.76,tip
stepped,73,5.18,tip
choices,2037,6.04,tip
including,1079,5.96,tip
d,4021,4.72,tip
suggest,680,5.52,tip
tom,573,5.42,tip
strawberry,1389,7.14,tip
lean,83,5.53,tip
start,2234,6.1,tip
surprise,618,7.42,tip
rock,1394,6.14,tip
classic,1319,6.58,tip
theater,833,6.96,tip
sooooo,547,4.86,tip
mama,286,7.24,tip
river,624,6.68,tip
vip,266,6.24,tip
looking,3909,5.94,tip
split,707,4.26,tip
theyre,51,5.04,tip
dress,621,6.6,tip
any,7251,5.22,tip
palm,110,5.48,tip
cant,483,3.48,tip
pa,403,5.32,tip
step,432,5.32,tip
everywhere,559,5.76,tip
play,1595,7.26,tip
xbox,16,6.24,tip
air,1040,6.8,tip
favor,638,6.0,tip
electronics,89,6.48,tip
n,4163,4.82,tip
copies,49,5.28,tip
man,2056,5.9,tip
finally,1964,5.58,tip
freakin,170,4.66,tip
low,1516,3.66,tip
trip,1910,7.0,tip
hill,649,5.98,tip
world,2621,6.52,tip
fair,1694,6.96,tip
incredible,2535,7.42,tip
brew,1047,6.0,tip
behind,1784,4.42,tip
av,18,4.94,tip
vodka,630,5.56,tip
impressed,1546,7.24,tip
whether,243,4.92,tip
rose,386,7.32,tip
lime,736,6.6,tip
valid,201,6.71,tip
mai,133,5.04,tip
relaxed,534,7.22,tip
dry,1928,4.64,tip
required,362,4.46,tip
mondays,1221,4.06,tip
concept,448,5.48,tip
f,1261,4.64,tip
returning,709,5.58,tip
favour,14,6.92,tip
door,3510,5.38,tip
merry,96,7.56,tip
whiskey,579,5.72,tip
especially,2976,6.16,tip
bottle,1252,5.62,tip
miller,156,5.36,tip
lite,160,5.38,tip
located,1867,5.86,tip
vegan,3707,4.82,tip
rockin,129,6.7,tip
wave,88,6.34,tip
ears,120,5.72,tip
ringing,50,5.24,tip
stopped,1390,3.86,tip
crazy,1649,4.64,tip
care,3138,6.64,tip
wonderful,8062,7.76,tip
skip,1643,5.32,tip
lobby,623,5.2,tip
ignore,209,3.22,tip
hurry,691,4.34,tip
least,2523,4.0,tip
min,1937,4.76,tip
dee,110,5.04,tip
star,1725,7.22,tip
perhaps,237,4.96,tip
chip,832,5.42,tip
los,236,4.7,tip
funniest,17,7.76,tip
change,2399,5.56,tip
champ,28,6.52,tip
checked,532,5.34,tip
car,4196,6.72,tip
part,1359,4.98,tip
bathroom,1326,5.6,tip
thought,1205,6.38,tip
maybe,1728,4.7,tip
several,1466,5.66,tip
smell,822,4.82,tip
belly,812,4.78,tip
dancer,43,6.86,tip
understands,30,6.86,tip
outside,5190,5.8,tip
feed,421,6.42,tip
army,56,4.48,tip
gets,2505,5.84,tip
goes,1097,5.26,tip
exciting,177,7.58,tip
twice,1558,5.6,tip
java,121,5.98,tip
head,1193,5.96,tip
undoubtedly,23,5.45,tip
paper,662,5.8,tip
offered,787,6.14,tip
fabulous,2569,7.38,tip
beaten,148,2.62,tip
path,258,5.82,tip
til,811,5.0,tip
outstanding,2753,7.92,tip
jewelry,376,6.9,tip
help,2694,6.08,tip
necklace,32,6.9,tip
smash,114,4.24,tip
laughed,56,8.26,tip
hahah,7,7.3,tip
juicy,531,7.27,tip
orange,1183,6.54,tip
drunken,431,3.53,tip
eggs,2593,6.02,tip
neon,52,6.22,tip
exhibit,310,5.96,tip
south,1905,6.16,tip
africa,6,5.26,tip
vs,478,4.6,tip
australia,8,6.4,tip
argentina,14,5.72,tip
homemade,2177,7.34,tip
decide,426,5.84,tip
trailer,57,5.52,tip
trash,613,2.68,tip
recommend,11401,5.64,tip
reservations,1978,5.94,tip
send,385,5.38,tip
scout,66,5.88,tip
hungry,1831,3.38,tip
indiana,322,5.66,tip
craft,1442,6.38,tip
atm,906,5.7,tip
shopping,1835,7.1,tip
earlier,489,5.4,tip
nite,273,5.74,tip
wash,1507,5.74,tip
sucks,2085,3.14,tip
triple,334,5.98,tip
draft,1321,5.02,tip
second,2119,5.38,tip
plan,1489,6.14,tip
yours,151,6.24,tip
title,48,5.6,tip
afraid,348,2.66,tip
stick,875,5.08,tip
prepare,572,5.66,tip
extremely,2608,5.7,tip
tricky,138,4.46,tip
yet,2246,4.7,tip
priced,3762,5.0,tip
mention,671,5.32,tip
anytime,456,5.98,tip
solar,51,6.54,tip
lawyer,29,3.84,tip
done,3611,6.54,tip
nightmare,252,2.32,tip
windows,368,6.02,tip
seriously,1861,4.7,tip
sticks,466,4.9,tip
ends,503,3.78,tip
penny,406,6.22,tip
dick,119,4.62,tip
film,241,6.56,tip
festival,602,7.7,tip
tender,832,6.45,tip
expensive,3416,3.54,tip
absolutely,4616,6.3,tip
quite,1895,5.32,tip
possibly,463,5.78,tip
days,2890,5.76,tip
echo,20,5.94,tip
bridge,367,5.86,tip
aware,401,5.78,tip
told,2359,5.08,tip
couldn,1407,4.49,tip
process,446,5.46,tip
transfer,62,5.4,tip
purpose,92,6.04,tip
attorney,27,4.12,tip
steps,187,5.38,tip
control,255,5.38,tip
customs,11,5.36,tip
ease,86,6.52,tip
children,750,7.12,tip
something,4061,5.0,tip
york,507,5.62,tip
comic,64,7.08,tip
anywhere,1887,5.34,tip
expect,2317,5.9,tip
awful,2425,2.92,tip
bay,962,5.96,tip
complain,320,3.16,tip
ruby,97,6.78,tip
sadly,444,2.28,tip
cozy,1270,6.94,tip
southern,832,5.64,tip
raining,100,5.92,tip
upstairs,996,5.66,tip
noise,322,3.74,tip
phones,227,6.2,tip
dollars,666,7.3,tip
haircut,859,6.2,tip
pitcher,278,5.2,tip
turned,584,5.24,tip
although,839,4.58,tip
customers,2147,6.1,tip
strange,277,4.36,tip
run,2905,5.48,tip
sent,480,5.46,tip
barrel,255,5.42,tip
maker,103,5.82,tip
mark,358,5.48,tip
pre,1100,5.14,tip
filling,987,5.58,tip
gift,1279,7.72,tip
mills,82,5.58,tip
mall,1702,5.9,tip
museum,595,6.68,tip
tour,1588,6.66,tip
shirt,305,6.26,tip
willie,44,5.12,tip
face,721,6.12,tip
sunny,304,6.96,tip
read,1136,6.52,tip
dios,8,5.16,tip
mio,13,5.2,tip
drop,825,4.3,tip
worried,85,2.42,tip
might,1776,5.08,tip
package,294,6.22,tip
attempt,149,5.56,tip
become,471,5.7,tip
resident,67,5.78,tip
fun,8738,7.96,tip
luck,569,7.26,tip
fashion,309,6.36,tip
comparable,109,5.34,tip
stores,821,6.0,tip
women,654,7.12,tip
men,826,5.94,tip
having,2625,5.78,tip
percent,193,5.34,tip
peak,357,5.9,tip
membership,533,6.06,tip
hole,828,4.66,tip
wall,1154,4.98,tip
character,116,5.68,tip
getting,4595,5.68,tip
worry,256,2.82,tip
fake,317,2.9,tip
wi,493,5.36,tip
fi,500,4.9,tip
password,403,5.56,tip
hopefully,400,6.84,tip
growing,130,6.52,tip
stay,3814,5.56,tip
black,2400,4.88,tip
yeah,1296,5.9,tip
pull,350,4.74,tip
freeway,68,5.86,tip
tear,54,3.1,tip
till,1369,5.22,tip
yo,523,5.34,tip
power,442,6.68,tip
meeting,868,5.46,tip
three,2255,5.72,tip
gym,1148,5.96,tip
alright,401,6.08,tip
equipment,478,5.86,tip
allows,154,6.26,tip
jeremy,71,5.42,tip
y,1019,4.48,tip
feeling,660,5.7,tip
chain,915,5.16,tip
sales,1135,5.8,tip
flying,310,6.24,tip
pig,407,4.76,tip
pale,170,3.8,tip
anything,3393,5.34,tip
medium,930,5.32,tip
pro,321,5.88,tip
indian,1681,6.26,tip
mild,363,5.7,tip
ultimate,220,6.54,tip
playlist,48,6.18,tip
box,1217,5.54,tip
rita,155,4.96,tip
truly,975,6.86,tip
garden,1008,7.22,tip
nuff,515,4.96,tip
services,1287,5.86,tip
ups,266,6.08,tip
milk,1943,6.22,tip
weird,783,4.2,tip
agree,308,6.7,tip
lived,485,5.82,tip
fence,67,5.08,tip
yard,167,5.66,tip
resource,41,6.46,tip
ford,95,5.62,tip
truck,1036,5.48,tip
tries,99,5.58,tip
front,3425,5.58,tip
idiot,99,3.06,tip
valley,333,6.26,tip
square,690,5.48,tip
roof,291,5.42,tip
dr,1442,5.1,tip
rusty,59,3.78,tip
state,892,5.28,tip
suck,562,3.14,tip
b,1790,4.84,tip
interesting,1280,7.52,tip
peas,136,5.52,tip
todd,79,5.02,tip
believe,1126,6.7,tip
bet,302,5.24,tip
mike,608,5.3,tip
anyways,77,5.12,tip
pop,811,5.98,tip
joint,1420,5.18,tip
list,2119,5.46,tip
bottles,826,5.52,tip
max,219,5.7,tip
ml,39,4.98,tip
blue,1594,5.66,tip
daily,1977,5.4,tip
tuesday,3041,4.98,tip
mon,843,5.18,tip
thurs,385,5.44,tip
select,397,5.42,tip
domestic,202,5.46,tip
soft,1510,6.48,tip
ounce,144,5.34,tip
questions,581,5.0,tip
suggestions,235,6.08,tip
places,3319,6.14,tip
bowling,402,6.24,tip
ridiculous,835,4.0,tip
simply,1501,6.42,tip
understood,40,6.58,tip
exactly,718,6.0,tip
expected,851,5.74,tip
cost,1165,4.1,tip
california,612,6.08,tip
toast,2318,6.86,tip
melt,531,4.9,tip
mouth,961,5.8,tip
unusual,167,4.44,tip
heard,940,5.36,tip
anyone,1872,5.02,tip
dip,1608,4.94,tip
insane,325,3.04,tip
worst,4652,2.1,tip
dj,513,5.86,tip
guy,2373,5.92,tip
blows,172,4.26,tip
young,717,6.82,tip
ditch,33,4.34,tip
potato,2699,6.54,tip
instead,2158,4.92,tip
mint,583,6.46,tip
bitch,188,3.14,tip
hair,3144,6.04,tip
found,3302,6.54,tip
otherwise,1018,4.74,tip
warm,2091,6.72,tip
wifi,2590,6.36,tip
greater,127,6.68,tip
symbols,3,5.9,tip
begins,127,5.94,tip
tomorrow,673,6.18,tip
golf,359,5.56,tip
clubs,91,6.34,tip
mmmm,883,6.26,tip
apple,1647,7.44,tip
cheer,44,7.46,tip
season,1028,5.96,tip
par,495,5.0,tip
district,254,5.14,tip
cooler,275,6.28,tip
stuff,3182,5.58,tip
consistent,1015,5.82,tip
church,392,5.48,tip
potatoes,1232,6.48,tip
wing,648,5.98,tip
contest,105,5.78,tip
swing,142,6.3,tip
win,1078,8.12,tip
tee,97,5.64,tip
king,1299,6.18,tip
route,185,5.48,tip
hurricane,388,2.54,tip
smells,1259,4.18,tip
book,1560,7.24,tip
advance,684,6.58,tip
spots,1060,4.68,tip
hrs,432,5.04,tip
online,2881,6.72,tip
generous,776,7.3,tip
pick,2881,5.6,tip
walking,1258,6.18,tip
governor,18,5.14,tip
almost,2159,4.7,tip
within,845,5.34,tip
distance,384,4.5,tip
diverse,196,5.86,tip
population,18,5.16,tip
pet,881,7.08,tip
rent,515,3.84,tip
living,462,6.68,tip
lack,455,3.16,tip
bedroom,66,6.8,tip
gone,1516,3.42,tip
utilities,8,5.6,tip
non,1357,4.26,tip
caring,357,7.34,tip
wouldn,1365,4.4,tip
loves,942,7.96,tip
pack,549,5.34,tip
cheddar,536,6.34,tip
bull,131,4.62,tip
sub,1074,5.04,tip
formerly,135,4.3,tip
name,2137,5.74,tip
craving,638,4.46,tip
pulled,1432,4.76,tip
delivered,686,6.42,tip
buddy,220,6.84,tip
adore,103,6.96,tip
beyond,932,5.5,tip
address,717,5.6,tip
hunt,172,4.32,tip
considered,75,5.9,tip
hat,217,5.7,tip
gives,638,6.5,tip
tours,207,6.68,tip
dam,66,4.84,tip
wanna,409,5.5,tip
slap,88,2.48,tip
calling,515,5.74,tip
stretch,80,5.66,tip
treat,1620,6.74,tip
elegant,173,6.96,tip
gave,1654,6.26,tip
chance,725,6.44,tip
things,2744,5.76,tip
hate,974,2.34,tip
convenient,1384,6.74,tip
competent,116,6.66,tip
improve,154,6.44,tip
match,436,5.96,tip
exercise,118,6.3,tip
regret,841,3.12,tip
wheat,543,6.31,tip
salt,1012,5.68,tip
mein,290,4.8,tip
reason,1075,5.54,tip
enormous,95,5.6,tip
amount,1090,5.84,tip
po,1654,4.64,tip
boys,802,6.16,tip
long,8110,4.74,tip
eaten,1088,6.5,tip
wines,813,6.28,tip
ideas,141,7.16,tip
karaoke,793,6.1,tip
sooo,912,4.78,tip
french,3856,5.96,tip
ghost,199,3.64,tip
rider,26,6.08,tip
act,269,6.0,tip
advantage,360,6.84,tip
likely,319,6.44,tip
someone,1750,5.3,tip
pulse,13,5.94,tip
tax,501,2.86,tip
stoked,49,5.92,tip
missed,608,3.68,tip
pot,911,5.58,tip
morning,2852,6.56,tip
bother,1029,4.12,tip
root,426,5.8,tip
sons,108,6.78,tip
bday,332,7.64,tip
bed,619,7.18,tip
em,456,4.78,tip
est,83,4.84,tip
listen,475,5.94,tip
once,2498,4.94,tip
hear,873,5.84,tip
encountered,157,5.48,tip
fire,1342,3.8,tip
lets,297,5.58,tip
sell,1420,5.48,tip
accept,981,6.42,tip
wet,394,5.14,tip
thank,3670,7.4,tip
hardly,238,3.98,tip
jazz,1015,6.42,tip
fest,425,6.42,tip
wear,909,5.94,tip
winter,767,5.9,tip
staying,448,5.76,tip
addicted,309,3.52,tip
light,1792,6.4,tip
gorgeous,781,7.42,tip
sale,1557,6.58,tip
knows,866,6.12,tip
chilling,76,4.76,tip
stock,555,5.8,tip
notions,8,5.46,tip
fabric,77,5.98,tip
sol,42,5.66,tip
road,1072,5.86,tip
wtf,497,4.22,tip
hustle,64,4.67,tip
use,5413,5.64,tip
machines,540,5.68,tip
times,5224,5.58,tip
cc,165,5.04,tip
payments,92,5.76,tip
tears,55,2.46,tip
military,739,4.78,tip
id,660,5.0,tip
ass,989,3.86,tip
crack,271,3.72,tip
table,4964,5.32,tip
packed,1863,5.28,tip
slam,80,3.98,tip
soda,1248,6.2,tip
movie,1268,6.84,tip
sweetie,84,7.3,tip
everyday,955,5.74,tip
frm,9,4.96,tip
yup,213,4.9,tip
boxes,291,5.52,tip
patients,165,3.66,tip
established,79,6.18,tip
stepping,54,5.56,tip
lame,318,3.42,tip
hell,880,2.22,tip
cancelled,107,2.88,tip
request,780,5.34,tip
obama,37,5.94,tip
whip,143,3.3,tip
neighborhood,2086,6.38,tip
simple,1648,6.02,tip
yrs,207,4.8,tip
constantly,236,5.3,tip
sorts,90,5.24,tip
styles,140,6.22,tip
michelle,244,5.76,tip
group,1549,5.92,tip
featured,247,5.9,tip
rescue,95,6.62,tip
improved,315,6.86,tip
changes,593,5.06,tip
romantic,422,7.72,tip
award,166,7.86,tip
winning,262,8.04,tip
doesn,3036,4.71,tip
blocks,301,4.54,tip
ocean,261,6.96,tip
security,737,6.1,tip
airport,1813,5.88,tip
ten,447,5.44,tip
acknowledged,92,6.1,tip
ignored,317,3.32,tip
selling,315,5.76,tip
spend,1299,5.04,tip
prime,899,6.46,tip
glad,1582,7.48,tip
job,4858,5.96,tip
surrounded,73,4.72,tip
guns,92,2.98,tip
sorry,1163,3.66,tip
tommy,125,5.62,tip
bowl,2433,5.42,tip
jeans,144,6.34,tip
pictures,448,7.06,tip
across,2253,4.94,tip
thousand,103,5.9,tip
layer,119,5.64,tip
organized,462,6.62,tip
building,1863,5.94,tip
ohhhh,33,5.34,tip
kick,725,3.72,tip
oz,955,5.36,tip
de,1246,4.82,tip
celebration,285,8.02,tip
disgusting,960,2.58,tip
organic,901,6.32,tip
circle,197,5.58,tip
passes,126,5.44,tip
test,327,4.06,tip
english,415,6.58,tip
mo,189,4.94,tip
duh,94,4.36,tip
finest,236,7.66,tip
tank,190,4.44,tip
shorts,115,5.92,tip
cheaper,963,6.08,tip
entertaining,221,7.62,tip
noon,744,5.7,tip
totally,1676,6.02,tip
none,583,3.84,tip
commercial,84,4.6,tip
yesterday,516,4.98,tip
cookie,1076,7.1,tip
plain,675,5.0,tip
without,2672,3.54,tip
except,831,4.7,tip
version,357,5.28,tip
heart,738,7.22,tip
repeat,309,5.14,tip
story,463,6.48,tip
stormy,63,4.94,tip
honest,1023,7.46,tip
tourist,469,6.18,tip
trap,248,3.44,tip
roast,1553,6.5,tip
girlfriend,199,7.04,tip
grandma,192,7.48,tip
electric,120,5.66,tip
continued,76,5.2,tip
success,96,7.86,tip
deserves,150,5.88,tip
shiny,63,6.74,tip
riding,120,6.18,tip
along,1114,5.48,tip
rules,371,4.28,tip
served,2479,5.66,tip
northeast,127,5.8,tip
philly,4509,5.46,tip
grey,155,4.56,tip
celebrate,304,7.98,tip
info,408,6.1,tip
http,718,5.98,tip
celebrating,404,8.0,tip
magical,162,7.38,tip
creative,754,7.4,tip
treats,725,6.7,tip
mmmmm,623,5.96,tip
idea,891,7.06,tip
episode,64,5.76,tip
touch,662,6.4,tip
original,1047,6.36,tip
lacking,419,3.71,tip
hillary,20,5.12,tip
moe,113,4.9,tip
liked,1055,7.16,tip
access,613,5.88,tip
meanwhile,28,5.28,tip
print,296,5.26,tip
individual,179,5.72,tip
payment,238,4.7,tip
add,2460,5.9,tip
kin,10,6.32,tip
app,2318,5.2,tip
avoid,3508,3.14,tip
cutest,160,7.62,tip
university,225,6.74,tip
text,343,5.38,tip
guest,418,6.52,tip
loved,6186,7.96,tip
flat,751,5.02,tip
tire,512,4.65,tip
incredibly,849,6.52,tip
requested,178,5.48,tip
aka,255,4.94,tip
heather,151,5.62,tip
meant,144,5.44,tip
bun,925,5.9,tip
deck,459,5.44,tip
afternoon,1415,5.98,tip
dreams,116,7.44,tip
jersey,533,5.2,tip
rofl,8,6.32,tip
shot,1045,2.5,tip
soy,691,5.64,tip
honestly,524,7.02,tip
cats,226,6.54,tip
campus,252,6.04,tip
brown,839,5.44,tip
industrial,82,5.02,tip
dishes,2237,5.36,tip
tim,222,5.22,tip
guide,320,6.1,tip
le,185,4.86,tip
houses,118,6.16,tip
levels,202,5.3,tip
visitors,186,6.32,tip
note,596,5.42,tip
period,898,4.72,tip
fridays,698,7.1,tip
whoo,35,5.96,tip
hoo,162,5.0,tip
challenge,268,5.78,tip
sound,492,5.86,tip
breathing,34,6.26,tip
wars,65,1.9,tip
seats,1245,5.58,tip
berry,363,6.32,tip
fairly,508,6.28,tip
comfort,798,7.5,tip
attractive,81,7.48,tip
cupcakes,816,7.7,tip
rage,19,2.56,tip
ahhhh,85,5.78,tip
ol,142,4.46,tip
ring,295,6.32,tip
amber,261,5.78,tip
vampire,45,4.34,tip
lmfao,10,6.0,tip
wit,279,6.44,tip
pete,731,5.18,tip
activities,147,6.46,tip
layout,213,5.86,tip
obsessed,172,3.42,tip
download,507,6.02,tip
reasonably,1208,6.27,tip
tell,2015,5.42,tip
cook,1107,6.64,tip
tuesdays,1234,5.36,tip
loads,137,5.2,tip
boom,227,5.12,tip
hope,1556,7.38,tip
bought,900,6.3,tip
paid,912,7.14,tip
six,478,5.34,tip
month,1918,5.18,tip
denied,66,2.54,tip
fee,1015,3.46,tip
total,903,5.78,tip
bullshit,75,3.08,tip
attend,125,6.0,tip
artists,268,6.82,tip
delight,286,7.78,tip
al,642,4.9,tip
pastor,399,5.5,tip
rail,77,5.3,tip
shell,470,5.73,tip
flown,31,5.64,tip
soooo,913,5.14,tip
kind,2983,7.24,tip
making,1503,6.24,tip
code,647,5.28,tip
mobile,377,6.36,tip
managers,258,5.1,tip
placed,256,5.3,tip
dead,528,2.0,tip
running,878,5.7,tip
trouble,222,2.78,tip
prom,56,5.94,tip
concert,467,6.94,tip
series,191,5.46,tip
baked,1626,6.4,tip
clearly,372,6.18,tip
scattered,43,4.32,tip
plug,94,5.18,tip
laptop,141,7.12,tip
rocket,62,6.38,tip
fuel,183,5.4,tip
main,1160,5.4,tip
those,2076,4.94,tip
japanese,560,6.02,tip
husband,1145,6.62,tip
shake,958,5.14,tip
butter,2262,6.56,tip
recently,692,5.44,tip
overall,1335,5.44,tip
artist,342,6.74,tip
moving,728,5.36,tip
excited,840,7.62,tip
follow,726,5.66,tip
facebook,603,6.08,tip
twitter,89,5.46,tip
roses,85,7.52,tip
fancy,824,6.96,tip
thats,243,5.1,tip
personally,239,5.9,tip
structure,53,5.36,tip
continues,182,5.66,tip
terrific,807,6.96,tip
separate,384,4.32,tip
mix,1088,5.8,tip
why,3250,4.98,tip
dresses,168,6.62,tip
space,2144,5.96,tip
straight,680,6.06,tip
forward,814,6.1,tip
chef,2015,6.22,tip
neil,43,5.0,tip
european,146,5.94,tip
hi,430,6.74,tip
stupid,342,2.68,tip
pennsylvania,115,5.64,tip
laws,65,5.08,tip
loaded,493,5.47,tip
below,440,4.42,tip
banana,1226,6.86,tip
amore,27,6.51,tip
complete,710,6.74,tip
genius,208,7.6,tip
supplies,397,6.04,tip
national,345,5.98,tip
sensation,19,6.68,tip
dim,753,3.9,tip
sum,743,5.82,tip
booth,438,5.42,tip
tickets,1088,6.34,tip
direct,130,5.68,tip
flights,377,5.98,tip
david,327,5.5,tip
influenced,12,5.65,tip
bash,49,4.16,tip
elsewhere,1048,4.86,tip
missing,558,2.98,tip
goodness,744,7.58,tip
union,191,6.04,tip
sink,153,3.79,tip
tex,216,5.12,tip
happened,474,5.02,tip
wedding,802,7.34,tip
freaky,67,4.64,tip
glasses,698,5.5,tip
bags,652,5.58,tip
bag,1034,5.64,tip
donate,154,6.74,tip
charity,123,6.4,tip
january,366,5.7,tip
spin,221,5.64,tip
pool,1613,6.78,tip
count,317,5.5,tip
bk,98,4.86,tip
racist,366,2.08,tip
fab,315,6.1,tip
fb,151,5.48,tip
page,564,5.62,tip
r,942,4.78,tip
events,674,6.26,tip
item,886,5.5,tip
rounds,69,5.12,tip
icon,35,6.06,tip
tuned,89,6.0,tip
november,344,6.1,tip
whole,2487,5.88,tip
offering,518,6.32,tip
starts,632,5.96,tip
dig,213,4.9,tip
wicked,139,3.38,tip
lauren,155,5.56,tip
wrap,1137,5.72,tip
upgrade,313,6.58,tip
fills,326,5.51,tip
professional,2718,6.44,tip
rooms,1494,5.58,tip
booked,214,5.08,tip
knew,532,5.94,tip
prior,317,4.88,tip
planning,301,6.16,tip
reasonable,3357,6.38,tip
searched,33,5.19,tip
ur,689,4.96,tip
polish,415,6.16,tip
stone,396,5.04,tip
feet,476,5.58,tip
often,1635,5.68,tip
loyalty,244,7.04,tip
matter,781,5.4,tip
suffer,45,2.08,tip
exception,71,5.48,tip
forced,114,3.16,tip
amounts,105,5.86,tip
tasted,1682,6.38,tip
sadness,26,1.88,tip
luckily,111,7.28,tip
drunk,484,3.88,tip
repeatedly,61,4.72,tip
police,265,4.58,tip
separated,26,3.4,tip
explore,164,6.37,tip
opening,2290,6.2,tip
x,697,4.92,tip
tra,8,5.0,tip
rest,928,7.18,tip
annoying,363,2.82,tip
complained,133,2.9,tip
secrets,42,5.28,tip
grocery,690,6.16,tip
mysterious,11,5.54,tip
major,444,5.76,tip
companies,94,5.26,tip
supply,123,5.76,tip
speaking,98,5.88,tip
communications,10,5.82,tip
students,416,6.28,tip
cinema,64,6.94,tip
four,1091,5.2,tip
promising,68,6.64,tip
patience,242,6.36,tip
virtue,19,6.47,tip
ones,1042,5.16,tip
sweater,177,5.98,tip
obviously,348,5.54,tip
amanda,190,5.64,tip
figure,302,5.5,tip
sucked,321,3.48,tip
rare,543,6.02,tip
viva,57,5.92,tip
j,454,5.04,tip
dawg,30,4.82,tip
corner,1173,4.74,tip
longest,113,5.48,tip
screw,192,4.2,tip
quoted,139,5.48,tip
fighting,58,2.76,tip
crowds,439,4.46,tip
foreign,53,5.68,tip
games,1461,7.32,tip
impress,100,6.58,tip
earth,584,6.44,tip
talented,320,7.06,tip
classy,453,6.72,tip
ya,715,5.22,tip
bud,250,5.54,tip
purple,191,6.04,tip
shy,104,4.46,tip
hit,1673,4.58,tip
quicker,194,6.12,tip
attending,91,6.0,tip
poetry,89,6.4,tip
competition,180,5.64,tip
pass,1255,5.9,tip
caps,70,5.36,tip
careful,789,5.1,tip
auto,272,5.66,tip
body,532,5.96,tip
tennis,105,6.4,tip
butterfly,63,7.76,tip
delicate,62,5.94,tip
problems,397,2.92,tip
lower,393,4.24,tip
fix,1313,6.28,tip
respond,89,5.78,tip
seen,1402,5.4,tip
homes,60,6.62,tip
themselves,237,5.02,tip
deliver,952,6.24,tip
epic,313,6.3,tip
runs,406,5.62,tip
traffic,565,3.34,tip
stadium,248,5.96,tip
arrived,771,6.14,tip
wrapped,363,5.86,tip
dark,1207,3.82,tip
covered,655,5.92,tip
bass,265,6.04,tip
drip,198,4.66,tip
heaven,1389,7.86,tip
wisconsin,46,5.56,tip
buzz,142,5.62,tip
views,763,5.92,tip
becoming,181,5.82,tip
specifically,128,5.5,tip
further,396,5.46,tip
mount,44,5.54,tip
testament,13,5.4,tip
piss,87,3.56,tip
answer,582,6.24,tip
nor,274,4.28,tip
andy,158,4.9,tip
hitting,140,3.68,tip
messed,272,3.84,tip
quiet,1568,5.5,tip
facilities,155,5.76,tip
fires,37,4.26,tip
directly,338,5.56,tip
visits,370,6.4,tip
fucked,26,3.56,tip
scare,105,3.04,tip
efficient,1310,6.8,tip
exists,84,6.34,tip
boot,273,5.0,tip
proper,216,5.94,tip
boss,175,4.18,tip
virtually,42,5.6,tip
caffeine,166,5.8,tip
spare,181,5.74,tip
doctor,452,5.34,tip
zombie,85,3.48,tip
claim,236,5.18,tip
updated,470,6.06,tip
awhile,377,4.84,tip
listed,613,5.08,tip
e,1502,4.72,tip
grand,1013,7.06,tip
moment,282,5.68,tip
theres,82,4.66,tip
sticky,410,4.6,tip
summertime,64,7.14,tip
chick,422,5.94,tip
walked,1316,6.0,tip
badly,116,2.88,tip
raw,903,4.24,tip
temperature,179,4.94,tip
current,413,5.58,tip
possible,718,6.24,tip
electronic,88,6.4,tip
golden,311,7.3,tip
gaming,64,6.42,tip
surprised,752,6.72,tip
ricky,58,5.64,tip
teacher,113,6.36,tip
extensive,334,5.48,tip
zoo,404,6.62,tip
odd,338,4.66,tip
desk,906,5.26,tip
personality,208,6.66,tip
costs,601,3.8,tip
puts,158,5.1,tip
bo,258,4.92,tip
experienced,435,6.82,tip
guards,32,4.3,tip
charged,740,5.04,tip
declined,47,3.16,tip
stolen,93,2.5,tip
shady,235,4.68,tip
practice,337,5.8,tip
complaints,608,3.04,tip
sea,683,6.94,tip
swiss,243,6.18,tip
fit,495,6.22,tip
pathetic,150,2.76,tip
workers,978,5.78,tip
definite,189,6.36,tip
mt,154,5.18,tip
regularly,257,5.94,tip
stuffed,1274,5.18,tip
nye,81,4.92,tip
zombies,23,4.0,tip
pure,325,6.88,tip
gal,173,5.69,tip
natural,443,6.56,tip
latin,196,5.38,tip
tho,605,4.72,tip
okay,2012,6.56,tip
jenny,100,6.0,tip
hooked,223,4.94,tip
longtime,18,5.24,tip
retail,178,5.9,tip
shirts,285,6.14,tip
starting,832,6.5,tip
ftw,639,4.94,tip
kevin,260,5.2,tip
struggle,45,3.4,tip
everytime,443,5.48,tip
cents,587,5.66,tip
blow,301,4.48,tip
plates,969,5.78,tip
site,722,5.32,tip
philadelphia,1152,5.72,tip
dope,235,3.5,tip
besides,290,5.14,tip
senior,150,5.64,tip
necessary,202,5.02,tip
turkish,173,5.56,tip
greek,1474,6.08,tip
nicole,161,5.48,tip
filled,722,5.52,tip
personal,756,6.06,tip
attention,781,5.8,tip
stage,258,5.72,tip
shorter,155,4.46,tip
complex,227,5.04,tip
fox,174,5.46,tip
pour,491,5.18,tip
origin,22,5.63,tip
balance,181,6.18,tip
protein,364,6.2,tip
gate,334,5.18,tip
smile,799,8.1,tip
brand,789,5.58,tip
welcome,1238,7.16,tip
hood,232,4.82,tip
expert,134,6.64,tip
doin,35,5.24,tip
shakespeare,31,6.88,tip
standard,668,5.0,tip
premium,242,6.16,tip
german,467,5.34,tip
school,1460,6.26,tip
photo,553,6.88,tip
surrounding,109,5.46,tip
history,551,5.84,tip
hung,151,4.08,tip
makin,31,4.94,tip
number,1282,5.3,tip
inventory,189,5.78,tip
cars,655,6.26,tip
already,1350,5.28,tip
suddenly,37,4.78,tip
schedule,644,5.02,tip
maintenance,196,4.84,tip
blood,455,3.82,tip
blonde,322,6.18,tip
point,2108,5.42,tip
generally,226,5.24,tip
throw,341,5.0,tip
barbie,17,5.86,tip
range,411,5.56,tip
thanksgiving,394,7.4,tip
gladly,84,7.26,tip
lost,748,2.76,tip
tons,924,5.56,tip
printed,101,5.88,tip
reviews,2110,5.3,tip
sippin,12,5.7,tip
eatin,50,5.82,tip
appointment,2011,5.52,tip
build,419,6.22,tip
ahhh,112,5.48,tip
bell,685,5.58,tip
nephew,113,6.54,tip
satisfied,563,7.28,tip
awkward,158,3.62,tip
third,499,5.3,tip
christmas,1166,7.96,tip
stroll,99,6.6,tip
clear,520,6.3,tip
cuz,257,4.68,tip
thoroughly,147,5.76,tip
mr,334,5.26,tip
wealth,30,7.38,tip
knowledge,270,7.24,tip
baby,1549,7.28,tip
hits,299,4.98,tip
oak,106,6.18,tip
scent,47,6.31,tip
phil,97,5.34,tip
creates,20,6.02,tip
finger,206,5.36,tip
smooth,475,6.8,tip
bike,895,6.72,tip
rain,405,6.36,tip
chose,220,5.66,tip
word,999,5.56,tip
fingers,398,5.58,tip
toes,162,5.14,tip
color,1058,7.0,tip
gulf,186,5.4,tip
winds,21,5.72,tip
tourists,197,6.08,tip
multiple,620,5.7,tip
nearly,348,5.26,tip
causing,33,4.82,tip
damn,1356,2.98,tip
host,455,6.06,tip
minute,1389,5.5,tip
response,337,5.68,tip
easily,704,7.02,tip
telling,254,5.3,tip
hotel,2859,6.16,tip
ton,464,5.24,tip
private,639,5.92,tip
grace,100,6.86,tip
potter,110,5.86,tip
literally,1079,5.32,tip
chased,17,4.29,tip
expecting,364,6.58,tip
shit,887,2.5,tip
apps,797,5.58,tip
station,1192,5.16,tip
institute,29,5.28,tip
breaking,96,3.98,tip
bubble,720,6.2,tip
pocket,126,5.7,tip
tobacco,39,3.48,tip
united,139,7.32,tip
states,220,5.64,tip
spoken,55,5.68,tip
quarter,915,5.56,tip
gw,11,4.94,tip
shortly,81,5.58,tip
serious,402,4.42,tip
lover,291,7.3,tip
league,144,5.8,tip
runner,73,5.6,tip
ball,555,6.08,tip
community,558,6.28,tip
accomplished,15,7.32,tip
owns,110,6.0,tip
preparing,69,5.76,tip
move,842,5.72,tip
relatively,144,5.6,tip
shade,228,6.1,tip
legs,458,6.06,tip
barnes,70,5.3,tip
noble,74,7.0,tip
buildings,109,5.62,tip
effing,50,4.38,tip
trees,244,6.98,tip
turning,109,5.32,tip
queen,262,6.24,tip
esp,190,5.4,tip
sexy,208,7.4,tip
named,349,5.58,tip
barely,442,4.24,tip
valentines,140,7.3,tip
im,643,5.02,tip
tempted,45,4.86,tip
pair,329,5.82,tip
steal,335,2.46,tip
piece,741,5.26,tip
ship,162,5.96,tip
mail,300,6.36,tip
rates,236,4.84,tip
window,989,6.1,tip
deep,1110,5.74,tip
tissue,136,5.41,tip
bella,113,6.06,tip
deals,1755,6.5,tip
hidden,1632,4.48,tip
wood,414,6.06,tip
hr,541,4.86,tip
sleep,312,7.16,tip
ive,313,5.02,tip
montreal,33,5.82,tip
central,372,5.6,tip
drag,175,4.14,tip
subway,363,5.32,tip
lit,278,5.64,tip
beard,148,4.82,tip
details,291,5.74,tip
claims,82,4.72,tip
weekly,560,5.3,tip
livin,10,6.15,tip
snow,517,6.32,tip
bunny,68,6.88,tip
effective,122,6.76,tip
compared,462,4.98,tip
c,1156,4.7,tip
convention,163,5.48,tip
nowhere,139,4.16,tip
flowers,365,7.56,tip
problem,1020,2.98,tip
bone,464,5.04,tip
olive,491,6.0,tip
freezing,211,3.22,tip
kept,729,5.74,tip
mission,164,5.68,tip
company,1720,5.44,tip
gold,393,7.56,tip
members,546,5.66,tip
whereas,21,5.0,tip
sont,7,5.1,tip
outta,141,4.56,tip
meet,728,6.38,tip
greet,165,6.66,tip
usual,966,5.22,tip
pouring,83,5.26,tip
advertising,112,5.04,tip
rather,850,4.98,tip
blocked,63,3.64,tip
unfortunately,743,2.76,tip
received,712,6.34,tip
armed,21,3.84,tip
forces,17,4.18,tip
god,936,7.28,tip
floss,12,5.55,tip
proceeds,96,6.24,tip
education,72,6.88,tip
baseball,215,5.84,tip
fiesta,125,7.18,tip
manner,140,5.38,tip
jane,86,5.5,tip
quantity,202,5.8,tip
versus,57,4.8,tip
eats,801,6.44,tip
happening,241,5.72,tip
useless,90,2.52,tip
twist,306,5.21,tip
punch,588,3.58,tip
earn,343,7.5,tip
marketing,50,5.2,tip
team,1058,6.26,tip
cheers,319,7.58,tip
shaw,26,5.18,tip
wide,586,5.46,tip
ethnic,66,5.84,tip
sake,541,5.66,tip
heck,200,4.48,tip
giving,685,6.98,tip
curb,91,4.68,tip
sports,1031,6.06,tip
fail,345,1.96,tip
taylor,187,5.52,tip
fees,255,3.68,tip
hoe,17,4.56,tip
attitude,949,5.8,tip
um,163,4.66,tip
explained,141,5.98,tip
upcoming,75,6.26,tip
posted,668,5.54,tip
beloved,43,7.34,tip
anna,128,5.78,tip
respect,230,7.34,tip
loco,79,5.04,tip
canada,71,5.98,tip
champagne,388,6.82,tip
rubber,81,5.8,tip
weather,930,5.88,tip
condition,121,4.72,tip
dad,311,7.02,tip
trail,413,6.14,tip
halloween,278,6.24,tip
bars,704,5.68,tip
blues,406,4.56,tip
viewing,83,5.76,tip
aged,204,4.28,tip
kentucky,66,5.8,tip
ruined,256,2.54,tip
effect,102,5.16,tip
prefer,556,6.52,tip
skinny,205,5.92,tip
stated,183,5.26,tip
sense,295,6.3,tip
flip,123,5.02,tip
cooper,45,5.16,tip
popcorn,723,6.76,tip
nails,1871,4.98,tip
colors,304,7.0,tip
la,1462,5.0,tip
force,91,4.0,tip
committed,29,6.38,tip
walmart,510,5.34,tip
drops,100,4.96,tip
submit,18,5.44,tip
sentence,22,5.22,tip
data,38,5.7,tip
seem,1126,5.24,tip
diet,408,4.62,tip
sparkle,23,7.08,tip
benefit,148,6.96,tip
massive,250,5.34,tip
honor,442,7.22,tip
twin,57,6.14,tip
sisters,82,6.62,tip
mans,26,5.1,tip
suit,184,5.3,tip
southwest,307,5.82,tip
knock,148,4.86,tip
lamb,1431,6.38,tip
brave,59,7.02,tip
battle,75,2.98,tip
drama,68,5.22,tip
replaced,283,4.34,tip
array,90,5.55,tip
scary,195,2.58,tip
machine,1019,5.38,tip
productions,18,5.86,tip
adult,524,6.14,tip
ways,242,5.3,tip
emergency,226,3.06,tip
receive,786,6.5,tip
bucket,225,5.32,tip
fans,367,7.02,tip
kicks,115,4.46,tip
butt,208,5.1,tip
enjoying,880,7.84,tip
donations,84,6.56,tip
feather,16,6.52,tip
perfectly,1037,7.28,tip
pee,103,4.14,tip
lay,80,5.58,tip
sour,1033,4.06,tip
impressive,381,7.04,tip
facility,599,5.26,tip
fallen,44,3.52,tip
arrival,158,6.32,tip
scratch,334,4.22,tip
winner,438,7.78,tip
veteran,112,5.6,tip
hawaii,99,7.02,tip
windy,76,5.3,tip
gregory,12,5.32,tip
russian,163,5.52,tip
featuring,172,5.78,tip
smith,101,5.1,tip
cbs,14,4.96,tip
pairs,100,5.98,tip
cultural,64,6.18,tip
indianapolis,309,5.6,tip
secure,91,6.92,tip
dropped,258,3.88,tip
changing,589,5.8,tip
discovery,49,6.54,tip
shelter,66,6.54,tip
tornado,37,3.36,tip
whoever,96,5.06,tip
related,112,5.96,tip
nasty,977,2.62,tip
message,245,6.08,tip
support,953,6.44,tip
illegal,93,2.86,tip
lafayette,36,5.46,tip
supporting,153,6.48,tip
moms,115,6.88,tip
pops,147,5.78,tip
fyi,927,5.14,tip
dropping,170,4.02,tip
closet,60,5.18,tip
niece,69,6.72,tip
decided,569,5.94,tip
realize,188,5.84,tip
cotton,65,6.22,tip
mixed,758,5.48,tip
register,666,5.26,tip
internal,13,5.2,tip
medicine,91,5.08,tip
screen,531,5.74,tip
map,273,5.5,tip
ages,285,4.5,tip
tools,102,5.54,tip
achieve,20,7.42,tip
funk,84,4.78,tip
monkey,223,6.28,tip
tag,228,5.08,tip
hello,497,7.0,tip
dutch,137,5.62,tip
showed,423,5.74,tip
heading,384,5.62,tip
worked,544,5.44,tip
communication,188,6.52,tip
execution,54,3.1,tip
architecture,80,6.4,tip
knife,92,4.08,tip
fight,199,2.7,tip
corners,38,5.02,tip
globe,12,6.28,tip
awe,39,5.94,tip
pigs,66,4.62,tip
peoples,34,5.82,tip
matters,84,5.24,tip
endless,223,5.32,tip
standing,446,5.36,tip
talking,493,6.46,tip
crap,728,3.34,tip
bound,157,4.6,tip
er,232,4.54,tip
normally,424,5.5,tip
practical,14,6.24,tip
tales,37,6.5,tip
kills,54,1.78,tip
carries,120,5.46,tip
tu,30,5.02,tip
fr,51,4.92,tip
sa,41,4.76,tip
su,43,5.0,tip
setting,691,5.02,tip
disaster,124,1.96,tip
unreal,242,4.57,tip
finding,357,5.8,tip
aqui,10,5.04,tip
art,1227,6.6,tip
returns,148,5.24,tip
penn,148,5.42,tip
landing,59,5.82,tip
quest,82,6.22,tip
format,28,5.56,tip
contain,52,5.7,tip
higher,396,6.46,tip
plays,197,6.72,tip
annie,69,5.78,tip
ann,114,5.14,tip
marie,67,5.58,tip
treatment,343,4.42,tip
guarantee,136,6.86,tip
makeup,152,5.76,tip
thinking,443,6.28,tip
hmmm,199,5.14,tip
news,419,5.6,tip
leslie,52,5.18,tip
bringing,361,6.04,tip
smiling,152,7.58,tip
argh,33,3.96,tip
dirt,174,3.7,tip
marks,63,5.1,tip
fifty,61,5.71,tip
charlie,170,5.62,tip
camp,166,6.26,tip
entirely,82,5.6,tip
assumed,35,4.96,tip
situation,238,5.0,tip
apparently,967,5.54,tip
plastic,499,4.46,tip
dana,60,5.4,tip
leaf,130,6.12,tip
hd,46,5.78,tip
outdoors,146,6.98,tip
northern,134,5.22,tip
sad,1335,2.38,tip
blown,156,4.34,tip
recipe,194,6.5,tip
stood,149,4.94,tip
drank,96,5.34,tip
retained,7,5.19,tip
wasnt,101,3.7,tip
drinking,760,6.14,tip
shed,29,5.22,tip
appointed,40,5.7,tip
au,472,4.92,tip
vitamin,43,6.88,tip
shots,564,3.32,tip
ellen,24,5.16,tip
lounge,715,6.5,tip
grass,312,6.46,tip
fed,203,5.78,tip
liberties,39,6.68,tip
vote,107,5.8,tip
labor,214,4.22,tip
training,442,5.74,tip
pace,190,5.64,tip
pink,411,6.32,tip
bus,510,5.1,tip
whoa,131,5.22,tip
famous,472,6.68,tip
particularly,178,5.46,tip
obvious,125,5.64,tip
faster,566,6.38,tip
purchased,342,6.38,tip
material,36,5.62,tip
grabbed,96,4.48,tip
son,813,7.12,tip
earned,107,7.08,tip
mi,869,5.02,tip
christine,65,5.5,tip
country,965,6.28,tip
unlimited,470,6.6,tip
lasts,111,5.98,tip
works,1181,5.5,tip
bill,1095,3.64,tip
hurt,204,2.18,tip
jaw,24,5.2,tip
chew,73,5.58,tip
jury,42,4.28,tip
duty,158,4.7,tip
sort,274,5.28,tip
stuck,343,3.66,tip
rear,201,5.12,tip
edward,24,5.26,tip
biggest,328,6.0,tip
float,161,6.02,tip
balls,737,5.86,tip
informed,231,6.18,tip
provide,381,6.4,tip
blanket,109,6.54,tip
rankings,3,5.7,tip
institution,99,4.58,tip
delta,119,5.36,tip
willing,387,6.4,tip
birds,164,6.96,tip
cab,295,5.2,tip
depot,202,5.16,tip
cage,57,3.44,tip
requirements,24,4.98,tip
rubin,15,4.94,tip
vehicle,401,6.08,tip
spaces,174,5.62,tip
sydney,31,5.68,tip
block,634,4.02,tip
beats,267,4.4,tip
chains,105,4.53,tip
song,129,7.58,tip
loss,94,2.56,tip
trio,240,5.54,tip
elaine,17,5.24,tip
barbara,861,5.22,tip
voodoo,211,3.86,tip
beware,1347,4.22,tip
doors,751,5.44,tip
chile,369,5.74,tip
field,205,5.88,tip
participate,55,6.4,tip
memorial,189,4.96,tip
image,76,5.94,tip
variation,27,5.5,tip
theatre,352,6.68,tip
unlike,292,4.04,tip
premier,53,6.2,tip
beginning,233,6.04,tip
satisfy,114,7.34,tip
fa,19,4.8,tip
characters,60,5.78,tip
ignorance,5,2.98,tip
mack,15,4.9,tip
freelance,5,6.08,tip
huh,86,4.72,tip
coat,193,6.08,tip
arms,57,5.38,tip
parks,132,7.14,tip
despite,466,4.48,tip
loving,542,7.96,tip
executive,78,5.58,tip
edge,117,4.98,tip
hospital,422,3.5,tip
wireless,76,6.18,tip
officially,251,5.04,tip
soo,399,4.9,tip
jam,428,6.02,tip
bf,167,5.96,tip
myself,779,6.3,tip
ourselves,105,5.98,tip
paradise,231,7.92,tip
desert,522,4.4,tip
yellow,411,5.8,tip
upside,135,6.21,tip
lee,229,5.3,tip
avid,23,6.22,tip
co,444,4.94,tip
whatever,726,4.58,tip
determine,18,5.8,tip
culture,127,6.72,tip
somewhere,1339,5.28,tip
fave,710,6.04,tip
picture,631,6.64,tip
camera,101,6.8,tip
operated,156,5.14,tip
resist,125,4.74,tip
books,527,7.28,tip
fruits,213,7.31,tip
ensure,115,6.12,tip
mistakes,93,2.92,tip
tooth,174,4.84,tip
blazing,30,5.52,tip
woohoo,201,6.84,tip
maine,89,5.82,tip
needing,89,4.94,tip
fri,686,6.18,tip
hottest,106,5.78,tip
beast,117,3.36,tip
expanded,171,5.88,tip
secret,655,4.84,tip
steppin,1,5.56,tip
fountain,506,6.68,tip
insurance,321,5.24,tip
testing,106,4.9,tip
lovers,459,7.54,tip
benjamin,48,5.68,tip
button,110,5.68,tip
significantly,60,6.08,tip
blend,358,5.72,tip
deaths,11,1.64,tip
couple,1382,7.3,tip
faces,163,6.2,tip
talent,122,7.06,tip
occasional,64,5.6,tip
goods,706,6.46,tip
haha,282,7.64,tip
fbi,6,4.32,tip
logo,65,5.68,tip
funny,603,7.92,tip
accepted,361,6.54,tip
dave,313,5.3,tip
belongs,24,6.3,tip
ex,115,4.18,tip
photos,410,6.94,tip
indians,40,6.3,tip
celebrity,34,6.02,tip
shut,437,3.56,tip
course,1619,5.42,tip
certain,415,6.06,tip
fixed,667,6.02,tip
jingle,14,6.24,tip
dispute,14,3.54,tip
aspects,27,5.56,tip
employee,652,5.74,tip
remark,7,5.49,tip
potential,157,6.68,tip
clients,270,5.56,tip
improving,41,6.96,tip
employer,26,5.71,tip
james,319,5.28,tip
semi,168,5.27,tip
northwest,47,5.7,tip
numbers,93,6.04,tip
airlines,98,5.6,tip
eric,173,5.08,tip
fridge,226,6.02,tip
term,127,4.94,tip
transportation,62,6.16,tip
sing,147,7.44,tip
throat,46,5.0,tip
vintage,269,6.26,tip
furniture,448,6.04,tip
metal,177,5.44,tip
hammer,17,4.46,tip
worthy,204,6.9,tip
sara,75,5.52,tip
gardens,194,7.24,tip
sweat,182,4.16,tip
entrance,1059,5.66,tip
handy,114,6.32,tip
jefferson,176,5.52,tip
jeff,233,5.2,tip
east,877,5.82,tip
td,28,5.06,tip
saved,325,6.88,tip
foster,335,5.12,tip
courtesy,149,6.74,tip
ouch,90,2.9,tip
giant,536,5.34,tip
comedy,235,7.98,tip
comics,48,6.88,tip
suffered,23,2.24,tip
chop,398,4.16,tip
either,1592,5.1,tip
hockey,197,5.42,tip
happens,211,5.2,tip
funky,337,5.72,tip
boat,351,6.08,tip
ran,485,5.5,tip
previous,337,4.88,tip
tops,239,6.04,tip
moderate,69,5.34,tip
gettin,182,5.02,tip
traditional,838,6.12,tip
judge,196,4.92,tip
cover,745,5.32,tip
ang,10,4.82,tip
puerto,72,5.14,tip
miriam,14,5.3,tip
increased,89,6.38,tip
stocks,21,5.36,tip
sets,139,5.08,tip
ave,678,5.1,tip
court,548,3.78,tip
youre,63,5.1,tip
stash,17,5.31,tip
intimate,352,6.76,tip
chill,1217,5.06,tip
donna,92,5.24,tip
broken,556,3.02,tip
les,89,4.76,tip
quarters,212,5.74,tip
notice,499,5.16,tip
cavity,10,3.24,tip
internet,410,7.48,tip
operating,85,5.44,tip
shack,216,4.36,tip
chest,62,5.54,tip
cap,185,5.56,tip
profit,61,7.66,tip
lisa,273,5.6,tip
concepts,23,6.02,tip
frog,76,5.26,tip
seconds,180,5.08,tip
ikea,117,5.48,tip
interested,250,6.84,tip
reduced,96,4.32,tip
patient,734,5.04,tip
bout,141,4.56,tip
presentation,445,5.42,tip
thin,1061,5.74,tip
management,1577,4.76,tip
understand,532,6.56,tip
chu,7,4.9,tip
involved,66,5.82,tip
guaranteed,160,6.78,tip
bulk,163,5.12,tip
woo,198,5.78,tip
pit,295,4.3,tip
calories,385,4.22,tip
skull,14,3.96,tip
hmm,125,5.04,tip
injured,25,2.22,tip
based,639,5.26,tip
imagine,218,7.18,tip
calls,296,5.42,tip
imperial,118,5.18,tip
caught,181,3.54,tip
immediately,408,5.66,tip
appears,238,5.68,tip
dull,51,3.24,tip
joke,653,7.62,tip
passing,160,5.44,tip
gin,282,5.9,tip
driving,640,6.18,tip
megan,113,5.46,tip
legit,709,6.08,tip
suggestion,161,5.84,tip
crappy,393,2.98,tip
properly,216,6.22,tip
nah,50,4.5,tip
ill,238,2.42,tip
herb,123,6.49,tip
dried,258,4.96,tip
con,536,3.7,tip
beam,34,6.6,tip
holes,157,4.62,tip
buried,34,2.84,tip
sunshine,117,7.94,tip
fat,829,3.24,tip
campaign,37,5.34,tip
saints,249,7.02,tip
optimistic,10,7.5,tip
acceptable,115,6.67,tip
sam,395,5.42,tip
gather,38,5.94,tip
skills,263,6.38,tip
pumpkin,1239,6.48,tip
tiny,887,4.9,tip
plaza,479,6.28,tip
optical,22,5.78,tip
outlets,361,6.06,tip
didnt,223,4.0,tip
shops,546,6.64,tip
pub,1008,6.02,tip
varied,98,5.56,tip
cherry,641,7.04,tip
cupcake,532,7.5,tip
valentine,209,7.4,tip
smaller,698,4.74,tip
appreciate,438,7.22,tip
infant,22,6.9,tip
slowly,88,4.32,tip
assistance,100,5.96,tip
figured,106,5.4,tip
mood,390,5.88,tip
kid,1136,6.84,tip
spider,89,4.28,tip
arm,102,5.5,tip
reserve,408,5.32,tip
mouse,113,5.36,tip
incident,33,4.02,tip
reading,497,6.78,tip
concerned,133,4.22,tip
killing,107,1.7,tip
profits,26,7.48,tip
contact,316,6.08,tip
groups,584,5.66,tip
preparations,14,5.94,tip
personnel,97,5.38,tip
written,130,5.7,tip
chris,540,5.22,tip
cycle,78,5.62,tip
westside,14,5.5,tip
animal,350,6.8,tip
interior,573,5.8,tip
energy,383,7.22,tip
joy,219,8.16,tip
anderson,34,5.22,tip
loop,142,5.46,tip
ban,50,2.66,tip
north,737,5.52,tip
joseph,65,5.4,tip
key,906,5.82,tip
leather,151,5.56,tip
toilet,213,4.88,tip
fitness,353,6.92,tip
signs,391,5.54,tip
bigger,621,6.38,tip
hannah,82,5.28,tip
messing,41,4.12,tip
wants,354,5.38,tip
toy,107,6.84,tip
join,707,6.22,tip
guilty,79,2.64,tip
cure,179,7.14,tip
ache,37,2.68,tip
pain,433,2.1,tip
nova,32,5.3,tip
user,47,5.48,tip
rating,272,5.54,tip
tryin,31,5.06,tip
substantial,38,5.94,tip
correct,575,7.02,tip
pow,27,4.2,tip
cent,569,5.68,tip
dressed,196,6.36,tip
strong,993,7.06,tip
gf,356,5.74,tip
tongue,147,5.44,tip
wells,189,5.48,tip
flies,228,3.6,tip
enter,602,5.84,tip
risk,196,3.62,tip
following,156,5.38,tip
link,117,5.78,tip
mu,20,5.14,tip
accordingly,180,5.8,tip
fired,262,2.3,tip
gross,1112,3.72,tip
yuck,478,3.16,tip
tin,61,5.06,tip
gear,205,5.34,tip
shift,146,5.26,tip
climbing,70,6.04,tip
yoga,576,7.04,tip
neat,504,6.72,tip
h,466,4.8,tip
dine,1075,6.7,tip
exhausted,28,3.14,tip
played,185,6.38,tip
wallet,216,5.94,tip
rye,254,5.32,tip
cannot,845,3.32,tip
candles,100,6.67,tip
alley,258,4.74,tip
supposed,421,5.14,tip
bye,246,3.96,tip
italy,203,6.18,tip
iron,229,5.34,tip
mornings,379,6.32,tip
parents,265,7.36,tip
lion,65,6.18,tip
continental,88,5.94,tip
harvey,46,5.28,tip
adding,297,5.72,tip
se,95,4.88,tip
piano,249,6.94,tip
cuts,466,3.64,tip
depends,95,4.72,tip
morgan,87,5.24,tip
og,56,4.86,tip
dat,232,4.76,tip
miles,569,5.3,tip
players,135,5.96,tip
becomes,58,5.8,tip
buying,626,6.4,tip
popped,75,4.94,tip
tame,15,5.55,tip
excluded,11,3.58,tip
lighting,286,6.0,tip
himself,110,5.42,tip
designated,87,5.64,tip
promise,179,7.18,tip
names,185,5.32,tip
heavenly,318,7.38,tip
bombs,97,2.86,tip
bills,159,2.82,tip
hah,12,5.92,tip
social,516,6.22,tip
shoot,142,3.46,tip
mother,559,7.68,tip
muffin,344,6.76,tip
lives,279,6.22,tip
difficult,420,3.18,tip
grease,246,4.36,tip
ps,127,5.04,tip
bells,82,6.5,tip
farmer,107,6.88,tip
markets,63,6.1,tip
clever,45,7.06,tip
gifts,352,7.56,tip
adults,398,6.06,tip
smoking,690,3.1,tip
beliefs,7,6.0,tip
opposed,64,3.32,tip
threatened,37,2.62,tip
paying,680,5.0,tip
cat,476,6.64,tip
remembered,137,6.32,tip
broadway,239,6.36,tip
cited,7,4.88,tip
models,25,6.14,tip
load,226,4.74,tip
sip,192,5.56,tip
learning,136,6.92,tip
biz,155,5.04,tip
learn,479,6.7,tip
dm,8,4.94,tip
iv,112,4.54,tip
strength,59,7.4,tip
bird,442,6.64,tip
eh,346,4.54,tip
hosting,104,5.9,tip
scheduled,268,5.28,tip
director,23,5.8,tip
michael,320,5.7,tip
chosen,34,5.88,tip
relax,763,7.7,tip
victory,136,7.98,tip
uncle,122,6.8,tip
types,298,5.32,tip
share,1143,6.78,tip
needed,1579,5.46,tip
helped,561,7.28,tip
tony,342,5.52,tip
tires,394,5.2,tip
media,273,5.62,tip
managed,164,5.68,tip
easier,402,7.56,tip
fly,370,6.32,tip
results,292,5.9,tip
bones,142,5.18,tip
expectations,404,5.46,tip
china,229,5.4,tip
result,110,6.0,tip
search,238,5.44,tip
wed,412,6.16,tip
hotels,194,6.26,tip
headache,115,1.98,tip
victoria,72,5.88,tip
scope,24,5.71,tip
adorable,342,7.32,tip
diego,97,5.06,tip
portland,43,5.68,tip
seattle,79,5.9,tip
particular,242,5.54,tip
rum,518,6.29,tip
eastern,207,5.76,tip
arsenal,20,4.18,tip
upon,444,5.34,tip
feels,679,5.5,tip
visited,429,6.3,tip
capable,31,6.74,tip
creepy,121,3.46,tip
henry,85,5.14,tip
historic,229,5.92,tip
guests,516,6.14,tip
mystery,127,5.64,tip
emily,126,5.54,tip
farms,60,6.36,tip
seeking,49,5.6,tip
pays,103,6.54,tip
itself,381,5.2,tip
mill,129,5.22,tip
planet,424,6.52,tip
nearby,598,5.68,tip
empire,43,5.28,tip
blind,92,2.58,tip
tiger,140,6.18,tip
barack,5,5.58,tip
target,474,5.36,tip
swell,18,4.94,tip
commerce,25,5.32,tip
angry,219,2.32,tip
assist,74,6.42,tip
audio,92,5.88,tip
google,320,7.2,tip
maps,163,6.12,tip
storage,96,5.44,tip
age,243,4.88,tip
jump,142,5.48,tip
v,417,4.66,tip
eileen,16,5.36,tip
victor,44,6.18,tip
caroline,31,5.6,tip
pac,45,5.18,tip
blizzard,99,4.78,tip
crave,236,4.92,tip
tribe,21,5.92,tip
considering,299,5.6,tip
continue,331,5.76,tip
observe,25,6.27,tip
known,596,5.8,tip
april,687,6.36,tip
firm,80,5.32,tip
paint,304,6.3,tip
mic,185,5.3,tip
sessions,95,5.48,tip
followed,198,5.46,tip
acoustic,63,6.48,tip
sullivan,26,5.34,tip
fucking,327,4.64,tip
chuck,123,4.88,tip
shame,447,2.68,tip
alert,150,5.28,tip
ph,92,5.18,tip
leaves,361,5.62,tip
toys,232,7.1,tip
wheel,152,5.78,tip
grande,83,5.9,tip
woof,39,6.1,tip
battery,193,5.44,tip
zone,191,5.32,tip
temporary,76,4.5,tip
fool,251,3.3,tip
papa,168,6.76,tip
student,429,6.58,tip
dozen,486,5.46,tip
stealing,34,2.46,tip
directions,158,5.26,tip
opposite,120,4.4,tip
peggy,29,5.3,tip
existence,39,5.9,tip
custom,425,5.94,tip
carried,45,5.44,tip
wise,179,7.1,tip
hats,111,6.41,tip
clerk,86,5.41,tip
sees,33,5.76,tip
finished,366,6.78,tip
stephanie,150,5.48,tip
drew,98,5.66,tip
master,170,5.7,tip
hall,348,5.36,tip
boo,388,3.74,tip
smiles,162,7.76,tip
monthly,344,5.42,tip
beauty,226,7.76,tip
jackson,145,5.7,tip
medicare,9,5.3,tip
conference,165,5.26,tip
yikes,219,4.32,tip
parts,293,5.24,tip
sells,240,5.62,tip
cereal,59,6.2,tip
plants,230,7.1,tip
imports,41,5.44,tip
july,907,5.98,tip
usb,46,5.68,tip
ny,702,5.54,tip
boards,120,5.18,tip
maria,133,5.5,tip
daughters,128,7.36,tip
ish,227,4.86,tip
utterly,49,4.52,tip
lovin,97,7.14,tip
soho,81,5.58,tip
jar,180,5.12,tip
random,232,5.02,tip
earl,98,5.44,tip
ferry,64,5.98,tip
pan,411,5.56,tip
luv,294,7.2,tip
dove,13,7.04,tip
skating,79,6.68,tip
adams,110,5.34,tip
letters,29,5.9,tip
boyfriend,371,6.38,tip
fell,198,3.22,tip
dealer,140,4.72,tip
k,604,5.0,tip
jason,268,5.12,tip
jacob,54,5.18,tip
kicked,173,3.18,tip
steve,319,5.38,tip
action,189,5.98,tip
chapel,108,5.54,tip
kelly,264,5.56,tip
shallow,14,4.12,tip
indie,56,5.66,tip
language,120,6.58,tip
homeless,124,2.16,tip
cases,99,4.82,tip
backyard,71,6.47,tip
punishment,11,2.0,tip
ga,90,4.66,tip
magazine,257,5.9,tip
toward,94,6.12,tip
hunter,49,4.04,tip
allan,8,5.18,tip
mile,476,5.04,tip
degrees,207,5.68,tip
daughter,749,7.04,tip
babies,169,7.46,tip
grain,144,5.84,tip
justified,11,6.36,tip
removed,227,3.72,tip
tournament,69,6.18,tip
joel,47,5.44,tip
joe,721,5.22,tip
midnight,652,6.18,tip
hesitate,90,4.33,tip
easter,307,6.88,tip
recommendations,340,6.2,tip
failed,149,1.84,tip
evelyn,14,5.44,tip
false,124,3.18,tip
ah,220,5.4,tip
wild,543,5.5,tip
bro,132,6.22,tip
freaking,428,4.1,tip
noticed,315,5.34,tip
asia,49,6.22,tip
eg,11,4.88,tip
sick,650,2.02,tip
bitches,113,2.76,tip
spent,566,4.76,tip
hanging,505,3.82,tip
carlos,85,5.1,tip
allison,36,5.58,tip
slipped,22,3.86,tip
pointed,57,4.9,tip
shines,18,7.6,tip
nina,47,5.26,tip
performers,34,6.8,tip
hearts,70,7.26,tip
danced,10,7.22,tip
calendar,106,5.3,tip
aaron,88,5.1,tip
carolina,97,5.44,tip
video,286,6.48,tip
permanent,80,5.68,tip
snl,3,5.42,tip
sketch,45,6.37,tip
routine,79,5.1,tip
laugh,130,8.22,tip
assistant,62,5.62,tip
fact,587,5.9,tip
pirate,58,4.54,tip
lexington,6,5.3,tip
greatest,545,7.26,tip
nj,263,4.64,tip
printing,76,5.77,tip
partners,54,7.12,tip
donated,67,6.88,tip
spirit,135,6.6,tip
xmas,185,7.24,tip
engine,62,5.7,tip
retreat,31,5.18,tip
design,349,6.32,tip
cell,293,5.12,tip
scenes,25,5.9,tip
gently,30,7.29,tip
shine,109,7.14,tip
younger,134,6.4,tip
worker,236,5.56,tip
scales,4,5.3,tip
smoked,1185,4.86,tip
regardless,171,5.14,tip
eagle,107,6.18,tip
bear,223,5.86,tip
grounds,171,5.68,tip
neighbor,93,6.08,tip
raised,184,6.56,tip
grandmother,44,7.64,tip
uses,174,5.72,tip
describe,163,5.66,tip
dump,326,2.84,tip
unfortunate,58,2.94,tip
lonesome,3,3.12,tip
trend,35,5.64,tip
grad,35,6.24,tip
profound,6,6.18,tip
december,354,6.34,tip
eagles,175,6.16,tip
hopkins,3,5.42,tip
nowadays,17,5.42,tip
therapy,124,5.46,tip
impression,172,5.94,tip
knocked,64,4.42,tip
socks,217,5.06,tip
poker,123,5.78,tip
jukebox,190,6.78,tip
edit,82,5.36,tip
tan,246,5.38,tip
bow,65,5.5,tip
costume,94,6.26,tip
nick,213,5.1,tip
israeli,33,4.82,tip
soul,451,6.34,tip
rebels,11,4.24,tip
computer,245,7.24,tip
flash,109,5.98,tip
drives,39,5.78,tip
swag,56,5.74,tip
massachusetts,15,5.58,tip
theme,174,6.12,tip
citizen,44,5.92,tip
heal,9,6.82,tip
mistake,373,2.78,tip
competitive,118,5.46,tip
momma,78,6.72,tip
bunch,534,5.7,tip
lazy,344,3.28,tip
express,493,6.04,tip
frustration,53,2.34,tip
nature,132,7.24,tip
ahh,71,5.38,tip
franklin,334,5.24,tip
mess,627,3.94,tip
aim,22,5.86,tip
differences,12,4.6,tip
aside,132,4.76,tip
americans,38,6.5,tip
sayin,105,4.94,tip
burning,134,2.88,tip
gaga,15,5.68,tip
knight,52,6.22,tip
nope,263,4.12,tip
strip,626,4.92,tip
williams,51,5.2,tip
blvd,180,5.02,tip
wooden,75,5.04,tip
landscape,27,6.68,tip
earrings,41,6.3,tip
gods,65,6.26,tip
washing,114,5.3,tip
miserable,183,2.54,tip
pin,71,5.1,tip
score,365,6.38,tip
points,655,6.04,tip
feeding,83,6.3,tip
track,218,5.14,tip
physical,109,5.88,tip
mental,25,4.8,tip
emotional,10,4.42,tip
tension,20,2.94,tip
discussion,29,5.7,tip
discussed,17,5.56,tip
library,313,6.48,tip
junior,54,5.3,tip
entering,114,5.78,tip
gotten,541,5.42,tip
drawing,36,6.58,tip
charm,189,7.06,tip
procedure,63,4.94,tip
issue,572,4.48,tip
speaker,79,5.68,tip
march,633,5.78,tip
giveaway,20,6.38,tip
desired,184,6.6,tip
brains,13,6.69,tip
elite,197,5.64,tip
races,56,5.72,tip
status,109,5.62,tip
delays,66,3.44,tip
dale,112,5.26,tip
rogers,21,5.1,tip
mass,181,5.44,tip
saves,125,6.38,tip
network,167,6.0,tip
seventh,14,5.08,tip
generation,28,5.5,tip
bio,13,5.22,tip
eve,317,5.62,tip
ima,24,4.54,tip
mississippi,117,5.68,tip
ms,160,4.48,tip
failure,39,2.06,tip
promote,27,6.92,tip
african,97,5.66,tip
documentary,24,6.4,tip
reception,215,6.46,tip
eight,113,5.3,tip
tummy,224,5.36,tip
semester,27,5.26,tip
sometime,120,4.9,tip
fuck,315,4.14,tip
whore,11,3.14,tip
frequently,257,5.5,tip
pets,262,7.22,tip
dan,505,4.96,tip
loose,198,3.96,tip
rochelle,12,5.04,tip
trucks,237,5.36,tip
nate,57,4.94,tip
taxi,151,5.72,tip
booty,53,5.74,tip
cop,44,4.44,tip
adopt,59,6.4,tip
companion,57,7.24,tip
property,286,5.86,tip
manhattan,167,5.7,tip
tx,39,5.06,tip
putting,294,5.4,tip
sings,20,6.48,tip
disappear,21,3.65,tip
race,228,5.76,tip
ruin,111,2.68,tip
hadn,124,4.52,tip
veterans,201,5.64,tip
efforts,15,5.6,tip
programs,74,6.02,tip
prep,154,5.5,tip
stays,193,5.28,tip
fraud,43,2.3,tip
mate,47,6.48,tip
alot,265,5.56,tip
ken,100,5.12,tip
lego,35,5.98,tip
families,373,7.54,tip
din,69,4.31,tip
ideal,145,6.98,tip
neutral,56,5.08,tip
dumb,148,3.06,tip
refuse,140,3.46,tip
editing,9,5.3,tip
halfway,56,5.5,tip
nod,17,5.72,tip
drawers,17,5.45,tip
stress,149,2.86,tip
gentle,123,7.24,tip
hella,128,4.7,tip
broad,259,5.58,tip
gene,28,5.42,tip
rocking,115,6.46,tip
tail,219,5.67,tip
smoke,916,3.16,tip
nom,797,4.8,tip
adoption,48,6.54,tip
bold,93,5.66,tip
foe,22,3.5,tip
nervous,77,2.94,tip
cutting,191,4.08,tip
couch,129,6.06,tip
nyc,412,5.98,tip
treated,509,5.56,tip
hates,54,2.06,tip
manage,73,5.74,tip
banking,49,5.84,tip
resulted,18,5.62,tip
basin,32,5.16,tip
border,66,4.9,tip
stevie,26,5.5,tip
messy,272,3.66,tip
midtown,155,5.72,tip
minus,140,3.96,tip
wisdom,26,7.02,tip
teeth,181,5.36,tip
dentist,362,3.36,tip
atl,28,5.06,tip
saying,633,5.6,tip
blast,380,4.22,tip
breeze,266,6.88,tip
practically,127,6.1,tip
silence,24,5.14,tip
excessive,54,4.7,tip
charges,283,3.94,tip
impossible,306,2.9,tip
happen,369,5.28,tip
starving,186,2.58,tip
knot,31,4.98,tip
email,610,6.88,tip
thick,448,4.96,tip
mask,292,4.86,tip
curtains,35,5.44,tip
tape,70,5.2,tip
moscow,148,5.06,tip
bobby,120,5.54,tip
level,1005,5.6,tip
safe,681,7.04,tip
lock,220,4.58,tip
fourth,91,5.0,tip
wilson,41,5.44,tip
shape,175,5.48,tip
taiwan,28,5.36,tip
cowboys,32,6.22,tip
wildlife,31,6.98,tip
storm,168,4.26,tip
initial,68,5.42,tip
popular,620,6.6,tip
extraordinary,105,7.5,tip
million,146,7.38,tip
means,632,5.64,tip
sack,21,4.6,tip
doc,146,5.04,tip
martin,67,5.26,tip
player,110,5.94,tip
official,217,5.38,tip
wax,384,5.44,tip
waits,262,4.53,tip
chiefs,10,5.92,tip
concern,68,4.04,tip
fifth,46,5.24,tip
avenue,201,5.68,tip
flu,76,2.4,tip
hunger,136,3.37,tip
press,207,5.36,tip
raise,106,6.74,tip
relative,25,6.58,tip
helps,313,6.6,tip
workin,50,5.82,tip
vision,71,6.62,tip
dealing,120,5.54,tip
program,706,5.68,tip
blaze,34,5.04,tip
pants,241,5.92,tip
outfit,27,5.76,tip
requires,106,4.68,tip
kong,110,5.44,tip
wherever,46,5.52,tip
independent,95,6.86,tip
films,44,7.22,tip
bugs,267,3.78,tip
cloth,40,5.94,tip
flame,56,5.49,tip
brutal,52,2.6,tip
florida,695,6.7,tip
seasons,106,6.76,tip
spending,289,5.24,tip
ghetto,264,3.44,tip
harry,166,5.24,tip
luxury,98,7.3,tip
remote,40,5.48,tip
studying,149,5.56,tip
worse,822,2.7,tip
abundant,35,7.16,tip
colorado,55,5.84,tip
delaware,236,5.58,tip
mentioned,222,5.42,tip
mj,37,5.06,tip
approval,16,6.98,tip
corporate,257,4.7,tip
attended,88,5.54,tip
rental,375,4.9,tip
gd,38,4.76,tip
uh,168,4.2,tip
misunderstood,2,3.46,tip
picks,80,5.4,tip
lemme,8,4.6,tip
certainly,295,6.06,tip
rated,289,5.5,tip
ben,212,5.14,tip
connection,110,5.82,tip
writing,179,6.24,tip
depth,29,5.54,tip
wont,307,4.08,tip
bright,367,7.62,tip
flashing,16,5.78,tip
desperate,58,3.12,tip
ads,53,4.56,tip
covering,29,5.36,tip
tremendous,106,6.72,tip
dust,123,3.6,tip
greatly,83,6.86,tip
phoenix,86,5.94,tip
entertainment,472,7.76,tip
acting,75,6.04,tip
weight,229,4.52,tip
log,33,5.34,tip
updating,118,6.24,tip
excuses,66,3.84,tip
engineer,14,6.3,tip
improvement,213,6.86,tip
stations,213,5.44,tip
parties,609,7.42,tip
detail,366,5.82,tip
halo,76,6.2,tip
liquid,140,5.86,tip
restore,16,6.14,tip
core,77,5.38,tip
educational,76,6.4,tip
spirits,198,6.24,tip
bored,73,3.04,tip
investment,25,5.82,tip
maureen,12,5.34,tip
babe,59,6.82,tip
idk,95,4.28,tip
nursing,55,6.12,tip
fuckin,60,3.86,tip
rid,210,4.1,tip
wonder,397,7.08,tip
metropolitan,24,6.3,tip
warn,75,4.27,tip
wil,14,5.06,tip
darn,320,4.2,tip
meetings,133,4.8,tip
el,610,4.8,tip
maintained,134,6.36,tip
sweetness,125,7.88,tip
chances,103,6.18,tip
important,303,6.32,tip
ancient,22,5.6,tip
controversy,4,3.68,tip
duke,254,5.12,tip
sensitive,106,4.86,tip
msg,162,4.94,tip
june,718,6.32,tip
busted,37,3.36,tip
knee,58,5.08,tip
chester,139,5.64,tip
leaving,647,3.58,tip
lotta,34,5.19,tip
batman,111,6.22,tip
spray,223,5.3,tip
reasons,138,5.26,tip
project,147,5.74,tip
impulse,15,5.8,tip
stopping,334,4.08,tip
holidays,370,7.96,tip
adam,143,5.54,tip
harrison,45,5.14,tip
yea,295,6.18,tip
rotten,89,2.58,tip
decision,198,5.06,tip
congratulations,50,8.0,tip
believer,32,6.46,tip
faithful,23,7.51,tip
follower,3,5.28,tip
rodeo,35,5.29,tip
dime,81,6.2,tip
confused,222,2.98,tip
influences,6,6.06,tip
output,2,5.86,tip
vacation,462,7.92,tip
saint,248,6.34,tip
opportunity,155,7.14,tip
circus,113,6.56,tip
throughout,344,5.52,tip
candle,78,6.71,tip
electricity,27,6.1,tip
handsome,52,7.54,tip
basket,269,6.02,tip
tha,86,4.76,tip
mamma,42,7.06,tip
accurately,16,6.84,tip
usage,24,5.52,tip
canal,250,5.72,tip
bros,90,5.34,tip
princeton,15,5.74,tip
sucking,18,4.16,tip
slide,95,5.76,tip
retired,65,5.14,tip
account,226,5.5,tip
information,336,6.48,tip
sexual,27,6.2,tip
encounter,45,5.24,tip
rode,27,5.66,tip
dough,503,6.2,tip
exist,163,5.9,tip
falls,110,3.6,tip
apart,225,3.52,tip
tune,120,6.18,tip
listing,197,5.36,tip
serves,559,5.74,tip
reliable,494,7.0,tip
advanced,67,6.58,tip
americas,9,6.38,tip
cross,267,4.68,tip
weed,49,4.44,tip
magic,342,6.8,tip
washed,136,5.92,tip
tower,238,5.66,tip
shelf,227,5.31,tip
designs,116,6.22,tip
hilarious,135,7.5,tip
glance,35,6.0,tip
crash,39,2.6,tip
device,99,5.54,tip
ew,134,4.44,tip
everybody,254,6.2,tip
lane,305,5.22,tip
montgomery,48,5.52,tip
wa,48,5.0,tip
burned,180,2.9,tip
horse,135,6.8,tip
aides,1,5.92,tip
promotion,133,7.74,tip
bust,70,4.56,tip
marked,191,4.92,tip
twisted,50,4.12,tip
shades,48,5.84,tip
port,215,5.36,tip
richmond,45,5.46,tip
keeping,256,6.1,tip
induced,10,4.71,tip
rough,238,3.54,tip
abuse,40,1.88,tip
channel,111,5.5,tip
tradition,203,6.4,tip
hem,23,5.37,tip
trek,75,5.48,tip
darkness,12,3.82,tip
dennis,45,5.42,tip
chorus,10,6.4,tip
greg,116,5.16,tip
coolest,184,6.78,tip
extended,159,5.8,tip
tale,26,6.24,tip
evil,86,1.9,tip
extend,26,6.0,tip
include,406,5.94,tip
brasil,13,5.6,tip
complaint,284,2.86,tip
cease,30,4.32,tip
operations,54,4.36,tip
aug,166,5.44,tip
report,201,4.76,tip
inch,162,5.2,tip
supreme,189,6.64,tip
paul,266,5.44,tip
glorious,81,7.74,tip
hay,40,5.36,tip
hardest,32,3.82,tip
performances,60,6.62,tip
shakes,693,4.69,tip
desirable,26,7.08,tip
conditions,54,4.78,tip
cnt,1,4.76,tip
discovered,177,7.0,tip
keeps,363,5.88,tip
solely,25,5.58,tip
announced,69,5.48,tip
musical,64,7.22,tip
trade,149,6.18,tip
record,169,5.78,tip
opponent,1,3.9,tip
couples,146,6.5,tip
slip,80,3.82,tip
superior,197,6.08,tip
grill,920,6.24,tip
oops,109,3.72,tip
thumb,37,5.7,tip
mercedes,51,6.51,tip
benz,21,5.84,tip
simon,42,5.18,tip
sweetest,183,7.92,tip
additional,533,5.78,tip
typically,234,5.12,tip
vida,26,5.56,tip
interviewed,4,5.28,tip
colts,88,5.34,tip
homey,176,5.82,tip
study,360,6.12,tip
headphones,63,6.3,tip
heel,23,5.29,tip
somehow,122,5.14,tip
directed,29,5.46,tip
kings,122,5.94,tip
highway,181,5.48,tip
que,167,4.64,tip
sera,4,5.18,tip
heat,947,4.16,tip
shattered,11,3.6,tip
iphone,297,6.54,tip
panic,21,2.46,tip
garbage,379,3.18,tip
lip,71,5.9,tip
dated,127,5.0,tip
tunes,181,6.64,tip
ii,65,5.02,tip
row,503,4.94,tip
dixie,84,5.55,tip
chicks,74,5.92,tip
outcomes,2,6.12,tip
ray,171,5.52,tip
clark,38,5.38,tip
kiss,93,7.64,tip
cheeks,79,6.29,tip
childhood,98,6.84,tip
carrying,106,5.26,tip
tix,81,4.92,tip
requests,136,5.1,tip
laughing,62,8.2,tip
stranger,40,4.16,tip
lord,140,6.34,tip
dawn,103,6.54,tip
recognize,47,6.08,tip
naked,174,5.9,tip
gender,50,5.8,tip
deadly,24,2.9,tip
sins,10,2.88,tip
concrete,155,5.6,tip
clock,178,5.62,tip
showers,93,6.56,tip
surgery,116,2.66,tip
confusing,183,3.56,tip
policy,320,4.74,tip
ripped,117,4.13,tip
murdered,7,1.8,tip
island,529,6.78,tip
stream,33,6.42,tip
clips,29,5.36,tip
stayed,400,5.4,tip
feast,180,7.49,tip
motivation,20,6.66,tip
colleague,16,5.78,tip
dallas,80,5.2,tip
watched,210,5.46,tip
kill,259,1.56,tip
texting,54,5.5,tip
lawrence,31,5.4,tip
walls,355,5.26,tip
restrictions,117,3.32,tip
metro,114,5.86,tip
prayer,20,6.48,tip
attack,98,2.42,tip
provided,316,6.18,tip
rebecca,67,5.46,tip
production,54,6.02,tip
suspended,18,3.08,tip
inspired,161,7.36,tip
afterward,42,5.22,tip
bacteria,11,3.61,tip
wipe,115,5.04,tip
johns,129,4.8,tip
coeur,20,5.0,tip
attitudes,170,5.86,tip
flag,115,6.26,tip
october,477,5.88,tip
depending,255,4.74,tip
dragon,261,5.74,tip
tattoo,264,5.08,tip
vincent,51,5.46,tip
arizona,159,5.58,tip
village,263,6.28,tip
woot,207,5.82,tip
certificate,101,6.18,tip
index,21,5.46,tip
category,45,5.42,tip
devil,126,2.24,tip
nonsense,67,4.12,tip
therefore,69,5.08,tip
forms,57,4.66,tip
identification,6,5.73,tip
prove,61,5.74,tip
previously,141,4.52,tip
persian,69,5.24,tip
sand,283,5.86,tip
scott,213,5.08,tip
cares,242,7.36,tip
ipad,161,6.5,tip
albums,12,6.92,tip
kinds,312,5.74,tip
wagon,35,5.83,tip
arena,60,5.84,tip
amp,37,5.44,tip
sept,200,5.44,tip
marry,48,6.98,tip
btw,163,4.98,tip
element,26,5.84,tip
sr,32,4.86,tip
robbery,37,2.08,tip
bands,352,6.16,tip
knowing,98,6.72,tip
ka,54,4.84,tip
muslim,12,4.64,tip
plz,50,5.32,tip
frank,175,5.94,tip
hotter,99,5.86,tip
marcia,34,5.02,tip
sending,79,5.8,tip
scored,70,6.46,tip
boston,151,5.76,tip
hated,73,2.14,tip
yards,112,5.38,tip
rebel,19,4.38,tip
aid,113,6.24,tip
decisions,74,5.58,tip
headed,180,5.8,tip
virginia,123,6.28,tip
addict,39,2.84,tip
desire,69,6.68,tip
hart,14,5.08,tip
recent,239,5.56,tip
older,436,4.74,tip
persons,35,6.14,tip
occasionally,111,5.08,tip
argued,36,3.36,tip
revolution,58,5.34,tip
singapore,96,5.98,tip
limit,178,4.22,tip
roller,127,5.48,tip
asking,459,5.26,tip
walter,28,5.36,tip
mm,112,5.04,tip
weapon,26,3.36,tip
improvements,65,7.08,tip
euro,44,5.72,tip
consumption,34,5.1,tip
rule,182,4.52,tip
orchestra,58,6.72,tip
eugene,8,5.08,tip
era,64,5.56,tip
february,336,5.08,tip
emails,182,6.54,tip
lil,491,5.2,tip
draw,81,6.44,tip
ba,59,4.68,tip
ear,177,5.54,tip
cousins,29,6.5,tip
smashed,50,3.42,tip
upper,217,5.82,tip
millions,16,7.26,tip
diamond,150,7.52,tip
q,223,4.6,tip
chemical,40,4.18,tip
thrown,98,4.46,tip
rides,178,6.44,tip
muscles,95,6.56,tip
intervention,11,4.26,tip
sleeping,77,7.02,tip
teaching,60,6.44,tip
reports,35,5.0,tip
oct,234,5.62,tip
laid,498,5.46,tip
hire,262,6.5,tip
ding,48,5.34,tip
fault,151,3.44,tip
accounts,45,4.96,tip
reminder,69,5.54,tip
entered,69,5.82,tip
boots,149,6.08,tip
drums,29,6.47,tip
essentially,40,5.76,tip
parent,49,7.04,tip
invest,48,6.62,tip
variations,27,5.86,tip
function,38,5.6,tip
blew,111,4.52,tip
create,241,6.82,tip
connected,154,6.34,tip
occupy,18,5.66,tip
assembly,30,5.6,tip
lease,199,4.62,tip
jobs,113,6.32,tip
communities,12,5.98,tip
af,178,4.76,tip
klein,9,5.2,tip
effectiveness,5,6.78,tip
filter,67,5.46,tip
comments,143,5.62,tip
progress,83,7.26,tip
joined,58,6.3,tip
users,42,5.48,tip
isolated,13,3.46,tip
boost,61,6.48,tip
preview,60,5.76,tip
rainy,305,5.64,tip
competing,19,5.02,tip
michigan,64,5.32,tip
singing,123,6.96,tip
banks,42,5.92,tip
tough,490,3.96,tip
hype,488,5.16,tip
bradley,34,5.54,tip
method,42,5.56,tip
birth,54,7.12,tip
museums,50,6.78,tip
wishes,28,7.2,tip
hence,41,4.98,tip
shared,333,6.8,tip
promised,149,6.68,tip
present,189,6.96,tip
buck,478,5.84,tip
interpreted,3,5.49,tip
travel,400,7.18,tip
belt,85,5.06,tip
bruce,90,5.14,tip
breath,124,6.38,tip
z,204,5.08,tip
doubt,290,3.16,tip
karma,53,6.22,tip
bs,158,4.48,tip
gb,19,5.06,tip
instruction,39,5.83,tip
bless,96,7.08,tip
dear,135,6.94,tip
joshua,21,5.32,tip
ryan,215,5.52,tip
elder,30,6.49,tip
assuming,52,5.08,tip
spite,25,3.53,tip
addressed,39,5.8,tip
nada,66,4.42,tip
engineering,11,5.86,tip
technology,62,6.74,tip
basement,136,5.18,tip
stink,64,3.1,tip
locker,87,5.16,tip
fooling,6,4.28,tip
japan,63,6.0,tip
righteous,27,6.18,tip
hurts,67,2.14,tip
regional,78,5.34,tip
invited,64,6.54,tip
model,94,5.8,tip
according,299,5.1,tip
wee,103,5.24,tip
fry,595,5.62,tip
sue,85,4.3,tip
farm,355,6.22,tip
tossed,103,4.46,tip
theaters,94,6.64,tip
tot,54,5.68,tip
moan,3,4.27,tip
laura,147,5.58,tip
remains,75,4.42,tip
detailed,137,5.72,tip
heights,123,5.64,tip
remedy,34,6.45,tip
reserved,233,4.78,tip
pp,83,4.98,tip
gps,159,5.66,tip
carefully,120,5.78,tip
yep,280,5.96,tip
file,83,5.22,tip
assigned,52,5.44,tip
loans,5,3.82,tip
bits,98,5.22,tip
ski,99,5.84,tip
approaching,20,5.76,tip
feat,15,5.7,tip
spinning,77,5.47,tip
pt,53,4.92,tip
plans,146,6.2,tip
lightning,133,5.2,tip
rangers,15,5.64,tip
holding,84,5.64,tip
unit,114,5.5,tip
safety,198,6.18,tip
soap,158,6.1,tip
shock,90,3.54,tip
newly,244,6.5,tip
proud,164,7.32,tip
operate,43,4.74,tip
tends,85,5.64,tip
disappeared,49,3.44,tip
cowboy,137,6.24,tip
tells,143,5.32,tip
unhappy,121,2.12,tip
lawn,119,6.0,tip
rainbow,146,8.1,tip
angle,24,5.9,tip
wire,27,5.12,tip
voltage,3,5.56,tip
dolly,18,5.9,tip
tool,88,5.26,tip
kit,56,5.64,tip
dream,356,7.1,tip
meaning,94,6.0,tip
bend,47,5.06,tip
jamie,117,5.38,tip
oscar,94,6.1,tip
kidding,263,6.4,tip
glory,77,7.5,tip
casey,74,5.58,tip
concerts,119,6.98,tip
various,250,5.78,tip
diary,14,5.94,tip
dudes,114,5.62,tip
burn,254,2.92,tip
handful,77,5.64,tip
jerry,145,5.46,tip
bob,283,5.44,tip
sigh,126,4.16,tip
george,182,5.26,tip
against,220,3.4,tip
worn,106,4.23,tip
projects,44,5.46,tip
whites,102,5.7,tip
memory,99,6.46,tip
kansas,48,5.12,tip
steelers,23,5.1,tip
constant,74,5.92,tip
contains,64,5.71,tip
former,486,4.52,tip
crossed,54,4.7,tip
transition,39,5.3,tip
deposit,141,6.36,tip
antiques,47,6.7,tip
wonderland,33,7.35,tip
fig,165,5.82,tip
replacement,153,5.1,tip
stoned,21,4.56,tip
flower,172,7.88,tip
displayed,54,5.9,tip
shore,70,6.42,tip
justin,185,5.26,tip
backs,73,5.34,tip
speaks,127,5.68,tip
international,262,6.56,tip
degree,138,6.26,tip
occupied,77,5.04,tip
lose,227,2.76,tip
miami,108,6.18,tip
clue,126,6.08,tip
troops,21,5.16,tip
stewart,24,5.08,tip
stare,43,5.04,tip
feb,191,5.16,tip
medical,187,4.72,tip
healing,69,6.92,tip
familiar,114,6.44,tip
jerk,520,3.24,tip
patch,73,5.3,tip
wears,44,5.16,tip
geek,53,5.34,tip
squad,40,5.18,tip
tech,305,6.22,tip
admitted,30,5.08,tip
messages,82,5.98,tip
gambling,55,4.16,tip
richard,69,5.26,tip
matches,59,5.56,tip
attribute,5,5.7,tip
clinic,209,4.16,tip
suite,240,6.3,tip
sounded,53,5.36,tip
shower,297,6.72,tip
woke,45,5.56,tip
bug,226,3.54,tip
elevator,240,5.3,tip
fully,289,6.18,tip
bench,87,5.32,tip
commons,12,5.64,tip
involves,10,5.73,tip
document,29,5.4,tip
shooting,70,2.52,tip
circuit,31,5.1,tip
bryan,64,5.1,tip
silly,108,5.3,tip
branch,161,5.52,tip
orlando,70,5.92,tip
mcdonalds,281,5.98,tip
sleeve,14,5.02,tip
rockefeller,75,5.52,tip
kristen,63,5.32,tip
jon,95,5.1,tip
om,94,5.42,tip
korea,52,5.34,tip
cali,212,5.06,tip
ballet,34,5.94,tip
traded,15,5.52,tip
trunk,45,5.44,tip
listening,233,6.28,tip
basis,122,5.38,tip
touches,25,6.38,tip
turns,210,5.2,tip
originally,92,5.98,tip
memphis,92,5.42,tip
cigarettes,78,3.31,tip
signed,142,5.72,tip
handle,392,5.54,tip
collection,276,6.1,tip
hearted,38,6.41,tip
standards,185,5.38,tip
stands,138,5.28,tip
bride,52,7.28,tip
universe,81,6.84,tip
dash,94,5.36,tip
drivers,236,5.24,tip
drug,89,3.2,tip
speed,270,6.24,tip
bc,426,4.78,tip
launch,57,6.4,tip
idol,8,5.6,tip
vet,332,5.52,tip
cruise,131,6.7,tip
wolf,54,5.1,tip
closer,361,5.82,tip
monster,203,3.46,tip
display,263,5.62,tip
consider,396,5.56,tip
closely,48,5.64,tip
exam,138,4.18,tip
harder,59,4.44,tip
appeared,69,5.46,tip
via,526,5.3,tip
surplus,8,6.3,tip
murder,34,1.48,tip
seeds,93,6.39,tip
oldest,165,4.68,tip
chatting,87,6.62,tip
sparks,230,6.64,tip
afterwards,149,5.76,tip
harbor,185,6.06,tip
expanding,74,5.72,tip
beside,94,5.44,tip
political,40,4.12,tip
rolled,227,5.42,tip
bitter,175,3.0,tip
doggy,60,6.71,tip
saving,128,6.96,tip
horn,13,5.18,tip
horns,21,4.84,tip
surprisingly,668,6.82,tip
apply,152,5.82,tip
championships,8,7.26,tip
kennedy,55,5.58,tip
dos,109,5.16,tip
uma,10,4.9,tip
vista,61,6.0,tip
linda,94,5.58,tip
violent,13,2.06,tip
solutions,20,6.64,tip
pity,25,3.1,tip
aviation,19,6.14,tip
anti,101,3.65,tip
bleeding,29,2.76,tip
nevertheless,19,4.88,tip
spit,49,3.14,tip
sweetheart,126,7.88,tip
aspect,45,5.66,tip
worthless,52,2.98,tip
punks,13,3.98,tip
perform,66,6.48,tip
shadow,29,4.92,tip
cast,65,5.4,tip
visiting,891,6.6,tip
neighbors,119,5.9,tip
savings,201,7.26,tip
drove,456,5.26,tip
broke,230,2.54,tip
explosion,56,2.94,tip
wake,161,4.72,tip
bath,200,6.96,tip
vary,104,5.62,tip
lincoln,56,5.76,tip
steam,182,5.43,tip
un,160,4.64,tip
occasions,201,6.18,tip
answered,187,6.22,tip
di,129,4.84,tip
mare,30,5.78,tip
boogie,31,5.86,tip
areas,350,5.34,tip
poop,93,3.44,tip
ufc,79,4.96,tip
granted,35,6.14,tip
folk,90,5.98,tip
hint,168,6.04,tip
groovy,36,6.54,tip
wondering,108,6.02,tip
solo,127,5.56,tip
unable,90,3.1,tip
pressure,260,3.66,tip
thou,31,5.14,tip
billy,103,4.98,tip
rot,11,3.24,tip
brighter,15,7.14,tip
thee,145,5.4,tip
counting,107,5.22,tip
lies,83,2.62,tip
bestie,48,4.72,tip
disabled,43,2.82,tip
injuries,14,2.68,tip
naturally,44,6.8,tip
naw,17,4.3,tip
quotes,36,5.6,tip
liver,120,5.0,tip
challenging,117,6.1,tip
mirrors,36,6.1,tip
woah,40,5.24,tip
lifetime,77,6.26,tip
organization,117,5.98,tip
android,45,5.7,tip
form,234,5.28,tip
september,415,6.34,tip
sixty,9,4.94,tip
replace,224,5.04,tip
cracked,109,3.98,tip
squeeze,114,5.08,tip
basketball,116,6.14,tip
bee,129,5.36,tip
survive,53,6.0,tip
reduce,52,4.18,tip
whilst,19,5.04,tip
sights,39,6.0,tip
discover,117,6.84,tip
fort,34,5.68,tip
nine,103,5.42,tip
wrapping,60,5.66,tip
ted,161,5.22,tip
resistance,12,4.38,tip
trenton,84,5.36,tip
arnold,109,4.86,tip
palmer,70,5.32,tip
kicking,66,3.68,tip
recovering,15,6.14,tip
audience,23,5.98,tip
ummm,94,4.88,tip
interpretation,14,5.84,tip
dates,265,6.42,tip
guessing,55,4.72,tip
unlikely,19,3.48,tip
agent,60,5.08,tip
frustrated,75,2.9,tip
cable,75,5.64,tip
idiots,110,3.06,tip
damned,44,3.26,tip
filed,39,4.84,tip
latest,135,6.06,tip
acts,74,5.48,tip
held,141,5.28,tip
waves,47,6.4,tip
hump,24,5.08,tip
accompanying,29,6.04,tip
lei,5,5.48,tip
john,708,5.08,tip
forgotten,91,3.18,tip
mold,133,3.85,tip
gathering,91,6.48,tip
memories,137,7.08,tip
verdad,4,5.33,tip
temptation,20,4.83,tip
teach,73,6.56,tip
blogs,46,5.84,tip
fuss,82,4.12,tip
walks,105,5.7,tip
fl,234,4.92,tip
alabama,51,5.48,tip
updates,117,6.14,tip
playoffs,43,5.66,tip
reflect,46,6.28,tip
proceed,49,6.68,tip
crystal,142,6.54,tip
snap,112,5.2,tip
shocked,117,3.64,tip
dose,38,4.56,tip
entry,236,5.74,tip
returned,228,5.18,tip
shipping,135,5.46,tip
thomas,101,4.92,tip
refused,250,3.38,tip
drawings,13,6.4,tip
somebody,111,5.3,tip
remove,167,3.7,tip
rags,10,3.88,tip
hee,16,5.4,tip
jessica,189,5.76,tip
specific,225,5.6,tip
painting,121,6.78,tip
description,81,5.8,tip
gates,159,5.28,tip
conventional,24,5.02,tip
anthony,185,5.34,tip
approximately,49,5.7,tip
assume,83,4.72,tip
pride,192,6.54,tip
brush,64,5.56,tip
concerns,80,4.06,tip
hey,537,6.06,tip
potentially,32,5.96,tip
backwards,51,4.22,tip
sensory,34,5.9,tip
upset,184,2.56,tip
hopes,95,7.0,tip
alternatives,67,5.92,tip
liking,186,6.86,tip
checks,256,5.84,tip
robin,102,5.98,tip
provisions,13,5.84,tip
ch,44,5.08,tip
rub,249,5.5,tip
stray,36,4.24,tip
marathon,88,5.56,tip
dot,104,5.28,tip
fireplace,140,6.0,tip
brooklyn,190,5.54,tip
proceeded,42,6.12,tip
arrangements,65,5.7,tip
confirmed,95,6.72,tip
parade,166,6.32,tip
experiment,34,5.76,tip
varieties,188,6.62,tip
automatically,143,6.0,tip
feature,219,5.98,tip
timber,3,5.71,tip
aesthetic,45,6.21,tip
built,175,6.24,tip
shown,89,5.92,tip
carol,62,5.52,tip
te,73,4.9,tip
brothers,142,6.98,tip
gut,45,4.54,tip
ha,237,6.0,tip
noi,4,4.94,tip
vietnam,29,4.42,tip
showing,281,5.84,tip
norman,13,5.08,tip
adobe,10,5.88,tip
errors,26,2.86,tip
western,164,6.1,tip
presented,129,5.74,tip
limits,28,4.0,tip
os,234,5.02,tip
grows,22,6.49,tip
breaks,83,4.42,tip
temp,144,4.84,tip
ohio,44,5.22,tip
hoes,7,4.98,tip
tres,181,5.36,tip
final,238,5.02,tip
jan,227,5.4,tip
strike,53,3.96,tip
necessarily,50,5.08,tip
sms,4,5.5,tip
errands,56,4.44,tip
tissues,9,5.22,tip
invite,26,6.64,tip
spoon,209,5.98,tip
mayor,55,5.26,tip
law,219,4.9,tip
daniel,135,5.54,tip
breathe,57,6.28,tip
rises,36,6.24,tip
doctors,266,5.54,tip
topics,14,5.6,tip
increase,95,6.56,tip
hahahaha,14,7.86,tip
mrs,123,5.88,tip
proof,133,5.96,tip
sleepy,34,4.9,tip
blah,298,4.2,tip
asap,186,4.8,tip
majority,99,5.9,tip
speak,477,5.9,tip
languages,7,6.44,tip
paris,119,6.86,tip
bien,58,6.0,tip
reed,20,5.26,tip
hooray,124,7.3,tip
crown,112,6.62,tip
delay,89,3.38,tip
adventure,169,7.3,tip
planes,47,5.9,tip
sucker,61,3.68,tip
instructions,69,5.46,tip
glock,7,4.4,tip
hs,22,4.94,tip
bra,44,5.64,tip
smh,208,4.74,tip
hubby,434,6.16,tip
mob,36,3.56,tip
ing,131,5.15,tip
scheme,13,4.82,tip
establishment,838,5.36,tip
texts,32,5.78,tip
vast,78,5.64,tip
holla,81,5.28,tip
trick,129,5.22,tip
habit,75,5.48,tip
thx,64,5.94,tip
robot,24,6.12,tip
voice,128,5.76,tip
drum,116,5.98,tip
volume,112,5.78,tip
mighty,123,5.96,tip
arrow,8,5.52,tip
guitar,130,7.22,tip
spill,22,4.47,tip
ambulance,10,3.1,tip
fist,40,3.8,tip
addiction,115,2.72,tip
dynamite,122,5.04,tip
operation,203,3.72,tip
decade,48,5.2,tip
jordan,92,5.44,tip
doen,2,4.68,tip
ensemble,7,5.76,tip
features,151,5.96,tip
exclusively,28,6.12,tip
brian,217,5.3,tip
goal,45,7.02,tip
animals,322,6.68,tip
songs,126,6.96,tip
sharp,186,4.84,tip
moves,379,5.68,tip
goo,80,4.49,tip
measured,25,5.56,tip
genuine,162,7.18,tip
sailing,21,6.86,tip
functioning,26,6.46,tip
hut,144,5.04,tip
biggie,14,5.7,tip
wrote,92,5.64,tip
system,613,5.3,tip
ability,64,6.68,tip
transaction,86,5.62,tip
argue,83,3.0,tip
largest,171,6.34,tip
contract,105,5.46,tip
clip,29,5.36,tip
weary,27,4.08,tip
indicated,40,5.0,tip
scale,114,4.88,tip
designed,129,6.3,tip
lens,32,5.86,tip
brain,90,6.52,tip
active,158,6.82,tip
satisfaction,87,7.34,tip
percentage,25,5.2,tip
mothers,142,7.36,tip
betty,88,5.16,tip
flippin,23,5.71,tip
signal,59,5.44,tip
sally,55,5.48,tip
pleasure,363,8.08,tip
syndrome,6,3.36,tip
walker,41,5.6,tip
knocks,16,5.41,tip
flick,24,5.34,tip
ending,137,4.02,tip
stiff,79,4.63,tip
furthermore,9,5.45,tip
slim,66,6.06,tip
sneak,91,4.3,tip
las,131,5.06,tip
fights,52,3.0,tip
completed,86,6.82,tip
broader,6,5.58,tip
coverage,59,5.66,tip
beds,287,6.17,tip
push,122,4.44,tip
gasoline,31,4.62,tip
cynthia,19,5.26,tip
strap,15,4.92,tip
minor,95,4.66,tip
usa,245,6.58,tip
substance,21,5.56,tip
roundup,11,4.98,tip
mayer,9,5.02,tip
ninth,5,5.18,tip
ward,41,4.84,tip
chairman,8,5.3,tip
agreement,35,6.32,tip
napoleon,47,4.96,tip
asshole,92,2.4,tip
rite,102,5.32,tip
streets,165,5.64,tip
strung,11,4.66,tip
breast,233,6.22,tip
ground,442,5.26,tip
keyboard,10,6.12,tip
hook,326,4.74,tip
pumping,20,5.86,tip
jumping,69,6.14,tip
urban,210,5.84,tip
federal,67,4.94,tip
society,87,5.78,tip
han,66,4.94,tip
wives,12,5.74,tip
import,36,5.72,tip
nerve,31,4.82,tip
gentleman,132,6.96,tip
toe,78,5.1,tip
dusty,48,3.92,tip
conversations,78,6.3,tip
amazed,123,7.22,tip
ty,67,5.12,tip
lace,31,5.74,tip
costumes,68,6.72,tip
appear,135,5.84,tip
inadequate,18,3.06,tip
captain,162,6.6,tip
cow,191,5.82,tip
sang,29,6.52,tip
vocal,10,6.04,tip
performance,127,6.74,tip
bliss,140,7.24,tip
pages,53,5.62,tip
fireworks,130,7.14,tip
silk,54,6.88,tip
johnson,47,5.4,tip
brings,194,5.8,tip
fo,75,4.78,tip
suckers,22,3.3,tip
tricks,18,5.38,tip
hmmmm,74,5.26,tip
shells,129,6.06,tip
onto,201,5.14,tip
lists,76,5.1,tip
oven,423,6.08,tip
compare,217,5.32,tip
transformation,18,6.22,tip
buses,43,5.02,tip
cincinnati,26,5.48,tip
ap,27,4.86,tip
romance,14,7.5,tip
bulletin,7,5.58,tip
comparative,4,5.59,tip
del,140,5.12,tip
rocky,141,4.7,tip
brick,242,5.18,tip
ugly,167,2.74,tip
jesus,151,6.52,tip
content,79,6.02,tip
weak,368,2.84,tip
hundred,61,5.82,tip
pun,44,5.88,tip
dedicated,117,6.82,tip
doug,67,5.08,tip
lou,134,5.4,tip
avoided,28,3.98,tip
awareness,32,6.18,tip
islands,83,6.58,tip
rims,17,5.54,tip
cardinal,43,5.54,tip
leads,53,6.06,tip
discharge,3,4.04,tip
handed,151,5.76,tip
eventually,87,5.28,tip
gary,86,5.1,tip
photographer,25,6.64,tip
crimson,11,6.0,tip
mud,86,4.78,tip
bailey,62,5.42,tip
pregnant,93,6.22,tip
fog,48,4.9,tip
gop,2,4.32,tip
medicaid,5,5.08,tip
jag,12,5.06,tip
newest,134,6.5,tip
obsession,32,3.74,tip
motors,12,5.22,tip
faculty,20,5.5,tip
moon,275,7.28,tip
transformed,21,6.18,tip
carnival,50,7.1,tip
swear,149,4.24,tip
humans,44,6.76,tip
apartments,118,5.16,tip
milton,7,5.04,tip
strain,12,3.73,tip
particle,2,5.53,tip
fever,44,2.78,tip
physics,1,5.48,tip
pleased,509,7.4,tip
alicia,37,5.52,tip
designer,111,6.32,tip
op,81,4.68,tip
banging,130,4.94,tip
hollywood,53,6.34,tip
lick,80,5.4,tip
described,65,5.58,tip
branches,23,6.35,tip
bush,35,4.86,tip
susan,89,5.34,tip
bedford,2,5.42,tip
washington,174,6.04,tip
soundtrack,40,6.34,tip
released,32,6.34,tip
melissa,146,5.5,tip
columbus,49,5.86,tip
mia,77,5.22,tip
ink,93,5.56,tip
factor,63,5.1,tip
homework,61,3.92,tip
gloria,15,5.36,tip
nation,76,6.06,tip
warned,326,3.52,tip
answers,141,6.48,tip
stir,226,5.0,tip
owe,55,3.54,tip
feelings,39,5.84,tip
perfume,36,6.62,tip
ashamed,51,2.59,tip
kitty,136,6.62,tip
escape,169,5.64,tip
haunted,103,3.54,tip
woods,53,6.16,tip
consulting,5,5.6,tip
rep,96,4.8,tip
bueno,195,6.06,tip
wanting,250,4.66,tip
microsoft,4,5.62,tip
loc,19,4.7,tip
existed,33,6.35,tip
monde,173,5.36,tip
divided,19,4.36,tip
pounds,79,5.3,tip
gig,32,5.96,tip
jungle,89,5.69,tip
downstairs,408,5.16,tip
dia,26,5.2,tip
treasure,269,7.4,tip
hunting,66,4.1,tip
flex,21,5.87,tip
strongly,148,6.14,tip
ye,26,5.12,tip
nearest,48,6.02,tip
council,24,4.94,tip
precious,51,7.34,tip
robert,156,5.3,tip
successful,54,8.16,tip
ar,29,4.92,tip
skirt,95,6.04,tip
bottom,413,4.44,tip
intense,82,5.66,tip
tall,242,5.84,tip
converted,42,5.26,tip
hp,18,5.38,tip
convince,43,5.78,tip
teaches,18,6.7,tip
scores,31,5.9,tip
cave,76,5.73,tip
stairs,220,5.12,tip
stab,9,3.45,tip
coin,61,6.54,tip
pissed,114,2.54,tip
freak,57,4.64,tip
grow,102,6.68,tip
cam,35,5.46,tip
artery,6,5.22,tip
passed,208,5.66,tip
sis,78,6.44,tip
nephews,26,6.46,tip
suitable,32,6.6,tip
virgin,65,6.0,tip
juan,69,5.08,tip
charles,253,5.22,tip
mixture,50,5.9,tip
uni,101,5.02,tip
universities,5,6.56,tip
marion,17,5.08,tip
aunt,68,6.66,tip
legacy,58,5.9,tip
focus,137,6.12,tip
ratings,70,5.9,tip
wins,136,7.44,tip
phillips,16,5.66,tip
applying,20,6.16,tip
exit,259,4.78,tip
release,130,6.1,tip
az,138,5.08,tip
inn,299,6.02,tip
dis,36,4.18,tip
taxes,87,2.7,tip
brilliant,169,7.68,tip
rocked,150,6.16,tip
falling,114,3.28,tip
baker,63,6.52,tip
experiences,277,6.32,tip
stunning,99,6.5,tip
mansion,31,6.82,tip
grateful,103,7.36,tip
dial,41,5.56,tip
install,76,5.76,tip
suits,73,5.74,tip
cousin,87,6.42,tip
uptown,174,6.27,tip
corp,24,4.98,tip
hush,171,5.0,tip
william,60,5.46,tip
introduced,61,6.28,tip
pacific,59,6.16,tip
depressing,48,1.9,tip
vegas,200,6.36,tip
atlantic,45,6.18,tip
turner,19,5.16,tip
grove,118,5.8,tip
shoulder,143,5.46,tip
acted,85,5.56,tip
disney,58,6.62,tip
brother,189,7.22,tip
peter,125,5.42,tip
gang,66,3.82,tip
uniform,62,5.26,tip
coaches,66,5.52,tip
frequent,411,5.78,tip
anne,66,5.4,tip
reward,236,7.24,tip
useful,58,7.1,tip
spoke,173,5.8,tip
lcd,14,5.22,tip
nut,267,5.86,tip
cemetery,86,2.94,tip
letting,133,5.18,tip
guilt,53,2.58,tip
sec,37,5.3,tip
anyway,363,5.12,tip
yell,84,3.76,tip
stared,32,4.98,tip
frontier,30,5.86,tip
systems,38,5.22,tip
bruh,31,4.6,tip
swimming,159,6.52,tip
computers,83,7.1,tip
muscle,44,6.06,tip
lbs,150,4.64,tip
fishing,125,6.18,tip
misty,23,5.88,tip
capital,87,5.92,tip
cops,107,5.12,tip
suspicious,31,3.28,tip
tonite,104,5.7,tip
gee,51,5.54,tip
flood,32,2.42,tip
torn,55,3.37,tip
seek,66,5.72,tip
ca,205,5.1,tip
cole,188,5.04,tip
likes,267,7.28,tip
bees,83,5.6,tip
knees,94,5.18,tip
feedback,62,5.88,tip
breakdown,11,2.94,tip
curious,61,6.36,tip
alle,3,5.02,tip
mal,20,4.6,tip
ist,21,4.96,tip
das,24,5.0,tip
hebrew,6,5.2,tip
base,244,5.08,tip
marcus,58,5.26,tip
privileges,17,6.55,tip
annoyed,103,2.58,tip
seven,166,5.66,tip
chat,207,6.42,tip
oliver,38,5.24,tip
passionate,66,7.24,tip
mason,83,5.36,tip
unwind,85,6.02,tip
committee,18,5.12,tip
travelers,52,6.26,tip
sociology,2,5.45,tip
holds,85,5.4,tip
intro,36,5.58,tip
administered,5,5.45,tip
exact,148,6.04,tip
values,41,6.72,tip
experts,33,6.28,tip
apt,61,5.72,tip
anxious,36,3.42,tip
annoy,5,3.1,tip
steven,78,5.5,tip
urine,62,3.47,tip
pregnancy,17,6.02,tip
develop,16,6.26,tip
eligible,25,6.66,tip
tooo,11,5.1,tip
consumer,41,5.5,tip
teachers,130,6.44,tip
katie,162,5.48,tip
fuego,36,5.16,tip
chamber,32,5.4,tip
grip,12,5.47,tip
racing,41,6.06,tip
religion,22,6.0,tip
aight,35,4.96,tip
shirley,24,5.26,tip
xx,32,5.12,tip
selected,77,6.32,tip
kim,326,5.22,tip
judy,55,4.8,tip
steel,101,5.08,tip
satellite,20,5.72,tip
receiving,48,6.54,tip
debating,12,5.12,tip
among,240,5.66,tip
smart,216,7.48,tip
jamaica,60,6.32,tip
courts,58,4.24,tip
elvis,85,6.08,tip
statement,57,5.26,tip
temps,45,4.96,tip
nose,143,5.48,tip
glow,62,7.28,tip
net,65,5.96,tip
inferior,25,3.2,tip
wasted,193,2.78,tip
gossip,15,3.58,tip
princess,105,7.08,tip
struggling,31,2.72,tip
hide,92,4.36,tip
mag,29,5.28,tip
historical,95,5.76,tip
rotting,13,3.04,tip
het,13,4.88,tip
freaks,21,4.22,tip
educated,36,7.29,tip
awsome,241,7.04,tip
johnny,177,5.7,tip
covers,86,5.6,tip
thirsty,138,3.79,tip
sobre,2,5.1,tip
todo,58,5.0,tip
porque,4,5.02,tip
groove,35,6.04,tip
mah,18,4.86,tip
gun,130,2.82,tip
numerous,138,6.08,tip
colored,82,6.02,tip
julia,67,5.42,tip
england,96,6.28,tip
legal,77,5.18,tip
melting,42,5.14,tip
registered,60,5.72,tip
mommy,67,7.42,tip
copy,102,5.38,tip
lois,7,5.22,tip
whom,53,4.94,tip
human,161,6.26,tip
jacket,237,6.2,tip
nfl,140,5.16,tip
playoff,37,5.68,tip
dearly,8,6.54,tip
hearing,117,5.82,tip
primary,40,5.88,tip
md,38,5.3,tip
repair,530,4.76,tip
beth,65,5.52,tip
giants,49,5.34,tip
charger,51,5.64,tip
technique,50,5.94,tip
poster,35,5.84,tip
chasing,19,4.7,tip
donald,41,5.48,tip
trump,63,5.3,tip
headline,3,5.52,tip
pe,16,4.8,tip
bom,33,4.54,tip
terms,88,4.54,tip
efficiency,32,6.59,tip
midst,16,5.61,tip
narrow,58,4.54,tip
rio,34,5.74,tip
volunteer,70,6.36,tip
ft,89,4.86,tip
sky,137,7.76,tip
berlin,23,5.26,tip
strictly,45,4.35,tip
floors,327,5.42,tip
eddie,106,5.14,tip
sheet,68,5.53,tip
sir,90,5.26,tip
arch,153,5.79,tip
damage,135,2.58,tip
youll,24,4.94,tip
yer,31,4.64,tip
cheat,82,2.44,tip
sunrise,94,7.04,tip
marc,44,5.1,tip
rays,182,6.49,tip
affected,12,4.3,tip
fear,88,2.32,tip
rising,32,6.54,tip
rang,36,5.64,tip
marginal,72,4.94,tip
adds,143,5.5,tip
lakers,12,5.06,tip
ed,274,5.16,tip
superbowl,51,5.7,tip
bop,28,5.31,tip
willow,46,5.7,tip
crunk,6,4.56,tip
thinks,131,6.38,tip
microphone,5,5.58,tip
angel,164,7.68,tip
tuh,1,4.76,tip
rhythm,14,6.65,tip
mucho,45,6.0,tip
appreciated,202,7.12,tip
dang,207,4.36,tip
lynn,62,5.18,tip
mountains,66,6.96,tip
crossing,65,5.34,tip
dislike,84,2.88,tip
randomly,70,4.5,tip
mellow,118,6.16,tip
wished,68,6.73,tip
lolz,10,5.9,tip
vancouver,11,5.32,tip
dole,32,4.92,tip
equal,72,6.06,tip
kon,4,4.94,tip
bumpin,9,5.27,tip
fails,170,2.06,tip
mis,42,4.88,tip
rank,18,5.72,tip
subsequent,15,5.45,tip
slipping,18,3.9,tip
thoughts,44,6.22,tip
follows,34,5.06,tip
reader,35,6.32,tip
fe,65,4.96,tip
hiring,128,6.34,tip
common,179,4.92,tip
viel,1,4.88,tip
hoped,54,6.28,tip
role,48,5.68,tip
awaits,23,5.49,tip
bald,54,3.9,tip
orientation,21,5.74,tip
civil,49,5.56,tip
war,130,1.8,tip
weakness,19,2.94,tip
apartment,219,5.6,tip
ron,121,5.0,tip
adequate,124,5.66,tip
couldnt,49,3.58,tip
intention,20,5.94,tip
amazon,149,6.8,tip
sites,69,6.0,tip
columbia,46,5.44,tip
psycho,19,2.5,tip
instant,118,6.08,tip
client,166,5.58,tip
blogger,3,5.46,tip
sponsored,22,5.54,tip
nc,25,5.26,tip
bases,18,5.1,tip
repeated,37,4.82,tip
mas,55,5.32,tip
territory,11,5.12,tip
survived,17,6.88,tip
fixing,105,6.0,tip
rome,35,6.98,tip
estate,84,6.2,tip
bam,106,4.94,tip
appreciation,117,7.24,tip
cds,31,6.16,tip
thereafter,13,5.2,tip
ian,58,5.1,tip
pics,221,6.4,tip
arts,168,6.58,tip
truth,146,7.42,tip
fam,162,5.4,tip
roles,28,5.72,tip
hating,16,2.44,tip
scientists,4,6.34,tip
responded,62,5.74,tip
violation,29,2.74,tip
finance,45,4.9,tip
behavior,68,5.5,tip
begin,241,6.28,tip
anybody,130,4.96,tip
loca,12,4.72,tip
cameras,44,6.62,tip
lynch,10,3.22,tip
gm,79,4.82,tip
regards,34,6.27,tip
maintain,50,5.76,tip
driven,45,5.96,tip
casa,78,5.66,tip
backed,91,5.12,tip
muy,301,5.18,tip
versions,32,5.44,tip
died,126,1.56,tip
peace,141,7.86,tip
chase,125,4.94,tip
kane,12,4.86,tip
elizabeth,69,6.14,tip
farming,2,6.42,tip
completion,21,6.78,tip
measure,36,5.32,tip
significant,64,6.82,tip
fade,51,4.04,tip
roam,17,6.09,tip
collect,60,5.66,tip
forth,49,5.74,tip
goodbye,101,3.7,tip
thieves,51,2.29,tip
shitty,240,2.58,tip
yield,7,5.32,tip
lo,310,4.84,tip
applies,56,5.92,tip
thighs,25,5.58,tip
string,93,5.4,tip
quartet,22,5.84,tip
humor,74,7.72,tip
medal,17,6.78,tip
operator,20,4.88,tip
oregon,51,6.0,tip
lu,21,4.9,tip
newman,8,5.86,tip
yelling,90,3.08,tip
ruth,77,5.06,tip
redman,2,4.72,tip
hiding,44,4.34,tip
stains,52,3.55,tip
ceiling,162,5.47,tip
bin,98,4.96,tip
solution,58,6.84,tip
acres,38,6.02,tip
cloud,47,5.62,tip
gentlemen,64,7.0,tip
ignorant,130,3.42,tip
evan,42,5.6,tip
rt,62,4.88,tip
daddy,165,7.02,tip
essence,42,6.1,tip
pittsburgh,23,5.14,tip
employment,18,6.36,tip
philip,21,5.26,tip
associated,37,5.68,tip
industry,145,5.38,tip
supplied,15,5.76,tip
performed,27,6.36,tip
sends,14,5.92,tip
unions,5,5.28,tip
inc,32,4.7,tip
alaska,40,5.64,tip
colonial,31,5.36,tip
indeed,164,6.0,tip
pamela,18,5.54,tip
icy,39,4.34,tip
direction,104,5.54,tip
burnin,10,4.35,tip
leisure,19,7.18,tip
jewish,92,5.72,tip
slavery,7,2.02,tip
jay,125,5.44,tip
sandy,120,5.66,tip
tub,175,5.62,tip
pr,52,5.02,tip
overnight,106,5.58,tip
rs,16,4.54,tip
feliz,31,6.04,tip
web,133,5.84,tip
inner,63,5.42,tip
lips,57,6.52,tip
ships,26,5.96,tip
removal,84,4.43,tip
rust,11,4.02,tip
exposed,45,4.2,tip
extreme,91,5.12,tip
implies,19,5.27,tip
retailers,30,5.5,tip
ranging,39,5.4,tip
esa,8,4.9,tip
lonely,25,2.86,tip
andrew,135,5.22,tip
jus,89,5.0,tip
crooked,29,3.7,tip
negro,22,4.12,tip
math,48,5.46,tip
holler,27,4.62,tip
visible,85,6.04,tip
puppy,197,7.58,tip
hero,61,7.8,tip
corrected,53,5.58,tip
honesty,44,7.76,tip
bond,28,5.68,tip
president,70,5.86,tip
nightmares,14,2.56,tip
reputation,76,6.28,tip
fifteen,57,5.86,tip
india,118,6.42,tip
pen,48,5.72,tip
london,86,6.46,tip
eliminate,7,3.82,tip
specialized,11,5.98,tip
preference,50,6.17,tip
identity,28,5.98,tip
thief,40,2.94,tip
teen,40,5.92,tip
suppose,126,4.92,tip
sufficient,25,6.32,tip
dare,167,5.2,tip
liberty,127,7.24,tip
rc,34,5.02,tip
flipped,10,4.82,tip
shining,27,7.04,tip
wages,11,6.4,tip
calm,163,6.36,tip
echt,3,4.86,tip
als,12,4.58,tip
je,16,4.78,tip
bent,27,4.72,tip
jim,235,5.26,tip
teens,72,5.86,tip
equally,145,6.4,tip
madison,73,5.48,tip
handling,77,5.28,tip
graves,10,3.08,tip
exchanges,36,5.66,tip
excitement,33,7.62,tip
remembering,19,6.28,tip
blessed,53,7.78,tip
heritage,50,6.68,tip
protect,64,6.8,tip
lungs,20,5.63,tip
smokin,52,5.1,tip
partially,23,5.24,tip
abused,18,1.83,tip
poppin,50,5.24,tip
hispanic,74,5.26,tip
shall,153,5.38,tip
combined,92,5.6,tip
inches,68,5.28,tip
tyson,14,4.96,tip
combinations,170,6.06,tip
worm,40,4.04,tip
separately,60,4.55,tip
division,11,4.36,tip
withdrawal,6,3.72,tip
craig,72,5.28,tip
happiness,145,8.44,tip
marine,26,5.72,tip
exceed,22,5.96,tip
boundaries,21,4.7,tip
ole,164,5.48,tip
farther,41,5.14,tip
radio,141,6.58,tip
cardiac,13,4.06,tip
arrest,13,2.42,tip
crumble,35,4.08,tip
diaries,5,5.9,tip
chart,35,5.24,tip
oooooh,8,5.76,tip
gravity,34,5.84,tip
career,33,6.66,tip
lone,21,4.2,tip
residential,68,5.92,tip
partner,98,6.7,tip
shout,163,3.88,tip
subtle,67,5.84,tip
roger,42,5.3,tip
finals,134,5.5,tip
deadline,18,3.66,tip
require,114,4.44,tip
ace,96,6.68,tip
honky,47,3.94,tip
cloudy,42,4.98,tip
junk,158,3.82,tip
crawl,128,4.84,tip
killers,18,2.0,tip
wk,27,4.72,tip
praise,45,7.52,tip
reviewer,52,4.92,tip
vermont,18,5.58,tip
chronic,36,3.79,tip
bare,105,5.12,tip
atlanta,51,5.3,tip
surely,76,6.26,tip
nov,195,5.44,tip
ghosts,22,3.84,tip
daylight,24,6.84,tip
supports,66,6.22,tip
interest,95,6.36,tip
foundation,61,5.66,tip
capacity,87,5.5,tip
maze,66,5.51,tip
auction,39,5.78,tip
gt,14,4.9,tip
weapons,17,2.4,tip
samuel,11,5.3,tip
lipstick,44,6.3,tip
embrace,24,6.22,tip
teams,37,6.02,tip
amy,211,5.52,tip
signing,94,6.04,tip
evans,42,5.24,tip
jumped,30,5.56,tip
splendid,42,7.86,tip
traveler,48,6.56,tip
priority,113,5.66,tip
correctly,144,6.94,tip
ordinary,82,5.02,tip
gallery,123,6.72,tip
constructed,18,5.84,tip
madness,160,3.6,tip
gray,71,4.62,tip
pirates,43,4.14,tip
mph,20,5.3,tip
patrick,162,5.52,tip
bosnian,29,5.04,tip
mb,24,4.98,tip
sc,17,5.02,tip
tore,23,3.62,tip
facing,135,5.26,tip
poland,13,5.88,tip
jonathan,71,5.18,tip
government,45,4.64,tip
deserve,171,6.4,tip
reverse,49,4.5,tip
expenses,11,3.32,tip
humanity,29,7.02,tip
heating,26,6.0,tip
fold,61,4.94,tip
profile,70,5.3,tip
ad,115,4.92,tip
counsel,1,5.26,tip
che,47,4.82,tip
mau,17,4.7,tip
porn,26,4.18,tip
watchin,13,5.6,tip
uk,27,5.84,tip
manual,20,5.76,tip
cry,91,1.84,tip
whew,44,5.38,tip
bullet,25,3.36,tip
whispering,9,5.37,tip
blank,49,4.44,tip
insisted,48,4.58,tip
goin,68,5.24,tip
partly,6,5.32,tip
sai,5,5.1,tip
leonard,17,5.18,tip
suburban,73,5.58,tip
chemicals,30,4.04,tip
mouths,14,5.6,tip
ion,3,5.31,tip
ireland,20,5.98,tip
maximum,34,6.38,tip
anders,6,5.04,tip
stereo,38,6.0,tip
dunno,33,4.48,tip
farewell,32,3.86,tip
dies,23,2.08,tip
nee,6,4.9,tip
suitcase,12,5.74,tip
calor,1,5.14,tip
va,55,5.08,tip
primarily,44,5.42,tip
wondered,13,6.42,tip
contents,16,5.56,tip
lied,90,2.82,tip
bat,62,5.3,tip
soccer,190,6.44,tip
fields,70,5.92,tip
westport,9,5.02,tip
occasion,225,6.26,tip
parker,41,5.52,tip
length,85,5.28,tip
underneath,66,4.72,tip
recession,14,2.48,tip
connect,89,5.86,tip
heartbeat,26,6.78,tip
sd,18,4.7,tip
xo,35,5.7,tip
netflix,55,5.96,tip
error,45,2.6,tip
tend,194,5.3,tip
athletic,27,6.46,tip
rains,40,6.01,tip
shapiro,15,4.86,tip
tube,47,5.34,tip
comment,186,5.58,tip
lift,112,5.78,tip
techniques,32,5.64,tip
century,83,5.78,tip
forest,92,6.68,tip
flowing,61,6.3,tip
gypsy,19,5.31,tip
pending,32,4.54,tip
punk,82,4.66,tip
sp,122,4.88,tip
adios,14,4.34,tip
damages,17,2.96,tip
strikes,35,4.02,tip
revenge,20,3.71,tip
sweeter,52,7.22,tip
terry,44,5.42,tip
parkway,74,5.66,tip
gosh,73,5.0,tip
jeep,42,5.96,tip
housing,28,6.08,tip
financial,49,5.42,tip
violations,74,2.86,tip
grin,7,6.69,tip
counts,58,5.3,tip
jour,16,4.96,tip
attract,24,6.72,tip
buyers,42,5.9,tip
inevitably,8,4.84,tip
safely,52,6.96,tip
naughty,34,4.94,tip
stole,88,2.6,tip
pimp,20,3.73,tip
shotgun,13,3.58,tip
destroyed,46,2.04,tip
uno,36,5.46,tip
functional,43,6.38,tip
listings,24,5.0,tip
howard,72,4.98,tip
xd,32,4.76,tip
regrets,33,3.08,tip
shaped,88,5.8,tip
privately,16,5.76,tip
inter,5,4.94,tip
damaged,70,2.48,tip
warming,53,5.58,tip
hong,83,4.86,tip
psychology,2,5.8,tip
suggesting,13,5.54,tip
rotation,115,5.83,tip
deleted,35,3.36,tip
kau,4,4.92,tip
intermediate,9,5.24,tip
ripping,16,4.34,tip
expansion,74,6.3,tip
expand,92,6.04,tip
loyal,105,7.46,tip
freedom,84,7.9,tip
passenger,35,5.72,tip
sport,82,6.64,tip
misery,10,2.68,tip
emperor,10,5.35,tip
designers,31,6.38,tip
bonnie,38,5.3,tip
curse,16,2.64,tip
churches,9,5.7,tip
grew,121,5.9,tip
stories,113,6.62,tip
baking,82,6.58,tip
rhymes,9,6.6,tip
land,261,6.18,tip
dmc,4,5.08,tip
digging,59,5.26,tip
sin,74,2.64,tip
needle,20,4.36,tip
watches,46,5.62,tip
ross,89,5.54,tip
souls,24,5.98,tip
unite,28,6.64,tip
fur,74,5.34,tip
centre,81,5.42,tip
deny,31,3.44,tip
weiss,23,4.76,tip
beatles,28,6.44,tip
independence,81,7.28,tip
queens,37,6.38,tip
freely,14,7.1,tip
rick,116,5.2,tip
prizes,85,7.2,tip
der,27,4.88,tip
schon,1,4.96,tip
oder,20,4.54,tip
keine,2,4.84,tip
oprah,21,5.42,tip
cope,6,5.44,tip
fm,34,5.5,tip
compete,48,5.66,tip
howling,4,4.32,tip
convinced,34,5.96,tip
commitment,32,6.32,tip
python,10,4.22,tip
demo,42,5.48,tip
arlington,13,5.46,tip
talkin,15,5.58,tip
column,5,5.48,tip
rehearsal,53,5.8,tip
thnx,2,5.94,tip
dey,21,4.8,tip
eyed,48,5.5,tip
twilight,45,5.88,tip
awww,19,5.98,tip
transport,29,6.04,tip
stack,140,5.1,tip
inspiring,25,7.34,tip
arrangement,59,5.86,tip
noted,56,5.08,tip
et,81,5.1,tip
nickel,46,5.56,tip
sean,129,5.42,tip
relate,4,6.02,tip
poco,14,5.2,tip
trending,7,5.58,tip
units,63,5.26,tip
posting,70,5.52,tip
jealous,47,2.68,tip
oxford,23,5.76,tip
interactive,72,6.04,tip
ceremony,46,6.4,tip
mercy,38,6.68,tip
regime,5,4.42,tip
chillin,55,5.9,tip
installed,122,6.04,tip
height,39,5.65,tip
became,114,5.62,tip
apparent,34,5.6,tip
proteins,31,6.25,tip
barry,49,5.18,tip
global,43,6.0,tip
republic,43,5.76,tip
painful,92,2.12,tip
research,117,6.46,tip
justification,6,6.1,tip
representatives,11,5.28,tip
finds,180,5.94,tip
borrow,28,4.66,tip
hittin,8,4.12,tip
forthcoming,18,6.1,tip
seal,41,5.86,tip
responsible,64,5.8,tip
reply,68,5.62,tip
vehicles,131,6.28,tip
bastard,34,2.52,tip
printer,46,5.62,tip
il,60,4.28,tip
peel,109,5.2,tip
trained,142,5.86,tip
associates,122,5.56,tip
economy,58,4.38,tip
afford,105,6.16,tip
pearl,85,7.06,tip
exclusive,73,6.48,tip
wack,38,4.1,tip
babes,18,6.28,tip
wth,90,4.7,tip
dammit,41,3.36,tip
requiring,22,5.02,tip
poi,14,5.14,tip
cane,115,4.82,tip
enforcement,30,4.1,tip
decline,42,3.08,tip
downloading,18,6.22,tip
credits,31,5.86,tip
accidentally,65,3.98,tip
considerably,19,5.75,tip
indication,23,5.56,tip
comparison,85,5.37,tip
singer,78,6.82,tip
caused,55,4.54,tip
strings,40,5.02,tip
catching,81,5.62,tip
hired,55,6.7,tip
born,108,6.82,tip
honored,77,7.14,tip
boobs,33,5.92,tip
exhibition,60,6.58,tip
powerful,32,7.08,tip
embassy,25,5.4,tip
cigarette,127,3.09,tip
destination,147,6.4,tip
sex,109,7.44,tip
moral,10,6.54,tip
climb,62,5.68,tip
pockets,49,5.9,tip
architect,7,6.36,tip
conceived,2,6.29,tip
offices,38,5.0,tip
kg,5,5.08,tip
screaming,126,2.96,tip
finale,22,6.0,tip
circular,22,5.64,tip
convo,33,5.06,tip
altered,37,4.82,tip
sandra,29,5.46,tip
dying,81,2.1,tip
peaceful,263,7.5,tip
alice,37,5.52,tip
millionaire,8,7.62,tip
passengers,42,5.72,tip
stranded,23,3.73,tip
voices,18,5.56,tip
boca,42,4.94,tip
perry,34,5.26,tip
ellis,14,5.24,tip
waters,99,6.32,tip
automatic,104,6.0,tip
tackle,13,4.94,tip
supermarkets,17,6.44,tip
sua,17,4.92,tip
activity,126,6.32,tip
regard,31,5.66,tip
layers,77,5.6,tip
flesh,13,4.67,tip
ruling,1,4.68,tip
pearls,30,6.77,tip
swine,15,3.64,tip
homie,27,4.92,tip
invented,44,6.58,tip
brad,81,5.3,tip
sharon,53,5.46,tip
dvds,24,6.24,tip
gap,42,4.92,tip
tide,48,5.94,tip
asset,42,6.54,tip
bem,10,4.96,tip
ao,5,4.8,tip
rise,64,6.36,tip
dearest,10,7.1,tip
thirty,74,5.79,tip
keys,151,5.98,tip
neglected,31,2.84,tip
diana,56,5.76,tip
topic,15,5.42,tip
relevant,14,6.49,tip
integrity,44,6.74,tip
waist,45,5.58,tip
volunteers,63,6.64,tip
simultaneously,7,5.8,tip
plains,4,5.52,tip
tactics,16,5.3,tip
stressed,32,2.74,tip
spontaneous,19,6.54,tip
campbell,53,4.94,tip
immediate,85,5.6,tip
restless,4,3.88,tip
traders,12,5.58,tip
rap,41,4.94,tip
dew,40,6.34,tip
fools,19,3.28,tip
manchester,48,5.56,tip
workshop,58,5.76,tip
duration,17,5.42,tip
ab,29,4.68,tip
contrary,58,4.24,tip
species,12,5.76,tip
methods,16,5.48,tip
debut,14,6.14,tip
sonic,97,5.7,tip
jake,73,5.26,tip
complaining,138,2.82,tip
nerves,14,4.47,tip
wendy,206,5.7,tip
nicholas,26,5.54,tip
male,146,6.02,tip
continually,21,5.81,tip
emphasis,29,5.68,tip
levy,5,4.2,tip
boa,25,4.42,tip
nancy,102,5.4,tip
nhl,25,5.1,tip
editor,6,5.64,tip
oooh,43,5.94,tip
ho,99,4.34,tip
attempting,30,5.98,tip
pray,57,6.62,tip
grant,87,6.34,tip
abstract,2,5.53,tip
taught,32,5.96,tip
toss,63,5.42,tip
bothered,72,3.78,tip
instrument,14,6.22,tip
yah,46,5.18,tip
practices,105,5.66,tip
heels,57,5.96,tip
explains,31,5.66,tip
amigo,11,6.28,tip
hv,17,4.64,tip
session,221,5.34,tip
death,176,1.54,tip
vice,26,4.16,tip
developing,10,6.02,tip
lewis,28,5.58,tip
gordon,47,5.16,tip
instantly,44,6.36,tip
halls,19,5.47,tip
venture,49,5.64,tip
screwed,135,3.24,tip
corporation,21,5.06,tip
bff,47,6.08,tip
gain,45,6.4,tip
terror,16,1.76,tip
georgia,65,5.44,tip
nets,31,5.22,tip
manufacture,6,5.8,tip
automobile,7,6.16,tip
nurses,103,6.1,tip
performing,65,6.5,tip
anita,31,5.44,tip
illinois,53,4.92,tip
alumni,31,6.04,tip
quote,158,5.46,tip
investigation,15,4.02,tip
hosted,50,5.78,tip
fortune,82,7.3,tip
van,148,5.2,tip
admit,79,4.74,tip
definition,45,5.8,tip
observation,24,6.29,tip
noone,13,4.62,tip
conscious,91,6.14,tip
grandfather,16,7.38,tip
gained,12,6.44,tip
deserved,65,6.08,tip
anger,21,2.3,tip
mechanical,33,5.73,tip
whips,15,4.2,tip
science,138,6.86,tip
mineral,22,6.18,tip
floyd,21,5.26,tip
pc,79,5.86,tip
functions,15,5.76,tip
jose,125,5.52,tip
rural,11,5.78,tip
selena,12,5.32,tip
presents,58,7.2,tip
choke,21,3.31,tip
finishing,88,6.22,tip
drake,18,5.3,tip
en,190,4.84,tip
responsibility,41,5.72,tip
actions,20,5.78,tip
wasting,92,3.22,tip
respiratory,7,5.52,tip
coach,78,5.76,tip
cunningham,9,5.2,tip
hundreds,82,5.96,tip
depths,1,5.22,tip
quit,116,3.9,tip
ritual,50,5.3,tip
injury,40,2.04,tip
carter,22,5.34,tip
rely,52,5.53,tip
pioneer,21,6.28,tip
produced,35,6.3,tip
ralph,40,4.82,tip
ridge,41,5.22,tip
vertical,9,5.7,tip
cara,15,5.58,tip
utah,10,5.16,tip
chancellor,9,5.18,tip
relationship,43,7.04,tip
awake,33,5.74,tip
prospect,16,6.46,tip
powers,20,6.66,tip
preferred,133,6.58,tip
consideration,41,6.12,tip
slapped,19,3.14,tip
nieces,22,6.66,tip
brunswick,19,5.54,tip
odds,36,5.0,tip
preparation,96,6.06,tip
youth,69,6.62,tip
temple,100,6.14,tip
tus,9,4.71,tip
carved,36,5.38,tip
liar,43,3.18,tip
introduce,34,5.86,tip
atomic,39,4.61,tip
constitutes,4,5.41,tip
devils,31,2.84,tip
blogging,3,5.82,tip
banner,18,5.7,tip
trial,58,3.96,tip
productive,34,6.7,tip
humble,76,6.48,tip
ties,36,5.24,tip
recording,37,5.9,tip
heavily,47,4.74,tip
clouds,24,6.34,tip
affecting,2,5.31,tip
tenants,28,5.44,tip
diane,80,5.16,tip
classical,36,6.58,tip
pipe,52,5.53,tip
undercover,10,5.04,tip
kneel,2,4.84,tip
starring,15,6.06,tip
angels,46,7.66,tip
lg,34,5.22,tip
hehe,47,6.48,tip
memo,11,4.88,tip
balanced,116,6.51,tip
circumstances,32,4.86,tip
rigid,5,4.46,tip
props,53,5.85,tip
affair,35,4.02,tip
monica,63,5.52,tip
summit,56,5.52,tip
wreck,51,3.46,tip
alter,22,5.32,tip
colin,20,5.3,tip
ow,13,3.8,tip
incorrectly,59,3.14,tip
greed,10,3.06,tip
storms,20,4.34,tip
copper,49,6.18,tip
extract,7,5.28,tip
published,15,6.32,tip
carrier,28,5.26,tip
leo,48,5.86,tip
julie,157,5.42,tip
wonders,43,6.78,tip
teenage,35,5.58,tip
amongst,67,5.68,tip
witch,28,3.8,tip
switch,165,5.02,tip
virtual,30,5.62,tip
setup,152,4.84,tip
letter,44,5.94,tip
yankee,33,5.5,tip
li,33,4.6,tip
burst,36,4.34,tip
chaos,102,3.46,tip
jd,25,4.84,tip
religious,41,5.46,tip
formula,11,5.68,tip
gardening,32,6.94,tip
comp,87,5.38,tip
pile,78,4.66,tip
doesnt,94,3.9,tip
mister,27,5.44,tip
edition,58,5.52,tip
whispered,5,5.08,tip
stanford,7,5.9,tip
mei,47,5.04,tip
handled,87,5.5,tip
thus,159,5.14,tip
congrats,79,7.5,tip
created,132,6.06,tip
impact,24,4.82,tip
ze,10,4.86,tip
cabinet,25,5.68,tip
resulting,6,5.42,tip
frances,8,5.42,tip
hurting,22,2.36,tip
offensive,27,3.02,tip
holocaust,7,2.22,tip
davis,59,5.1,tip
surrender,7,4.08,tip
monitor,19,5.18,tip
arguments,7,3.04,tip
dc,99,5.22,tip
glue,24,5.08,tip
referring,19,5.76,tip
yahoo,28,6.14,tip
article,57,5.52,tip
weeping,4,3.02,tip
crying,74,2.04,tip
liberal,20,5.8,tip
demanding,15,3.7,tip
example,177,5.58,tip
hahahah,4,7.24,tip
alan,41,4.96,tip
commonwealth,6,6.3,tip
camps,17,5.56,tip
disco,62,6.28,tip
boxing,37,4.56,tip
grade,124,5.7,tip
lottery,60,6.38,tip
collapse,8,2.9,tip
cared,78,6.83,tip
bu,34,5.02,tip
dome,54,5.46,tip
swinging,26,5.94,tip
creation,54,6.78,tip
rapper,6,4.68,tip
antonio,54,5.14,tip
realized,127,5.78,tip
sheesh,33,4.54,tip
bizarre,58,4.92,tip
haunt,30,3.62,tip
parallel,26,5.59,tip
torch,9,5.11,tip
gov,19,4.62,tip
warner,7,5.2,tip
gah,11,4.54,tip
losing,84,2.62,tip
mode,81,5.28,tip
underground,85,5.08,tip
nurse,80,6.2,tip
measures,20,5.04,tip
touching,62,6.61,tip
prob,87,4.5,tip
surprising,105,6.74,tip
altogether,31,6.4,tip
politics,28,4.46,tip
asks,56,5.24,tip
buyer,116,6.18,tip
bon,164,5.6,tip
thunder,69,5.06,tip
definitions,3,5.4,tip
banned,11,2.88,tip
bears,98,5.58,tip
jets,33,5.52,tip
moses,8,5.67,tip
diss,4,3.43,tip
sails,3,6.38,tip
explanation,74,5.56,tip
regarding,99,5.56,tip
butler,58,5.38,tip
inspector,23,4.58,tip
simplicity,25,6.62,tip
failing,12,2.52,tip
dread,14,3.2,tip
heroes,18,7.16,tip
roots,74,5.66,tip
acquainted,3,6.08,tip
reach,127,5.74,tip
seth,35,5.3,tip
exchange,178,5.68,tip
por,41,4.76,tip
trusted,44,6.94,tip
verdict,18,4.2,tip
phase,26,5.06,tip
dances,18,7.42,tip
reindeer,4,6.54,tip
photograph,15,6.96,tip
ecstasy,9,7.2,tip
francis,24,5.32,tip
websites,17,6.24,tip
elaborate,22,5.47,tip
symbol,12,5.64,tip
fund,48,6.04,tip
heed,15,5.31,tip
application,64,5.5,tip
documents,34,5.02,tip
demon,9,2.92,tip
panties,18,6.42,tip
plasma,4,5.78,tip
searching,111,5.04,tip
climate,17,5.8,tip
landed,58,5.84,tip
correction,38,4.44,tip
oriented,136,5.64,tip
musician,23,6.98,tip
packing,54,5.28,tip
es,153,4.8,tip
yaa,3,5.7,tip
remind,111,5.32,tip
amsterdam,14,6.14,tip
journey,67,7.14,tip
disgrace,42,2.72,tip
sf,88,5.24,tip
authority,19,4.74,tip
veins,4,5.22,tip
movement,26,5.94,tip
darling,34,7.22,tip
wander,42,5.12,tip
dimension,13,5.8,tip
beverly,18,5.52,tip
sunlight,21,7.88,tip
surface,48,5.32,tip
sm,19,4.86,tip
stripped,14,4.65,tip
adjacent,106,5.43,tip
guard,80,4.88,tip
creek,135,6.06,tip
finna,3,4.82,tip
nw,58,4.98,tip
magazines,42,6.06,tip
bricks,16,5.46,tip
slips,14,4.38,tip
whose,46,4.88,tip
randy,67,5.3,tip
hardcore,25,5.18,tip
prayers,12,6.92,tip
baltimore,55,5.38,tip
kay,37,5.26,tip
approved,92,7.2,tip
ranked,14,5.56,tip
trippin,5,4.76,tip
tests,45,4.28,tip
interview,43,5.06,tip
dice,39,5.62,tip
cube,33,5.52,tip
institutional,4,4.54,tip
ren,11,5.1,tip
participation,2,6.22,tip
robbed,50,2.18,tip
revival,16,6.44,tip
cavalry,2,5.46,tip
unknown,43,4.04,tip
applications,14,5.88,tip
tragedy,7,2.06,tip
herman,16,4.88,tip
xxx,24,5.4,tip
recognized,23,6.08,tip
favorable,21,7.36,tip
sailor,18,6.19,tip
roberts,25,5.3,tip
indicating,24,5.59,tip
confusion,52,3.32,tip
alla,54,4.92,tip
homies,20,5.62,tip
expects,8,5.64,tip
voyage,18,6.9,tip
adjustment,57,5.22,tip
shoulders,40,6.1,tip
estimates,34,5.32,tip
appropriate,100,6.26,tip
tied,33,4.4,tip
lamp,66,5.76,tip
twisting,6,4.54,tip
springfield,33,6.1,tip
enthusiasm,21,7.46,tip
dancers,80,6.7,tip
freeze,133,4.08,tip
lead,96,6.28,tip
reaches,14,5.96,tip
grief,24,2.33,tip
lecture,23,4.46,tip
dong,18,4.5,tip
pollution,6,2.16,tip
staring,44,4.86,tip
ruled,8,4.92,tip
riverside,28,6.46,tip
pony,39,6.65,tip
mejor,52,5.2,tip
para,58,5.08,tip
comer,14,5.12,tip
tracks,60,5.28,tip
highest,100,6.8,tip
rover,26,5.78,tip
takin,19,4.94,tip
trey,19,4.9,tip
rolling,140,5.7,tip
planned,92,5.98,tip
prince,64,6.44,tip
volver,12,5.14,tip
announces,4,5.56,tip
programming,13,5.84,tip
mist,38,5.82,tip
notebook,8,5.9,tip
murphy,41,5.3,tip
frightened,5,3.2,tip
providence,14,6.2,tip
karen,92,5.34,tip
jennifer,141,5.86,tip
roughly,30,4.0,tip
precise,36,6.1,tip
flew,31,5.88,tip
josh,193,5.52,tip
runnin,10,5.92,tip
andrea,72,5.34,tip
begging,23,3.62,tip
complicated,59,3.34,tip
experimental,16,5.84,tip
meets,118,5.98,tip
ons,44,4.98,tip
succeed,23,7.76,tip
declare,7,5.57,tip
threat,22,2.36,tip
nai,6,4.8,tip
script,30,5.72,tip
divide,22,4.29,tip
mafia,14,2.81,tip
delayed,111,3.24,tip
gen,55,4.94,tip
regulations,11,4.42,tip
boulevard,41,6.12,tip
roy,41,5.14,tip
kate,103,5.48,tip
wider,20,5.34,tip
sangre,3,4.5,tip
funeral,34,2.1,tip
oooo,20,5.66,tip
elements,29,5.48,tip
facts,48,6.06,tip
lebanon,22,4.62,tip
apologize,78,5.02,tip
demand,89,4.14,tip
sho,37,4.76,tip
density,9,5.57,tip
tubes,31,5.02,tip
morton,23,5.28,tip
edison,16,6.24,tip
grandson,35,7.32,tip
identified,11,5.32,tip
ay,28,5.34,tip
prominent,7,6.26,tip
wouldnt,51,3.86,tip
bodies,11,4.68,tip
ours,139,5.98,tip
slight,68,4.7,tip
married,73,6.76,tip
cuba,44,4.98,tip
advocate,10,5.18,tip
missy,16,4.86,tip
refer,90,5.98,tip
rumble,9,4.46,tip
alexander,25,5.72,tip
thinkin,7,5.34,tip
severe,36,3.16,tip
transmission,23,5.5,tip
evident,18,5.67,tip
controls,10,5.02,tip
producing,12,5.84,tip
explode,16,4.18,tip
initially,37,5.2,tip
laying,35,5.14,tip
asleep,50,6.14,tip
morris,26,5.08,tip
killin,21,3.36,tip
fathers,65,6.82,tip
prospective,11,6.04,tip
ruins,60,3.98,tip
todays,20,5.74,tip
abc,92,5.24,tip
township,57,5.48,tip
command,8,4.54,tip
dads,43,6.96,tip
doll,60,6.02,tip
verizon,70,5.16,tip
railroad,29,5.88,tip
jet,82,5.94,tip
tupac,3,4.76,tip
misses,28,3.9,tip
privacy,60,5.88,tip
stein,34,5.16,tip
differ,13,4.58,tip
shares,52,6.68,tip
eva,68,5.52,tip
rat,92,3.04,tip
singers,28,6.6,tip
forming,17,5.56,tip
dozens,47,5.7,tip
sofa,52,6.04,tip
examination,5,4.82,tip
beg,40,3.08,tip
und,22,4.52,tip
mit,10,5.38,tip
sind,6,4.69,tip
auch,4,4.44,tip
sich,5,4.82,tip
von,15,5.12,tip
nu,12,4.86,tip
referred,62,5.62,tip
commercials,30,4.42,tip
screams,20,3.48,tip
spell,52,5.6,tip
settled,43,5.74,tip
faith,51,7.08,tip
suggests,24,5.68,tip
mornin,7,5.46,tip
dem,34,4.84,tip
sharply,1,4.36,tip
senator,3,4.58,tip
alex,226,5.46,tip
graham,86,5.68,tip
boyz,8,5.26,tip
rug,29,5.22,tip
sylvia,18,5.34,tip
explicitly,4,5.39,tip
photographs,14,6.86,tip
appeal,46,5.62,tip
jill,74,5.68,tip
compton,12,4.63,tip
jesse,58,5.38,tip
placing,66,5.7,tip
communicate,42,6.66,tip
scream,77,3.14,tip
negotiate,27,6.08,tip
eager,71,6.54,tip
resources,29,6.46,tip
notes,80,5.54,tip
rob,129,3.12,tip
waving,8,6.11,tip
cracks,22,4.0,tip
involvement,3,5.64,tip
ot,27,4.82,tip
estates,4,5.74,tip
katz,12,5.0,tip
louise,27,5.32,tip
exercises,15,6.54,tip
knocking,28,5.2,tip
keith,68,5.14,tip
congress,20,4.34,tip
mc,93,5.34,tip
increases,17,6.44,tip
worries,72,2.6,tip
newspaper,43,6.32,tip
estimated,48,5.58,tip
xoxo,31,6.02,tip
provides,174,6.24,tip
fits,87,4.72,tip
mondo,10,5.22,tip
downs,36,4.0,tip
nathan,49,5.24,tip
wore,49,4.76,tip
morn,22,4.36,tip
turmoil,3,3.06,tip
yr,151,5.08,tip
invention,23,6.69,tip
competitors,55,4.38,tip
beating,29,2.56,tip
origins,6,5.4,tip
sidney,11,5.66,tip
insanity,28,3.46,tip
ova,4,5.04,tip
fellas,37,5.53,tip
clown,35,5.65,tip
began,52,5.98,tip
hm,18,4.84,tip
mane,9,5.66,tip
imagined,31,6.36,tip
pursuit,7,5.58,tip
streak,28,5.06,tip
sans,71,4.76,tip
developed,29,6.36,tip
nuevo,23,5.68,tip
remain,71,5.52,tip
administrative,4,5.1,tip
conductor,7,5.42,tip
acquired,26,6.04,tip
examine,8,5.16,tip
stain,22,3.39,tip
equity,4,5.92,tip
assured,37,6.2,tip
react,4,5.16,tip
encouraged,40,6.98,tip
volumes,26,6.31,tip
qtr,3,4.68,tip
announcement,21,5.38,tip
targets,14,4.76,tip
palace,93,6.68,tip
chess,46,6.3,tip
label,84,5.32,tip
respectively,8,6.14,tip
favourite,196,7.16,tip
holland,25,6.24,tip
poet,2,6.52,tip
russell,50,5.36,tip
bid,20,5.26,tip
tweet,20,5.48,tip
conquer,7,5.04,tip
wut,5,4.82,tip
uhh,14,4.55,tip
warrior,16,5.74,tip
formed,10,5.58,tip
modified,23,5.49,tip
visual,19,5.94,tip
savage,14,3.31,tip
toll,38,4.06,tip
ku,3,5.0,tip
sober,49,5.78,tip
transit,49,5.08,tip
blowing,122,5.18,tip
chief,37,6.18,tip
prevail,7,6.82,tip
borough,16,5.28,tip
cd,50,6.14,tip
goodbyes,3,4.02,tip
streaming,19,5.7,tip
raising,29,6.26,tip
centers,25,5.6,tip
institutions,4,4.68,tip
jk,36,5.3,tip
reflection,19,6.06,tip
ridin,5,4.86,tip
ie,63,4.9,tip
parish,47,5.37,tip
toyota,58,5.92,tip
jg,5,4.6,tip
sanity,22,6.49,tip
moi,11,4.91,tip
eastside,40,5.2,tip
networks,14,5.8,tip
partnership,23,6.42,tip
association,29,5.66,tip
region,63,5.14,tip
herself,73,6.1,tip
ohh,30,4.78,tip
katherine,15,5.48,tip
thorn,8,3.46,tip
default,52,4.2,tip
heh,14,5.98,tip
archives,7,6.0,tip
populations,4,5.1,tip
seed,79,6.14,tip
spam,58,2.7,tip
substantially,13,5.92,tip
glove,28,5.66,tip
awarded,14,7.38,tip
wii,13,6.12,tip
swept,13,5.06,tip
mar,77,4.84,tip
hum,27,5.65,tip
residence,20,6.42,tip
itunes,4,6.0,tip
rival,30,3.68,tip
argues,5,3.0,tip
jones,51,5.5,tip
approve,50,6.66,tip
hallelujah,29,6.71,tip
austin,82,5.5,tip
hun,9,5.08,tip
writers,23,6.32,tip
musicians,82,7.26,tip
saddened,14,2.44,tip
wales,12,5.96,tip
kerry,13,5.06,tip
procedures,47,5.02,tip
judith,6,5.18,tip
sixth,20,5.12,tip
ooh,46,5.84,tip
maintaining,13,5.8,tip
mars,24,5.68,tip
chemistry,4,6.14,tip
dire,10,3.55,tip
limitations,8,3.62,tip
dreaming,44,7.26,tip
evidently,28,5.88,tip
judgement,24,5.04,tip
responses,24,5.84,tip
airline,97,5.62,tip
contemporary,75,5.86,tip
condolences,6,3.4,tip
concerning,23,4.24,tip
compromise,18,5.42,tip
jeanne,10,5.42,tip
pilot,22,6.0,tip
yen,31,5.44,tip
danger,30,2.82,tip
whats,50,4.76,tip
accent,39,5.62,tip
relief,81,6.86,tip
athletes,18,6.24,tip
claimed,49,5.4,tip
largely,12,5.96,tip
involving,13,5.6,tip
channels,30,5.72,tip
salvation,17,6.3,tip
bedtime,7,6.32,tip
ta,38,4.76,tip
stones,68,5.06,tip
consultant,21,5.48,tip
bt,24,4.88,tip
marilyn,27,5.06,tip
excess,18,5.22,tip
patricia,21,5.5,tip
election,22,5.18,tip
resolution,29,6.18,tip
feelin,24,5.28,tip
rihanna,3,5.34,tip
wandering,38,5.28,tip
med,134,4.96,tip
influence,28,5.64,tip
surviving,12,6.0,tip
aah,8,6.1,tip
stanley,52,5.24,tip
neighborhoods,20,6.08,tip
contained,16,5.12,tip
fraction,36,5.23,tip
counties,8,5.22,tip
jail,26,1.76,tip
courage,13,7.46,tip
throws,27,4.98,tip
twelve,33,5.38,tip
yall,40,4.96,tip
bb,42,4.86,tip
footage,18,5.68,tip
atleast,68,4.92,tip
exec,11,4.98,tip
reagan,8,4.84,tip
biography,1,5.98,tip
native,126,6.02,tip
lays,8,5.84,tip
pretending,25,4.92,tip
reminded,112,5.6,tip
imma,14,4.74,tip
hides,10,4.42,tip
begun,35,5.84,tip
faced,45,5.24,tip
autumn,64,6.94,tip
premiere,32,6.54,tip
bark,32,4.59,tip
umm,100,4.72,tip
glen,46,5.3,tip
goals,34,6.98,tip
voting,23,6.02,tip
formal,47,5.62,tip
oxygen,21,6.76,tip
yorker,46,4.96,tip
focused,80,6.74,tip
uptight,10,4.17,tip
reflecting,4,5.96,tip
therapeutic,24,6.6,tip
collins,37,5.12,tip
sponsor,22,6.0,tip
protected,13,6.6,tip
ultimately,28,5.72,tip
infection,37,2.84,tip
specialist,50,6.08,tip
poison,48,1.94,tip
kenneth,22,5.06,tip
fleet,23,5.04,tip
pushing,57,4.14,tip
absent,19,3.9,tip
den,56,5.44,tip
meds,85,4.78,tip
exceptions,25,5.52,tip
rutgers,2,5.2,tip
collar,38,5.18,tip
alliance,10,6.0,tip
metals,3,6.0,tip
proportions,31,5.62,tip
abandoned,31,2.54,tip
remained,12,5.56,tip
needles,28,4.04,tip
tick,18,4.3,tip
christian,71,6.3,tip
rollin,25,5.78,tip
fiddle,10,5.96,tip
retirement,36,5.92,tip
smack,39,4.31,tip
tomb,10,3.52,tip
survival,7,5.86,tip
brands,155,5.76,tip
roads,64,5.8,tip
habits,16,5.58,tip
thang,20,4.88,tip
objects,12,5.2,tip
reign,6,5.06,tip
veil,3,5.02,tip
humidity,29,3.98,tip
bum,30,4.0,tip
sono,6,4.9,tip
lt,27,5.16,tip
females,26,6.6,tip
citizens,35,6.1,tip
blade,23,4.56,tip
reported,60,5.12,tip
ninja,70,5.74,tip
agents,49,5.0,tip
task,31,4.92,tip
jo,53,5.08,tip
canceled,75,3.24,tip
settings,17,5.5,tip
shawty,3,4.6,tip
bounce,26,6.51,tip
stevens,6,5.08,tip
estimate,110,5.4,tip
sections,56,5.2,tip
investigate,14,5.1,tip
roosevelt,22,5.34,tip
untrue,7,3.51,tip
paula,34,5.4,tip
hier,9,5.58,tip
alles,5,5.31,tip
pillow,53,6.88,tip
doo,41,4.94,tip
earning,11,6.94,tip
democrat,3,5.18,tip
greece,26,5.76,tip
overcome,15,6.54,tip
academy,41,6.04,tip
ranks,21,5.42,tip
crisis,26,2.48,tip
owl,37,5.82,tip
feeds,60,6.2,tip
chapter,22,5.6,tip
germany,51,5.94,tip
settle,63,5.08,tip
arise,1,6.2,tip
denial,6,3.56,tip
razor,51,4.94,tip
mutha,7,4.22,tip
literary,12,6.46,tip
applied,58,5.86,tip
throne,7,6.08,tip
yorkers,4,5.42,tip
lmao,67,5.8,tip
frame,66,5.54,tip
television,30,6.66,tip
agreements,7,6.2,tip
venus,14,6.18,tip
envy,36,3.33,tip
spain,38,6.2,tip
alexandra,7,5.66,tip
translation,16,5.72,tip
neva,11,4.7,tip
forgetting,67,3.82,tip
olympic,21,6.28,tip
dias,4,5.26,tip
gon,5,4.56,tip
wid,6,4.62,tip
presently,11,5.96,tip
chickens,61,6.31,tip
pronounced,45,5.6,tip
equivalent,50,5.5,tip
arent,38,4.34,tip
luther,7,5.0,tip
manor,21,5.76,tip
begged,5,3.9,tip
edges,65,5.1,tip
disc,45,5.7,tip
cartoon,11,7.2,tip
permit,47,5.9,tip
hes,20,4.82,tip
iii,21,4.96,tip
tribute,47,6.22,tip
dusk,25,5.69,tip
unfair,22,3.34,tip
deeply,10,5.76,tip
parliament,3,4.98,tip
position,27,5.86,tip
reference,40,5.52,tip
dub,23,5.39,tip
awwww,14,5.54,tip
bg,6,4.67,tip
playin,29,6.4,tip
reduction,38,4.04,tip
electrical,66,5.54,tip
peculiar,9,5.0,tip
excuse,206,4.58,tip
joining,63,6.2,tip
reunion,49,6.96,tip
expense,46,3.96,tip
fitted,28,5.78,tip
prize,54,7.62,tip
thankful,104,7.44,tip
mines,12,4.74,tip
remarked,3,5.65,tip
perspective,18,6.04,tip
attempted,40,5.48,tip
sword,13,4.75,tip
omfg,36,4.52,tip
advised,91,5.34,tip
whitney,42,5.34,tip
sources,25,5.54,tip
categories,9,5.52,tip
wig,22,5.0,tip
pulls,23,5.46,tip
nitrogen,28,5.38,tip
nuclear,12,3.28,tip
thousands,47,6.14,tip
rochester,2,5.2,tip
jokes,56,7.98,tip
belle,47,6.37,tip
fairy,23,7.02,tip
jewels,15,7.46,tip
dating,17,6.4,tip
mortgage,39,3.88,tip
leaders,13,5.88,tip
controlled,12,4.4,tip
beep,16,5.32,tip
wound,24,2.96,tip
ir,16,4.88,tip
sem,2,4.42,tip
muito,20,4.74,tip
inspiration,34,7.02,tip
malcolm,6,5.4,tip
rivers,24,6.84,tip
houston,64,5.26,tip
struck,19,3.5,tip
stronger,62,7.12,tip
bury,8,2.93,tip
yacht,20,6.16,tip
nuttin,1,4.66,tip
recall,60,4.6,tip
politically,8,4.2,tip
agreed,72,6.98,tip
paso,9,4.98,tip
cattle,26,6.1,tip
equality,7,7.08,tip
cud,2,4.86,tip
missouri,58,5.72,tip
na,47,4.42,tip
monsters,14,3.47,tip
strict,63,4.13,tip
makers,50,5.76,tip
soldier,11,5.12,tip
spy,15,4.24,tip
requirement,24,5.08,tip
departure,36,4.76,tip
thompson,25,5.06,tip
twins,20,6.4,tip
warcraft,2,4.18,tip
brat,39,3.62,tip
ai,34,4.98,tip
benefits,66,7.2,tip
sta,9,4.84,tip
blacks,13,5.02,tip
calif,5,5.32,tip
representation,28,6.06,tip
manufacturers,10,5.46,tip
records,106,6.02,tip
navy,78,5.58,tip
painted,96,6.3,tip
diff,47,4.86,tip
weddings,56,7.06,tip
acknowledge,92,6.24,tip
merchants,19,5.68,tip
ne,118,4.82,tip
loser,28,2.2,tip
diamonds,28,7.68,tip
canadian,64,5.84,tip
liverpool,6,6.06,tip
supporters,19,6.2,tip
clay,65,5.5,tip
nooo,10,3.88,tip
ought,23,4.76,tip
officers,25,4.98,tip
firefighters,18,6.66,tip
essay,5,4.76,tip
horses,50,6.84,tip
poetic,6,6.24,tip
manners,63,6.8,tip
explicit,8,4.85,tip
throwing,97,4.78,tip
zijn,2,4.74,tip
raging,18,3.42,tip
associate,86,5.62,tip
rev,18,5.1,tip
graphic,11,5.52,tip
investing,12,6.12,tip
attacked,25,2.52,tip
introduction,14,6.08,tip
climbed,5,6.36,tip
speech,22,5.32,tip
cutie,33,7.1,tip
arc,15,5.34,tip
knives,35,4.68,tip
countries,38,5.68,tip
arthur,27,5.44,tip
collected,13,5.96,tip
purely,14,6.39,tip
claire,34,5.36,tip
popularity,19,6.84,tip
streams,6,6.32,tip
organizations,17,5.56,tip
kindness,45,7.4,tip
papers,33,5.26,tip
imagination,28,6.96,tip
roommate,28,5.96,tip
miley,7,4.96,tip
carbon,27,5.0,tip
striking,7,4.7,tip
nba,80,5.36,tip
pulling,79,4.36,tip
prolly,23,4.54,tip
marriage,47,6.7,tip
sox,24,5.18,tip
wah,41,4.82,tip
hamilton,35,5.64,tip
abroad,11,6.96,tip
legend,59,6.5,tip
clowns,25,6.22,tip
divorce,7,2.18,tip
accompanied,49,6.22,tip
lab,78,5.44,tip
tenderness,7,7.06,tip
hears,5,5.71,tip
videos,71,6.52,tip
blink,35,5.33,tip
bustin,6,4.86,tip
theft,35,2.3,tip
cosa,22,5.14,tip
distinct,22,6.06,tip
professor,15,6.04,tip
waking,36,5.72,tip
sands,25,6.2,tip
nonetheless,59,4.86,tip
launched,15,6.1,tip
launches,10,6.14,tip
pilots,6,5.8,tip
dramatic,11,5.26,tip
moore,24,5.44,tip
drown,22,2.9,tip
sorrows,10,2.69,tip
unnecessary,54,3.78,tip
graduated,11,7.22,tip
thickness,11,5.7,tip
laced,16,5.16,tip
identify,19,5.58,tip
fluid,45,6.06,tip
offense,19,3.56,tip
sodium,47,4.68,tip
chloride,1,4.53,tip
dom,25,4.92,tip
wayne,106,5.1,tip
vamos,3,5.48,tip
professionals,110,6.28,tip
gospel,20,5.55,tip
forty,25,4.99,tip
russians,15,5.2,tip
ali,47,5.22,tip
criticism,14,3.1,tip
eliminated,12,3.38,tip
diameter,10,5.46,tip
supported,16,6.6,tip
cadillac,51,5.74,tip
shove,14,3.74,tip
modest,36,5.9,tip
tau,14,5.12,tip
proposal,7,6.6,tip
wagner,7,5.44,tip
governing,2,5.0,tip
presidential,16,5.94,tip
deeper,9,5.86,tip
tested,34,5.16,tip
contribution,3,6.42,tip
friendship,15,7.96,tip
cheating,36,2.26,tip
bankers,19,4.8,tip
shopper,41,6.48,tip
tablet,30,5.1,tip
presence,56,6.02,tip
phyllis,7,5.18,tip
glenn,21,5.26,tip
masses,19,5.21,tip
valued,33,6.88,tip
fighter,20,4.58,tip
strangers,51,4.16,tip
gilbert,8,5.08,tip
welfare,13,5.1,tip
suffering,22,2.22,tip
entitled,30,5.64,tip
marching,10,5.68,tip
gran,21,5.58,tip
accuracy,28,6.88,tip
measuring,11,5.63,tip
justice,65,6.74,tip
killed,103,1.56,tip
perceived,1,5.6,tip
kirk,14,5.24,tip
nonprofit,15,5.28,tip
extent,7,5.1,tip
gutter,18,3.76,tip
sorely,28,3.56,tip
respected,9,7.18,tip
choir,18,6.08,tip
angeles,67,5.84,tip
ticking,8,4.82,tip
calculated,4,5.42,tip
compassion,32,6.82,tip
cheek,40,6.14,tip
receives,15,6.13,tip
static,11,4.9,tip
restoration,23,6.22,tip
preserve,28,6.38,tip
conduct,15,5.14,tip
ds,9,5.16,tip
pronto,13,5.36,tip
tract,6,4.86,tip
fantasy,33,7.44,tip
submitted,17,5.94,tip
graveside,1,2.38,tip
forgive,25,6.44,tip
miracles,16,7.44,tip
deaf,18,2.67,tip
immigrants,10,5.22,tip
murray,20,5.16,tip
leading,45,6.64,tip
understanding,94,6.84,tip
sheets,98,5.64,tip
resume,18,5.68,tip
diploma,1,6.56,tip
rockville,5,5.62,tip
matthew,39,5.46,tip
frost,26,4.88,tip
ada,31,5.04,tip
aire,3,5.3,tip
fred,60,5.04,tip
remix,11,5.76,tip
shes,49,5.2,tip
maurice,12,5.2,tip
forum,23,5.94,tip
fulfill,22,6.9,tip
leon,30,5.16,tip
bore,7,3.64,tip
bloom,45,7.24,tip
commission,19,5.76,tip
links,70,5.6,tip
peep,29,5.58,tip
qualified,27,6.81,tip
diagnosis,26,3.98,tip
bias,6,4.31,tip
opera,54,5.56,tip
romeo,18,6.74,tip
tendency,10,5.16,tip
neglect,17,2.76,tip
hail,42,4.96,tip
innings,12,5.56,tip
resolved,41,6.4,tip
duties,12,4.82,tip
cocaine,14,2.54,tip
blunt,6,4.31,tip
tangled,4,4.38,tip
governors,3,4.76,tip
components,16,5.78,tip
delete,38,3.64,tip
madame,37,6.1,tip
notwithstanding,1,4.42,tip
noting,14,4.94,tip
secured,11,6.71,tip
thy,39,5.46,tip
mirror,75,6.26,tip
crow,16,5.42,tip
stumble,27,4.42,tip
verbal,15,5.56,tip
belong,46,5.8,tip
profession,18,6.12,tip
victim,20,2.38,tip
similarly,6,5.98,tip
mitchell,34,5.14,tip
kickin,43,5.18,tip
supporter,17,6.76,tip
rushing,51,4.82,tip
interviews,15,5.06,tip
digg,2,4.88,tip
dug,13,4.96,tip
furnished,6,6.6,tip
obtain,17,5.86,tip
shaggy,13,5.0,tip
ambassador,8,5.78,tip
gud,16,5.36,tip
swallow,12,5.22,tip
winners,69,7.62,tip
uncertain,9,3.88,tip
bah,21,4.24,tip
reckless,9,3.74,tip
instruments,29,6.06,tip
dvd,56,6.66,tip
deja,6,5.12,tip
consisted,16,5.46,tip
hampton,65,5.34,tip
platinum,57,6.86,tip
soldiers,10,5.38,tip
bennett,11,4.94,tip
goddamn,25,3.88,tip
haters,38,2.48,tip
contrast,12,4.94,tip
pal,33,7.24,tip
reversed,4,4.78,tip
wrath,10,3.68,tip
harold,22,5.34,tip
existing,22,5.18,tip
decrease,11,4.12,tip
assault,11,2.56,tip
sole,51,5.53,tip
clinton,18,5.68,tip
elections,1,4.48,tip
strategic,5,5.9,tip
guidance,20,6.56,tip
racial,18,4.0,tip
laurie,25,5.48,tip
tragic,21,2.34,tip
colour,23,6.58,tip
touched,53,6.4,tip
circles,44,5.84,tip
fml,22,4.74,tip
headquarters,26,5.4,tip
founding,16,5.78,tip
refers,13,5.44,tip
riot,16,2.92,tip
capitol,29,5.36,tip
senate,5,4.7,tip
vive,5,5.91,tip
suspects,14,3.6,tip
effectively,21,6.44,tip
alibi,4,4.94,tip
awards,45,7.18,tip
inning,13,5.64,tip
france,66,6.32,tip
recorded,19,5.58,tip
mature,32,6.5,tip
cricket,12,6.14,tip
sheep,36,6.14,tip
hazy,10,4.58,tip
spins,19,5.39,tip
illusions,3,5.36,tip
surgeon,37,5.34,tip
tongues,5,5.66,tip
believing,4,6.14,tip
releases,28,5.96,tip
albert,38,5.1,tip
buena,81,5.54,tip
tyler,68,5.28,tip
grants,6,6.7,tip
keepin,9,5.69,tip
merit,5,6.74,tip
executed,64,3.94,tip
privilege,12,6.68,tip
columns,9,5.6,tip
lap,62,5.54,tip
cleveland,32,4.96,tip
fla,19,5.04,tip
katy,26,5.48,tip
dum,36,4.42,tip
leadership,23,6.5,tip
harvard,6,5.92,tip
grind,54,4.22,tip
policies,50,5.12,tip
elevated,34,6.8,tip
baller,24,5.14,tip
cities,66,5.58,tip
stacks,25,5.46,tip
ein,8,4.98,tip
maryland,67,5.84,tip
ladder,25,5.76,tip
presidents,19,5.64,tip
fiction,20,6.16,tip
tone,61,5.44,tip
honour,5,7.7,tip
passive,14,4.8,tip
aggressive,98,3.8,tip
steady,34,6.18,tip
masters,42,6.12,tip
varying,16,5.31,tip
newark,25,5.02,tip
apa,20,4.8,tip
conservative,16,4.54,tip
loses,19,2.74,tip
consecutive,21,5.4,tip
attraction,58,7.82,tip
consisting,16,5.65,tip
decades,64,4.84,tip
bail,7,4.44,tip
gurl,5,5.2,tip
reflected,19,5.52,tip
lugar,80,4.8,tip
valuable,41,7.12,tip
bentley,7,6.1,tip
cells,5,5.1,tip
dealt,63,5.1,tip
conclusion,11,5.66,tip
si,60,5.36,tip
british,100,5.66,tip
glimpse,7,5.98,tip
trinity,41,6.1,tip
hospice,5,4.04,tip
brotha,4,5.1,tip
adjusted,45,5.14,tip
landmark,80,6.06,tip
earliest,18,5.7,tip
wassup,5,5.7,tip
britney,24,5.36,tip
encore,10,6.56,tip
appeals,8,5.58,tip
rebellion,5,4.29,tip
behold,19,6.2,tip
laboratory,1,5.92,tip
torture,33,1.58,tip
cough,47,3.26,tip
engage,15,6.2,tip
silent,32,5.12,tip
tokyo,53,5.76,tip
drift,9,4.76,tip
gripe,20,3.84,tip
brokers,3,4.4,tip
lieu,13,4.88,tip
defensive,16,4.0,tip
candidates,4,5.18,tip
permitted,32,5.76,tip
seas,20,6.86,tip
aint,33,4.02,tip
trapped,34,3.08,tip
complications,6,3.65,tip
prescribed,7,5.29,tip
runaway,6,3.56,tip
someday,28,5.28,tip
alike,82,5.9,tip
participants,10,6.0,tip
nothin,59,3.64,tip
stretched,18,4.99,tip
askin,3,4.86,tip
phrase,14,5.44,tip
levin,4,4.9,tip
strapped,6,3.94,tip
elderly,53,4.88,tip
saviour,1,6.57,tip
jah,3,5.12,tip
vienna,25,5.92,tip
possibilities,21,6.67,tip
switzerland,1,6.76,tip
bronx,19,5.04,tip
conservation,6,6.6,tip
takeover,29,4.1,tip
boeing,9,5.24,tip
contacts,38,6.22,tip
destined,6,5.96,tip
mere,20,4.7,tip
macbook,20,5.98,tip
gusta,27,5.54,tip
bernard,19,5.12,tip
wage,28,6.44,tip
rumors,21,4.08,tip
observed,30,5.74,tip
stored,18,5.84,tip
dats,15,4.84,tip
slick,24,5.18,tip
georgetown,10,5.36,tip
eu,7,4.8,tip
led,86,5.48,tip
photography,72,6.98,tip
enterprise,64,6.24,tip
nike,26,6.1,tip
motion,41,5.76,tip
brazil,40,6.1,tip
invisible,27,4.84,tip
vikings,13,5.52,tip
possession,9,5.36,tip
eleven,38,5.6,tip
floating,49,6.4,tip
snowing,17,6.12,tip
solve,28,6.58,tip
wright,15,5.36,tip
monetary,3,6.02,tip
confidence,42,7.22,tip
portfolio,6,5.94,tip
sacred,12,5.62,tip
nerd,29,4.8,tip
alarm,57,3.9,tip
rats,81,3.29,tip
evidence,16,5.64,tip
difficulty,20,3.38,tip
typing,10,5.34,tip
devotion,8,6.32,tip
vicious,11,3.0,tip
bullets,12,3.06,tip
acceptance,7,6.86,tip
praying,14,6.96,tip
pills,14,4.1,tip
expedition,6,6.34,tip
schools,34,5.98,tip
guts,17,5.46,tip
pretend,53,4.64,tip
velocity,7,6.08,tip
shield,12,5.76,tip
determined,25,6.5,tip
whale,25,6.44,tip
vagina,8,6.14,tip
insight,16,6.24,tip
lyrical,1,6.19,tip
advantages,4,6.53,tip
diggin,18,5.0,tip
pistol,10,3.59,tip
relations,14,6.3,tip
staten,3,5.16,tip
whisper,10,5.76,tip
representing,16,5.76,tip
journal,12,5.7,tip
genetic,4,5.5,tip
richardson,2,5.02,tip
wallace,10,4.78,tip
honorary,3,6.28,tip
winding,19,5.56,tip
ily,2,5.34,tip
ke,16,4.84,tip
hospitals,25,3.54,tip
harm,11,2.54,tip
horror,52,3.04,tip
vos,3,5.04,tip
fucker,3,3.33,tip
lung,17,5.4,tip
restored,27,6.48,tip
synagogue,1,5.52,tip
thirst,37,3.82,tip
subjects,6,5.42,tip
revenue,18,6.72,tip
thermal,8,5.16,tip
platform,26,5.16,tip
dripping,51,4.94,tip
causes,27,4.88,tip
fibers,7,5.78,tip
caption,9,5.46,tip
minister,3,5.18,tip
drowning,22,2.44,tip
sim,12,5.36,tip
lying,68,2.58,tip
gunna,5,4.58,tip
poverty,6,1.98,tip
configuration,6,5.42,tip
passage,12,5.56,tip
significance,5,6.08,tip
prisoner,9,2.86,tip
distress,12,2.7,tip
absence,8,3.58,tip
software,16,6.3,tip
preserved,15,6.1,tip
painter,5,6.38,tip
europe,43,6.4,tip
click,74,5.72,tip
crib,18,5.8,tip
spiritual,11,6.72,tip
bleed,25,2.69,tip
specified,18,5.28,tip
affect,14,4.92,tip
exposure,15,4.82,tip
pianist,20,6.68,tip
negotiations,3,5.32,tip
transactions,46,5.74,tip
cliff,38,5.1,tip
telephone,41,5.84,tip
distinguished,5,6.36,tip
heavens,12,7.51,tip
shark,64,4.14,tip
louder,28,4.83,tip
creating,44,6.72,tip
essential,54,6.02,tip
abt,28,4.84,tip
organ,26,5.46,tip
haben,2,4.86,tip
sting,29,3.46,tip
representative,25,4.92,tip
moments,43,6.1,tip
novel,23,6.68,tip
haze,33,4.44,tip
fewer,28,3.72,tip
snatch,10,3.84,tip
allen,53,5.1,tip
billion,18,7.56,tip
beta,6,5.48,tip
gum,61,5.86,tip
reducing,7,4.36,tip
increasing,18,6.4,tip
aww,28,5.12,tip
warriors,16,5.55,tip
lifted,14,6.2,tip
bump,29,4.67,tip
integral,4,6.0,tip
lloyd,9,5.18,tip
swore,12,4.28,tip
enemy,21,2.64,tip
isnt,69,3.98,tip
gears,8,5.46,tip
patiently,35,6.12,tip
fame,48,6.5,tip
attributes,5,5.78,tip
creep,20,3.82,tip
hatin,3,3.84,tip
demanded,22,4.1,tip
kara,26,5.43,tip
ra,20,5.18,tip
dean,43,5.28,tip
desires,22,6.73,tip
precisely,16,5.98,tip
kisses,13,7.74,tip
bankruptcy,25,2.06,tip
havent,52,4.14,tip
purposes,18,5.64,tip
fought,13,3.1,tip
coal,46,4.96,tip
givin,8,5.37,tip
classroom,13,5.59,tip
universal,12,6.32,tip
warmth,28,7.24,tip
voted,102,6.12,tip
persuade,2,5.72,tip
amen,26,6.02,tip
innocent,11,6.36,tip
readers,25,6.16,tip
attracted,3,7.16,tip
yearning,3,5.14,tip
reluctant,14,3.94,tip
stephen,67,5.54,tip
commonly,8,5.8,tip
cocked,3,4.51,tip
mutual,4,6.14,tip
individuals,46,5.84,tip
tellin,3,4.86,tip
deception,3,3.39,tip
mega,103,6.0,tip
pause,16,5.1,tip
cm,24,4.92,tip
chrysler,8,5.3,tip
huntington,3,5.1,tip
tutti,9,5.33,tip
interests,11,6.42,tip
rapid,51,5.8,tip
produces,10,6.22,tip
disease,35,2.0,tip
occur,12,5.16,tip
processing,38,5.94,tip
examined,10,5.65,tip
undone,9,4.65,tip
trans,27,4.92,tip
faded,13,4.34,tip
movin,5,5.78,tip
development,30,6.38,tip
sleepless,5,2.92,tip
rights,70,6.48,tip
agency,27,5.26,tip
reform,6,5.46,tip
outer,33,5.52,tip
situated,24,5.74,tip
fin,53,5.24,tip
sophisticated,61,6.02,tip
respects,12,7.02,tip
define,9,5.34,tip
cos,13,4.7,tip
challenged,26,5.46,tip
figures,21,5.86,tip
collections,32,5.92,tip
affection,3,7.53,tip
scholar,9,6.48,tip
pushed,45,4.1,tip
anxiety,33,3.03,tip
vie,6,4.94,tip
shi,7,4.97,tip
wrk,5,4.7,tip
deposits,13,6.64,tip
justify,44,5.96,tip
charlotte,41,5.5,tip
kissed,8,7.84,tip
circulation,10,5.54,tip
images,19,6.34,tip
noche,20,5.44,tip
siempre,12,5.26,tip
slept,24,6.62,tip
timothy,12,5.08,tip
partial,42,4.84,tip
soil,21,5.71,tip
consists,26,5.58,tip
bieber,8,4.28,tip
tunnel,28,5.38,tip
instance,23,5.42,tip
harmony,16,7.0,tip
portrait,11,6.42,tip
establish,7,5.9,tip
beso,1,5.52,tip
shores,12,6.4,tip
temperatures,21,5.71,tip
insure,16,5.5,tip
criminal,34,1.98,tip
defense,24,5.18,tip
lawyers,10,4.26,tip
talks,41,5.82,tip
stake,51,5.02,tip
tp,29,5.0,tip
carroll,5,5.46,tip
cielo,5,5.39,tip
merchant,13,5.92,tip
samsung,20,6.24,tip
creatures,14,5.98,tip
phony,11,3.36,tip
latter,36,5.12,tip
ruff,14,4.66,tip
urge,43,5.18,tip
context,8,5.18,tip
engaged,29,6.16,tip
stroke,15,2.58,tip
politicians,5,3.34,tip
backup,19,5.78,tip
reaction,22,5.52,tip
choking,9,2.94,tip
curtain,31,5.02,tip
gots,15,4.59,tip
conan,5,5.26,tip
battles,6,3.78,tip
thrills,13,6.98,tip
qual,2,5.26,tip
lesser,21,4.1,tip
rainbows,3,8.06,tip
gimme,43,4.78,tip
cried,20,2.2,tip
proposition,5,5.43,tip
riley,29,5.42,tip
periods,19,4.2,tip
judges,9,4.88,tip
ughh,9,3.92,tip
wheels,72,6.16,tip
esta,13,5.04,tip
hora,11,5.0,tip
communist,3,4.32,tip
capitalist,1,4.84,tip
enabled,2,6.39,tip
gangsta,10,3.42,tip
suspect,38,3.14,tip
walkin,19,5.74,tip
vine,33,5.92,tip
umbrella,61,5.92,tip
suspected,7,3.52,tip
motive,4,5.35,tip
amid,8,5.08,tip
norms,4,5.21,tip
consumers,15,5.56,tip
ct,22,4.72,tip
subjective,4,5.52,tip
assess,10,5.0,tip
ht,6,4.84,tip
wud,2,4.78,tip
crossword,2,5.84,tip
dame,14,5.54,tip
yonkers,3,5.56,tip
continuing,31,5.76,tip
peasant,4,4.92,tip
unclear,15,3.96,tip
chap,7,5.18,tip
elementary,25,5.7,tip
immense,7,5.71,tip
res,48,4.74,tip
continuity,4,6.33,tip
mario,64,6.36,tip
fuse,8,5.17,tip
derived,1,5.42,tip
ting,22,5.32,tip
occurs,10,5.59,tip
hips,8,5.58,tip
rope,16,5.38,tip
butterflies,21,7.92,tip
helen,54,5.46,tip
prevent,32,5.16,tip
barney,9,5.18,tip
mum,10,6.7,tip
sudden,21,4.3,tip
laughter,18,8.5,tip
indonesia,4,5.08,tip
urself,19,5.32,tip
generations,14,6.4,tip
ich,8,4.3,tip
nichts,2,4.7,tip
margaret,20,5.4,tip
ceo,22,5.1,tip
aboard,10,6.24,tip
aching,1,3.18,tip
celeb,5,5.88,tip
des,29,4.78,tip
household,36,5.86,tip
sculpture,47,6.66,tip
aha,6,6.18,tip
progressive,23,6.56,tip
christopher,41,5.56,tip
authorized,19,5.96,tip
architectural,7,6.22,tip
westchester,12,5.36,tip
victims,18,2.32,tip
jacqueline,5,5.32,tip
puff,67,5.84,tip
lookin,55,5.38,tip
managing,31,5.62,tip
analysis,12,5.8,tip
doubts,11,3.3,tip
accordance,2,5.53,tip
saddle,11,5.67,tip
recordings,4,5.98,tip
civilization,4,6.72,tip
roman,47,5.7,tip
oral,19,5.84,tip
situations,15,5.45,tip
heartbreaker,2,2.72,tip
debate,29,4.94,tip
quantities,44,6.06,tip
hudson,45,5.38,tip
prisoners,5,2.44,tip
troubled,2,2.78,tip
combat,20,3.2,tip
aide,12,5.56,tip
debt,19,2.9,tip
decreased,13,3.58,tip
protest,9,3.56,tip
hav,13,5.04,tip
constitution,8,6.24,tip
mba,6,5.94,tip
leader,27,6.38,tip
legislature,3,4.7,tip
uploaded,11,5.78,tip
youtube,38,6.92,tip
studied,6,6.12,tip
smiled,20,8.08,tip
sinking,7,3.48,tip
troubles,17,3.42,tip
heartbreak,4,2.11,tip
suicide,9,1.3,tip
inquiry,12,4.66,tip
providing,92,6.16,tip
lawsuit,13,2.96,tip
majesty,5,6.58,tip
whistle,21,6.31,tip
alison,16,5.4,tip
inevitable,10,4.68,tip
lust,4,4.64,tip
xm,2,4.9,tip
encouraging,20,7.22,tip
trace,16,5.08,tip
describes,15,5.76,tip
killa,7,3.96,tip
islanders,3,5.96,tip
discussing,26,5.76,tip
binding,6,5.01,tip
sincere,33,7.1,tip
reporters,1,5.18,tip
chi,138,5.46,tip
acid,25,3.59,tip
downloads,7,6.16,tip
broadcast,14,5.98,tip
funds,22,6.12,tip
oakland,13,5.4,tip
mets,11,5.14,tip
titles,25,5.56,tip
colder,46,4.04,tip
holmes,15,5.48,tip
aye,7,5.42,tip
stages,17,5.84,tip
remaining,48,5.16,tip
producers,10,5.76,tip
natives,5,5.79,tip
prolonged,2,5.16,tip
tease,12,4.36,tip
doom,4,3.12,tip
raymond,21,5.7,tip
snake,39,3.5,tip
geez,36,4.94,tip
ballin,15,5.48,tip
archive,4,5.52,tip
linger,28,5.2,tip
witness,22,4.82,tip
deepest,4,5.32,tip
haunting,8,3.38,tip
demise,1,2.82,tip
represents,9,5.4,tip
agencies,6,4.92,tip
turnin,2,5.19,tip
themes,14,6.28,tip
nyt,2,5.12,tip
disclosed,5,4.92,tip
werden,2,4.82,tip
noch,5,5.02,tip
graduate,28,7.08,tip
paintings,40,6.9,tip
senses,23,6.1,tip
txt,11,5.24,tip
oklahoma,9,5.48,tip
somethin,11,4.98,tip
lend,8,5.26,tip
physician,30,5.34,tip
muthafuckin,3,3.0,tip
arranged,25,5.6,tip
bind,12,4.6,tip
diversity,32,5.82,tip
officer,30,5.22,tip
gains,9,6.82,tip
guitars,21,6.74,tip
database,6,5.68,tip
indicates,22,5.32,tip
jean,43,5.82,tip
lectures,4,4.88,tip
boats,85,6.45,tip
legitimate,29,6.24,tip
drinkin,25,5.65,tip
alma,22,5.62,tip
wat,12,4.44,tip
joan,28,5.48,tip
contracts,16,5.36,tip
losers,21,3.22,tip
employ,18,6.34,tip
servants,8,3.56,tip
belonged,7,6.56,tip
articles,13,5.86,tip
preservation,16,6.56,tip
blinding,4,4.06,tip
praised,7,7.0,tip
erase,14,4.1,tip
prevention,10,6.04,tip
trends,22,5.94,tip
consequently,4,5.04,tip
physicians,23,5.2,tip
foul,77,2.94,tip
anyhow,8,5.27,tip
cosmic,18,6.56,tip
arguing,30,3.06,tip
egyptian,21,5.78,tip
vi,19,4.96,tip
como,16,5.22,tip
screamin,4,3.2,tip
niet,1,4.42,tip
harris,20,4.84,tip
emo,9,4.58,tip
clause,5,4.98,tip
economics,2,4.76,tip
illness,14,2.0,tip
nas,4,5.08,tip
bridges,26,6.04,tip
economist,2,5.2,tip
ti,49,4.94,tip
attempts,21,5.54,tip
danny,97,5.58,tip
denver,45,5.34,tip
hug,33,7.58,tip
tempo,4,6.08,tip
douglas,13,5.24,tip
coordinator,10,5.88,tip
males,19,6.12,tip
endlessly,8,5.14,tip
judgment,13,4.74,tip
admiration,2,7.1,tip
cock,27,4.8,tip
spencer,33,5.42,tip
sore,57,2.94,tip
distribution,8,5.4,tip
darkest,6,3.64,tip
spine,11,5.16,tip
fella,12,5.71,tip
laughs,56,8.18,tip
skill,58,6.57,tip
revelation,19,5.86,tip
retiring,14,5.2,tip
drugs,69,2.66,tip
solomon,5,5.44,tip
montana,20,5.44,tip
composition,3,6.06,tip
fading,2,4.06,tip
municipal,27,4.82,tip
beneath,17,4.54,tip
agenda,4,4.94,tip
compensation,11,6.52,tip
tripping,6,4.32,tip
input,16,5.55,tip
writes,16,6.02,tip
authors,11,6.22,tip
pattern,24,5.36,tip
mtv,4,5.64,tip
comprehensive,33,5.42,tip
colleagues,18,6.36,tip
departments,31,5.57,tip
wen,17,4.8,tip
violence,16,1.86,tip
posts,64,5.32,tip
exams,32,3.78,tip
disclosure,12,5.02,tip
outlook,7,5.88,tip
mics,7,5.49,tip
alfred,7,5.08,tip
earns,15,6.94,tip
drowned,22,2.16,tip
chevy,21,5.35,tip
sufficiently,2,6.32,tip
oi,5,4.86,tip
ohhh,30,5.08,tip
disagree,22,3.68,tip
spatial,2,5.77,tip
fiends,6,3.88,tip
pardon,16,5.8,tip
allright,4,6.74,tip
ama,15,4.96,tip
supervision,14,5.49,tip
listened,74,6.2,tip
snakes,12,3.65,tip
allowing,48,6.16,tip
fuk,5,4.4,tip
occurred,18,5.34,tip
argument,9,3.14,tip
som,38,4.98,tip
proved,17,6.26,tip
organs,5,5.68,tip
dignity,11,6.92,tip
col,8,4.82,tip
sanders,7,4.84,tip
spark,12,6.26,tip
ooo,23,5.08,tip
fate,9,4.78,tip
questioned,25,4.24,tip
dizzy,20,3.94,tip
rod,47,5.06,tip
thangs,6,4.73,tip
founder,25,5.88,tip
thrill,11,7.08,tip
gucci,19,5.64,tip
importance,12,6.32,tip
sentimental,5,6.28,tip
koto,2,4.9,tip
horizontal,1,5.52,tip
edited,9,5.24,tip
opportunities,32,7.46,tip
dominant,3,5.19,tip
sane,8,5.82,tip
aw,26,5.14,tip
worship,30,6.32,tip
instances,2,5.62,tip
marvin,22,5.0,tip
discuss,36,5.96,tip
philosophy,10,6.44,tip
ep,7,4.78,tip
promises,36,6.26,tip
represented,17,5.98,tip
seymour,2,5.3,tip
sittin,15,5.04,tip
accused,11,2.92,tip
considerable,11,6.26,tip
bureau,27,4.62,tip
spectrum,21,5.72,tip
pill,20,4.51,tip
magnitude,3,5.76,tip
drifting,1,4.88,tip
countdown,8,5.08,tip
rag,24,4.44,tip
subject,34,5.44,tip
distinction,5,6.38,tip
irregular,5,4.36,tip
deed,3,5.6,tip
ella,21,5.37,tip
stuart,8,5.36,tip
obey,9,5.1,tip
wha,9,4.92,tip
hollow,22,4.04,tip
charms,6,6.66,tip
corpse,9,2.55,tip
angles,11,5.68,tip
martha,29,5.28,tip
violated,9,2.62,tip
quarterly,10,5.02,tip
fades,36,3.81,tip
motor,24,5.48,tip
darker,24,3.94,tip
homeboy,7,4.94,tip
extends,12,5.56,tip
espn,17,5.62,tip
arab,10,4.5,tip
vez,12,4.94,tip
expression,10,6.18,tip
dna,7,5.4,tip
suzanne,25,5.54,tip
este,33,4.98,tip
nos,9,4.78,tip
widow,13,2.86,tip
curtis,44,5.1,tip
diplomat,2,5.28,tip
thread,20,5.38,tip
detroit,61,4.4,tip
chapters,6,5.92,tip
amendment,15,5.52,tip
almighty,8,6.24,tip
doe,33,5.9,tip
trading,32,6.2,tip
israel,20,4.78,tip
grr,13,4.18,tip
scientist,5,6.18,tip
helpless,6,3.29,tip
width,7,5.41,tip
esther,9,5.28,tip
reached,53,6.08,tip
aircraft,12,6.02,tip
goodman,7,6.06,tip
wrist,24,5.22,tip
cambridge,6,6.0,tip
cape,17,5.18,tip
vids,5,5.3,tip
projected,15,5.38,tip
softly,11,6.39,tip
varies,52,5.32,tip
reality,79,5.94,tip
widely,9,5.62,tip
luna,25,5.48,tip
grrr,21,4.2,tip
restricted,16,3.57,tip
circuits,1,5.3,tip
involve,11,5.8,tip
recalled,5,4.42,tip
extension,42,5.52,tip
confined,4,3.44,tip
carolyn,14,5.42,tip
mounted,14,5.56,tip
dimes,6,6.06,tip
indicate,25,5.48,tip
earthquake,19,1.9,tip
scoring,8,6.44,tip
railway,1,6.16,tip
presbyterian,3,5.04,tip
fiend,3,3.02,tip
havoc,8,3.04,tip
grandsons,4,6.7,tip
skool,18,4.46,tip
whack,29,3.32,tip
qui,9,4.88,tip
strategy,17,6.24,tip
dreamer,6,6.8,tip
unlocked,20,6.32,tip
vital,9,5.76,tip
janet,27,5.48,tip
zum,7,5.0,tip
chills,11,4.38,tip
publicly,17,5.24,tip
rhyme,6,6.76,tip
abyss,6,4.1,tip
beings,13,6.02,tip
ministry,9,5.58,tip
shiver,1,3.85,tip
pounding,8,4.24,tip
singular,6,5.3,tip
deeds,4,5.96,tip
vow,8,5.67,tip
ja,19,4.86,tip
sealed,26,5.1,tip
capture,8,4.18,tip
elevation,15,5.94,tip
gat,3,4.78,tip
nana,31,5.98,tip
promoted,6,7.24,tip
catholic,20,5.3,tip
shakin,3,5.29,tip
dealers,45,4.74,tip
stakes,13,4.78,tip
prosperity,4,7.3,tip
obtained,9,6.36,tip
simpson,11,5.54,tip
protection,33,6.56,tip
regulation,6,4.54,tip
australian,23,6.26,tip
specimen,4,5.09,tip
destiny,12,6.12,tip
pitch,42,5.62,tip
bruise,5,3.14,tip
references,9,5.42,tip
bei,4,4.98,tip
distinctive,16,6.24,tip
arrested,25,1.64,tip
kindle,8,6.14,tip
employed,20,7.28,tip
assessment,13,5.28,tip
intent,9,5.4,tip
structures,6,5.65,tip
networking,32,6.12,tip
io,6,4.98,tip
officials,10,4.76,tip
mankind,15,6.74,tip
hangs,21,3.76,tip
coulda,13,4.76,tip
minority,21,4.24,tip
meu,1,4.98,tip
faz,3,4.74,tip
ci,5,4.73,tip
carriage,16,6.02,tip
della,7,5.35,tip
dorothy,6,5.32,tip
cf,11,4.96,tip
architects,3,5.88,tip
cont,7,4.86,tip
financing,29,5.64,tip
invitation,15,6.98,tip
motherfuckers,1,2.51,tip
starry,7,6.6,tip
yang,25,5.58,tip
retire,16,6.02,tip
civilians,4,5.64,tip
proportion,10,5.62,tip
havin,44,5.14,tip
healthcare,46,5.4,tip
brook,10,6.0,tip
froze,19,4.16,tip
centuries,3,6.08,tip
avec,6,5.05,tip
joyce,25,5.94,tip
dnt,14,4.2,tip
grams,16,5.38,tip
russia,4,5.5,tip
implementation,2,5.72,tip
declaration,9,5.98,tip
britain,1,5.78,tip
producer,4,5.88,tip
export,6,5.48,tip
perception,5,5.76,tip
affairs,7,4.7,tip
charter,21,5.44,tip
pavement,9,5.55,tip
swift,33,5.94,tip
vein,11,4.82,tip
brooks,23,5.86,tip
yonder,3,5.69,tip
soc,1,4.86,tip
retarded,17,2.62,tip
intelligent,21,7.35,tip
knicks,3,5.22,tip
protests,3,4.24,tip
confrontation,4,3.56,tip
fisher,17,5.44,tip
announce,29,5.68,tip
bling,27,5.48,tip
jb,17,5.1,tip
irene,36,5.3,tip
aging,13,3.06,tip
hound,23,4.7,tip
edith,6,5.04,tip
superman,25,7.12,tip
compelled,10,4.45,tip
descriptions,27,5.84,tip
billboard,6,4.88,tip
traditions,12,6.58,tip
eminem,2,4.86,tip
andre,24,5.32,tip
revised,15,5.27,tip
waitin,13,4.22,tip
ankle,20,5.12,tip
artificial,54,3.9,tip
interlude,5,5.41,tip
worldwide,9,6.56,tip
resigned,4,3.76,tip
interference,1,4.71,tip
paragraph,3,5.69,tip
regiment,2,4.96,tip
mir,4,5.0,tip
recover,15,6.64,tip
interaction,44,6.51,tip
industries,2,5.24,tip
thereof,13,5.0,tip
harriet,4,5.28,tip
stained,34,3.92,tip
paranoid,7,3.5,tip
intensity,9,5.89,tip
superstar,11,6.86,tip
ethics,17,6.52,tip
seldom,13,4.59,tip
ak,8,4.8,tip
pres,3,4.98,tip
dre,10,4.9,tip
phenomenon,5,6.52,tip
criterion,7,5.2,tip
dow,3,4.74,tip
sacrifice,21,4.1,tip
represent,25,5.44,tip
blessing,25,7.4,tip
replied,37,6.04,tip
retain,8,5.5,tip
developer,4,5.7,tip
solving,12,6.04,tip
classified,10,5.34,tip
cathedral,20,6.14,tip
extending,6,6.1,tip
triumph,15,7.46,tip
identical,23,5.7,tip
petition,6,4.8,tip
encourage,56,6.9,tip
libraries,11,7.2,tip
traveled,35,6.42,tip
discontinued,53,3.38,tip
tasks,10,5.18,tip
approached,34,5.48,tip
marshall,28,5.26,tip
dans,9,4.92,tip
condemned,12,3.0,tip
consist,21,5.44,tip
bombing,11,2.24,tip
flows,15,5.78,tip
corps,7,4.7,tip
informal,20,5.98,tip
engineers,4,6.02,tip
surgical,10,4.32,tip
convicted,4,3.2,tip
playa,17,5.56,tip
whatcha,6,5.53,tip
roar,10,5.18,tip
breed,25,5.51,tip
jive,10,5.39,tip
nations,26,6.0,tip
sos,20,3.82,tip
vols,6,5.41,tip
sweep,21,5.16,tip
disrespect,26,2.9,tip
lang,7,5.16,tip
cursed,18,3.12,tip
roth,5,5.02,tip
emerging,8,6.28,tip
nelly,9,5.22,tip
paperbacks,5,6.48,tip
disorders,1,3.16,tip
vessel,5,5.78,tip
connections,17,6.31,tip
unholy,5,2.73,tip
sirens,7,3.58,tip
loan,41,4.22,tip
rejection,1,2.02,tip
irving,2,5.24,tip
muss,5,4.52,tip
achieved,3,7.56,tip
objective,5,5.7,tip
garcia,19,5.14,tip
catherine,15,5.54,tip
tt,16,4.82,tip
att,27,4.82,tip
och,20,4.59,tip
reporting,12,5.12,tip
ambitious,8,6.52,tip
dismissed,11,3.14,tip
editions,7,5.5,tip
urged,2,4.54,tip
ego,10,4.08,tip
devoted,5,7.16,tip
misspelled,6,3.46,tip
presumably,9,5.32,tip
declared,10,5.28,tip
filing,37,4.92,tip
assets,6,6.66,tip
arises,3,6.14,tip
hater,15,2.84,tip
stomp,5,3.74,tip
threats,7,2.88,tip
kno,13,4.7,tip
lambert,14,5.22,tip
woulda,6,4.76,tip
cultures,15,6.51,tip
frown,11,3.24,tip
technical,23,5.38,tip
difficulties,10,3.08,tip
greeks,9,6.39,tip
occurring,7,5.67,tip
candidate,10,5.34,tip
beijing,12,5.24,tip
demi,11,4.82,tip
magnetic,7,6.26,tip
observations,4,5.86,tip
robinson,10,5.26,tip
coleman,7,5.02,tip
iraq,3,3.9,tip
quiz,14,5.3,tip
niggas,2,2.96,tip
civic,19,5.68,tip
raped,14,1.64,tip
kathleen,25,5.64,tip
shouting,18,3.42,tip
mami,3,5.65,tip
elliott,8,5.26,tip
void,14,3.76,tip
growth,20,6.6,tip
whores,6,3.4,tip
tutto,7,4.83,tip
occupation,2,5.8,tip
gail,13,5.14,tip
refrain,8,4.73,tip
erroneously,2,3.94,tip
curves,9,6.42,tip
suis,2,5.08,tip
une,7,4.92,tip
nous,2,4.88,tip
tous,2,4.8,tip
entre,27,5.8,tip
pas,17,5.12,tip
pandora,23,5.28,tip
sempre,5,5.08,tip
seu,2,4.66,tip
mais,5,4.88,tip
approaches,6,6.04,tip
cyber,9,5.88,tip
har,17,4.68,tip
integrated,4,6.08,tip
holdin,3,5.27,tip
vol,6,5.5,tip
viewed,7,5.6,tip
realm,4,5.65,tip
acquire,1,6.36,tip
tortured,3,1.82,tip
lebron,3,4.92,tip
southeast,35,5.68,tip
trigger,12,4.6,tip
rattle,7,5.06,tip
poll,7,5.62,tip
ni,37,4.92,tip
yields,3,6.2,tip
abraham,9,5.32,tip
bible,21,6.48,tip
rowdy,30,4.29,tip
ojos,3,4.94,tip
morir,1,4.4,tip
mientras,2,5.06,tip
gente,4,5.14,tip
leap,13,6.26,tip
mn,11,4.84,tip
selfish,21,2.6,tip
blair,8,5.04,tip
crashed,15,2.46,tip
attacks,14,2.46,tip
phantom,12,5.02,tip
rejected,14,2.08,tip
doorway,5,5.65,tip
concentrate,23,5.74,tip
outlaw,14,4.26,tip
files,19,5.38,tip
briefly,8,5.2,tip
actors,17,6.24,tip
longing,3,4.43,tip
suspension,5,3.18,tip
pena,9,4.78,tip
cheated,19,2.58,tip
belief,20,6.08,tip
ela,5,4.9,tip
particles,6,5.48,tip
concentrated,8,5.86,tip
intervals,7,5.78,tip
destroy,20,2.52,tip
wis,2,4.96,tip
interactions,12,6.16,tip
tenderly,1,6.76,tip
jacobs,7,5.28,tip
surfaces,18,5.48,tip
nicht,5,4.4,tip
ff,16,5.1,tip
escaped,12,5.84,tip
constitute,3,5.36,tip
diagnostic,23,5.02,tip
sensitivity,13,5.38,tip
papi,4,5.52,tip
yi,7,5.2,tip
prison,39,2.06,tip
camino,16,5.38,tip
riders,36,5.62,tip
valve,11,5.58,tip
stem,16,5.14,tip
regions,19,5.54,tip
meyer,16,5.08,tip
consciousness,1,6.4,tip
increasingly,9,6.1,tip
reactions,2,5.44,tip
hatred,4,2.22,tip
sorrow,5,2.12,tip
wo,18,4.72,tip
pasa,1,5.42,tip
sought,9,5.06,tip
pupil,1,5.96,tip
coz,22,4.76,tip
bastards,26,2.68,tip
favored,9,6.92,tip
vita,13,5.59,tip
lesbian,14,5.14,tip
motherfucker,2,2.02,tip
overtime,10,5.38,tip
govt,3,4.5,tip
fury,8,3.3,tip
phenomena,4,5.86,tip
km,18,5.06,tip
comparatively,3,5.6,tip
podcast,6,5.8,tip
cerebral,1,5.58,tip
claus,6,5.66,tip
polls,1,5.42,tip
actor,7,6.2,tip
uns,4,4.69,tip
replies,11,5.9,tip
consent,6,5.94,tip
continent,4,6.0,tip
rookie,11,5.24,tip
statements,16,5.46,tip
sen,15,5.08,tip
borders,16,4.96,tip
thanx,17,6.68,tip
disguise,15,4.59,tip
guidelines,29,5.26,tip
necessity,21,5.2,tip
resolve,32,6.32,tip
draws,28,6.18,tip
votes,3,6.08,tip
foolish,10,3.7,tip
ira,5,4.86,tip
satisfactory,23,6.44,tip
believed,7,7.0,tip
directors,5,5.92,tip
captured,9,3.22,tip
trials,9,4.74,tip
ebay,12,5.78,tip
conception,3,5.9,tip
grave,33,2.56,tip
inclined,16,5.74,tip
shoulda,19,4.24,tip
ter,4,4.66,tip
enable,1,6.16,tip
myth,7,5.9,tip
seventeen,1,6.22,tip
lateral,2,5.44,tip
moet,3,5.27,tip
segment,10,5.46,tip
sinners,4,3.18,tip
chin,26,5.32,tip
weighted,4,5.0,tip
voters,3,5.58,tip
fears,6,2.68,tip
nh,24,4.9,tip
brief,30,5.5,tip
adoring,2,7.14,tip
strategies,1,6.14,tip
assumptions,1,4.82,tip
respective,5,6.06,tip
evaluation,7,5.32,tip
florence,25,5.92,tip
bookstores,18,6.88,tip
aims,6,6.27,tip
xi,7,4.94,tip
dictionary,3,6.16,tip
wounded,6,2.42,tip
hai,13,5.8,tip
goodnight,11,6.58,tip
colleges,5,6.34,tip
threshold,9,5.33,tip
artistic,37,7.12,tip
ven,10,4.9,tip
album,30,6.6,tip
stern,10,4.24,tip
merely,19,4.56,tip
jonas,4,4.9,tip
shorty,22,4.66,tip
glocks,1,4.44,tip
author,25,5.98,tip
historian,3,6.06,tip
celebrated,28,7.8,tip
quietly,16,5.72,tip
thug,8,2.94,tip
sequence,4,5.88,tip
koch,3,5.1,tip
colony,4,5.56,tip
aus,4,5.06,tip
pitching,14,5.38,tip
forgiven,6,6.8,tip
mambo,10,5.96,tip
newspapers,15,6.02,tip
depression,9,1.98,tip
conspiracy,5,3.28,tip
teh,6,5.02,tip
creature,12,5.3,tip
verb,3,5.36,tip
seventy,5,5.44,tip
eine,7,4.98,tip
forecast,10,5.92,tip
shook,18,4.34,tip
secretary,7,5.42,tip
collective,12,6.23,tip
invasion,11,3.42,tip
shoutout,22,5.58,tip
aaah,6,6.44,tip
grammy,7,6.24,tip
preacher,2,5.28,tip
cherish,11,7.5,tip
priest,12,5.6,tip
tumbling,3,5.12,tip
dimensional,3,5.76,tip
carnegie,9,5.3,tip
raises,10,6.66,tip
summary,6,5.56,tip
enemies,5,2.44,tip
cnn,16,5.18,tip
gloom,1,3.56,tip
weave,11,5.49,tip
savior,13,6.76,tip
eternal,8,7.2,tip
baddest,3,3.82,tip
virus,30,2.08,tip
seized,4,3.44,tip
milwaukee,12,5.36,tip
frequency,6,5.6,tip
outcome,27,5.6,tip
vous,10,5.02,tip
surround,13,5.44,tip
gona,4,4.74,tip
rendered,11,5.14,tip
horny,8,5.76,tip
skies,15,7.16,tip
jeffrey,18,5.46,tip
operates,29,5.48,tip
defending,8,5.22,tip
succeeded,4,7.62,tip
offset,16,4.72,tip
banker,15,5.06,tip
permission,23,5.16,tip
layin,3,5.51,tip
diplomats,1,5.24,tip
dominated,8,4.04,tip
gangster,10,3.14,tip
tht,9,4.78,tip
destruction,8,2.26,tip
rape,14,1.44,tip
reap,7,5.66,tip
belonging,3,6.84,tip
findings,2,5.52,tip
consequences,9,4.02,tip
reaching,23,5.6,tip
formation,2,5.94,tip
tanto,4,5.04,tip
christ,28,6.16,tip
pussy,17,4.8,tip
betta,16,5.1,tip
critical,31,3.22,tip
gimmie,2,4.8,tip
hustler,10,3.69,tip
unseen,4,4.78,tip
sickness,18,1.84,tip
fright,4,3.45,tip
minds,37,6.16,tip
slope,4,5.51,tip
reynolds,7,5.6,tip
merger,6,5.1,tip
immortal,6,6.62,tip
panel,18,5.54,tip
hasta,4,5.18,tip
clearer,5,6.3,tip
journalism,1,5.52,tip
manufacturer,14,5.34,tip
jaded,4,3.92,tip
bringin,1,5.33,tip
guild,10,5.48,tip
environmental,10,6.42,tip
defined,7,5.78,tip
leopard,8,5.66,tip
swallowed,7,5.06,tip
kitten,23,7.64,tip
discrimination,32,2.82,tip
puppet,6,5.9,tip
starlight,7,7.44,tip
conflict,9,3.1,tip
semana,4,4.96,tip
graphics,11,6.44,tip
signals,6,5.42,tip
lolol,10,5.62,tip
pum,2,5.12,tip
vp,7,5.02,tip
thesis,4,5.35,tip
depois,1,4.54,tip
distributed,5,5.46,tip
overcast,7,4.68,tip
critic,47,3.36,tip
tsunami,11,2.18,tip
eternity,18,6.9,tip
nie,1,4.94,tip
incorporated,6,5.29,tip
revealed,4,6.35,tip
mourns,2,2.86,tip
blog,16,6.02,tip
heartfelt,5,6.62,tip
gmail,24,6.4,tip
reflects,13,5.62,tip
adored,8,7.42,tip
examples,12,5.84,tip
ashes,8,4.47,tip
glowing,19,7.1,tip
dynamic,21,6.9,tip
crews,12,5.5,tip
sony,8,6.14,tip
geography,4,5.94,tip
tierra,12,5.38,tip
yeh,10,5.88,tip
upload,27,5.64,tip
cia,4,4.86,tip
successfully,10,7.62,tip
infants,7,6.88,tip
ri,12,4.96,tip
logical,10,6.36,tip
logic,7,6.22,tip
testimony,1,5.12,tip
liberation,2,7.35,tip
labour,2,4.86,tip
bajo,1,4.94,tip
distant,18,4.02,tip
broads,3,4.9,tip
kissing,6,7.94,tip
pointing,14,5.16,tip
corresponding,5,5.77,tip
naive,5,4.37,tip
tumor,6,2.53,tip
toronto,9,5.82,tip
nude,10,5.36,tip
robertson,4,5.04,tip
nbc,5,5.52,tip
symptoms,14,3.76,tip
wordpress,12,5.38,tip
egypt,10,6.26,tip
oo,15,4.86,tip
relation,8,6.36,tip
revolutionary,12,6.24,tip
biblical,2,5.3,tip
stable,14,6.2,tip
bearing,13,5.14,tip
measurement,9,5.51,tip
protecting,4,6.3,tip
kan,10,4.8,tip
external,14,5.48,tip
nxt,3,4.96,tip
inspire,11,7.12,tip
prayed,3,6.36,tip
wer,6,4.9,tip
tumble,5,4.67,tip
spreading,16,5.96,tip
buss,6,5.08,tip
siento,3,4.92,tip
reveal,11,5.96,tip
estoy,2,5.14,tip
sheila,17,5.28,tip
medieval,3,5.2,tip
vocals,9,6.59,tip
citing,4,4.72,tip
senators,1,4.54,tip
demonstration,13,5.88,tip
describing,7,5.62,tip
disorder,8,3.14,tip
axe,25,4.54,tip
asterisk,3,5.64,tip
ethical,12,6.2,tip
currency,11,6.66,tip
nuthin,6,4.48,tip
qualities,18,7.08,tip
vessels,3,5.24,tip
legislators,1,4.2,tip
generosity,3,7.36,tip
ronald,16,5.0,tip
temper,5,4.08,tip
variable,7,5.62,tip
tweets,2,5.42,tip
discussions,10,5.66,tip
dreamed,14,6.87,tip
mining,5,4.84,tip
woh,3,5.18,tip
remainder,12,5.43,tip
retweet,1,5.12,tip
patents,2,5.84,tip
sympathetic,8,6.58,tip
secondary,11,5.2,tip
sail,19,6.84,tip
gerald,7,4.92,tip
confess,1,4.78,tip
roberta,7,5.14,tip
leavin,8,4.29,tip
barometer,1,5.16,tip
melody,14,7.35,tip
amor,11,6.32,tip
serbian,2,4.7,tip
grammar,6,5.84,tip
morgen,2,5.08,tip
chained,6,3.54,tip
depend,21,5.24,tip
elle,9,5.56,tip
firmly,5,5.54,tip
flames,15,4.6,tip
blades,19,4.16,tip
horizon,12,6.24,tip
screenplay,1,6.48,tip
betrayed,2,2.57,tip
einen,1,4.68,tip
phat,14,5.1,tip
pope,20,5.6,tip
overview,8,5.36,tip
arrests,2,2.72,tip
wholly,10,5.92,tip
relatives,12,6.6,tip
trop,8,5.0,tip
mira,2,5.16,tip
tended,6,5.8,tip
eighteenth,1,6.0,tip
cord,14,5.08,tip
eden,14,6.51,tip
forsaken,3,3.54,tip
likewise,10,6.0,tip
det,14,4.8,tip
jajaja,2,5.24,tip
intentions,13,5.63,tip
faire,15,5.98,tip
adopted,14,5.86,tip
reprinted,3,5.39,tip
sweden,6,6.28,tip
livingston,7,5.42,tip
notion,4,5.18,tip
coupe,7,5.48,tip
ce,14,4.78,tip
acute,5,4.16,tip
warren,9,5.0,tip
dag,5,4.74,tip
dit,1,4.6,tip
virtues,2,6.69,tip
scotland,3,6.68,tip
anglo,4,5.5,tip
hehehe,13,7.06,tip
sector,4,4.9,tip
harlem,7,5.04,tip
reasoning,5,6.3,tip
wakes,6,5.36,tip
timeline,11,5.54,tip
proposed,7,6.24,tip
criticized,2,3.02,tip
loot,2,5.35,tip
getcha,12,5.02,tip
accounting,6,4.86,tip
forbidden,9,3.36,tip
sur,22,4.8,tip
boundary,3,5.3,tip
rosenberg,2,5.16,tip
powell,12,5.48,tip
woe,4,3.18,tip
beyonce,5,5.52,tip
affiliate,4,5.68,tip
nt,11,4.84,tip
cryin,5,3.19,tip
bong,11,5.56,tip
crashing,9,3.28,tip
ver,31,4.78,tip
mig,4,4.9,tip
ser,6,4.7,tip
utility,10,5.48,tip
pulmonary,3,4.72,tip
rosen,7,5.2,tip
hari,3,5.16,tip
canon,9,5.48,tip
confident,38,7.1,tip
liability,6,4.1,tip
commander,26,5.26,tip
opinions,24,5.71,tip
foxy,8,6.32,tip
deceive,9,3.47,tip
nationwide,25,5.84,tip
obligation,3,4.6,tip
pero,34,4.96,tip
falta,5,5.08,tip
fue,6,5.04,tip
construct,2,5.85,tip
characteristics,6,5.62,tip
motherfuckin,4,2.58,tip
curve,12,5.86,tip
zu,7,5.0,tip
poems,2,6.48,tip
ese,3,4.76,tip
futures,1,6.4,tip
grasp,8,5.68,tip
intelligence,10,7.3,tip
liable,8,4.44,tip
zou,3,4.69,tip
component,8,5.56,tip
sciences,5,6.3,tip
conn,6,4.54,tip
dedication,22,6.66,tip
advocacy,3,6.06,tip
allegations,4,3.84,tip
villages,3,6.72,tip
inflation,10,2.64,tip
jerusalem,8,5.12,tip
congregation,4,5.28,tip
defect,3,3.21,tip
terrorist,2,1.3,tip
republicans,5,4.22,tip
restructuring,3,4.94,tip
spotlight,9,6.35,tip
una,32,4.94,tip
kom,3,4.58,tip
var,4,4.92,tip
eleanor,5,5.12,tip
voy,3,5.06,tip
aja,3,4.78,tip
pose,10,5.72,tip
separation,6,3.53,tip
browser,4,6.14,tip
margin,5,5.04,tip
depressed,16,2.18,tip
iraqi,4,3.96,tip
dah,2,4.74,tip
challenges,24,5.74,tip
alien,15,4.72,tip
supervisor,43,5.0,tip
canaan,1,5.08,tip
administration,9,4.84,tip
federation,1,5.06,tip
bbc,10,5.98,tip
dues,8,4.22,tip
contributed,4,6.04,tip
peacefully,7,7.52,tip
yeltsin,1,4.66,tip
fatal,4,1.8,tip
erased,4,3.82,tip
sway,9,5.45,tip
journalists,1,5.2,tip
infections,9,2.59,tip
cohen,9,5.14,tip
coro,2,5.12,tip
ib,5,4.61,tip
vernon,4,4.84,tip
assembled,4,6.31,tip
germans,3,5.84,tip
believes,13,6.82,tip
arkansas,5,5.4,tip
cum,12,4.82,tip
mentor,4,6.74,tip
sucka,6,3.74,tip
jews,6,5.62,tip
studies,12,6.4,tip
onset,1,5.04,tip
calculation,4,5.44,tip
dar,15,4.6,tip
mend,2,6.14,tip
actress,3,6.4,tip
adviser,4,5.48,tip
generated,5,5.92,tip
properties,31,5.54,tip
remorse,6,3.24,tip
implied,5,5.02,tip
moonlight,11,7.5,tip
evolution,9,6.22,tip
iz,11,4.66,tip
zo,3,4.9,tip
suga,10,5.16,tip
illusion,6,5.56,tip
census,2,5.16,tip
visions,5,6.78,tip
afghanistan,6,3.56,tip
republican,6,4.42,tip
tenure,2,5.66,tip
sixteen,8,6.39,tip
prevented,5,5.7,tip
shootin,3,4.04,tip
wink,19,6.44,tip
oppose,1,3.82,tip
metabolism,4,5.47,tip
experiments,6,6.18,tip
parameter,1,5.28,tip
visitation,2,5.3,tip
tout,5,4.83,tip
myers,8,5.04,tip
url,3,5.52,tip
renal,2,4.12,tip
gracias,28,5.96,tip
necesito,1,5.02,tip
edinburgh,1,5.6,tip
crop,10,6.16,tip
obtaining,3,5.81,tip
dems,2,5.22,tip
albany,2,5.08,tip
heb,1,4.64,tip
bishop,10,5.3,tip
investments,1,6.1,tip
solitude,7,5.02,tip
nokia,1,5.9,tip
districts,3,5.08,tip
orthodox,2,4.8,tip
employers,8,5.52,tip
eds,1,4.8,tip
lands,13,5.84,tip
outward,5,5.53,tip
publishing,3,5.92,tip
scarred,2,3.27,tip
mercury,7,5.42,tip
trance,3,5.22,tip
issued,22,4.88,tip
kent,10,5.02,tip
scholarship,4,7.04,tip
object,10,5.46,tip
successor,2,6.0,tip
hw,7,4.54,tip
connecticut,12,5.56,tip
nacht,1,5.02,tip
alleged,8,4.0,tip
ore,6,5.18,tip
conscience,8,6.0,tip
tribes,3,5.32,tip
apparatus,2,5.76,tip
naval,5,5.48,tip
shadows,14,5.12,tip
penalty,12,2.84,tip
iowa,12,5.24,tip
organizational,2,5.86,tip
oceans,5,7.16,tip
overseas,5,6.06,tip
theories,1,6.06,tip
axis,2,5.44,tip
conducting,6,5.84,tip
minha,1,4.74,tip
dependent,8,4.52,tip
mata,2,5.1,tip
compounds,2,5.52,tip
democracy,4,6.36,tip
prompted,6,5.54,tip
schneider,7,4.98,tip
newton,11,5.78,tip
publicity,7,5.68,tip
hahahahaha,4,7.7,tip
burden,4,2.82,tip
doris,9,5.26,tip
dell,8,5.98,tip
unfold,3,5.46,tip
refugees,4,3.06,tip
slit,5,4.64,tip
emptiness,2,3.35,tip
etsy,12,5.28,tip
toda,6,4.81,tip
cumulative,1,5.48,tip
expenditure,2,4.2,tip
fragile,6,3.83,tip
erroneous,2,3.42,tip
initiative,8,6.52,tip
pimps,5,3.24,tip
cuando,5,5.02,tip
tengo,6,4.96,tip
palabras,1,5.22,tip
veces,3,4.96,tip
behavioral,1,5.62,tip
subjected,6,3.86,tip
repeats,7,5.2,tip
flee,1,3.54,tip
modification,7,5.72,tip
psychiatric,5,4.24,tip
probability,2,5.76,tip
weep,10,2.22,tip
vulnerable,8,3.34,tip
pretax,2,4.6,tip
bloomberg,3,4.9,tip
processes,9,5.4,tip
scar,3,3.28,tip
christians,2,6.02,tip
hid,3,4.82,tip
mixtape,1,5.4,tip
positions,11,5.52,tip
defeated,2,2.74,tip
dun,7,4.68,tip
taxpayers,2,4.12,tip
allied,3,5.88,tip
stride,5,5.56,tip
quarterback,1,5.54,tip
screamed,13,3.27,tip
agricultural,1,6.38,tip
relationships,7,6.86,tip
lillian,5,5.34,tip
equation,5,5.46,tip
jerome,8,5.02,tip
rapidly,12,5.58,tip
quiero,3,5.36,tip
occurrence,12,5.51,tip
jurors,3,4.58,tip
calculations,2,5.55,tip
guiding,11,6.36,tip
burial,5,2.44,tip
vest,9,5.36,tip
ltd,4,4.8,tip
copyright,2,5.14,tip
kanye,4,4.24,tip
luz,7,5.02,tip
acquisition,2,5.8,tip
curriculum,7,5.38,tip
composed,5,6.06,tip
economic,9,5.36,tip
nomination,2,6.18,tip
rappin,1,4.65,tip
consequence,1,4.36,tip
scandal,3,3.18,tip
injection,7,3.35,tip
illustrated,3,6.34,tip
publications,3,5.72,tip
xp,1,6.04,tip
numb,12,4.1,tip
colonel,8,4.96,tip
questo,1,4.94,tip
statute,3,5.42,tip
risks,4,3.78,tip
colours,6,7.02,tip
plot,3,5.26,tip
sumthin,4,4.98,tip
schwartz,4,5.1,tip
cries,4,2.92,tip
comforted,2,7.2,tip
victories,5,7.58,tip
theatrical,1,5.92,tip
preach,4,5.02,tip
creeping,6,4.0,tip
vid,5,5.0,tip
developmental,2,5.66,tip
zion,1,5.44,tip
unemployment,1,2.12,tip
fiscal,2,4.6,tip
crude,6,3.6,tip
remarks,13,4.88,tip
affiliation,4,5.72,tip
shud,1,4.52,tip
deficiency,2,3.49,tip
todos,8,4.92,tip
vt,6,4.86,tip
romans,6,6.1,tip
emotion,3,5.76,tip
constitutional,1,5.86,tip
theology,2,5.28,tip
puedes,6,4.84,tip
nintendo,9,5.98,tip
drivin,3,5.88,tip
feared,7,3.14,tip
slaughter,3,2.41,tip
translated,3,5.92,tip
ballot,4,5.16,tip
kt,2,4.9,tip
assumption,4,5.29,tip
tighter,7,5.2,tip
dexter,6,5.22,tip
measurements,14,5.44,tip
slug,4,3.54,tip
edwin,4,4.9,tip
developments,1,6.24,tip
calle,16,5.14,tip
whispers,3,5.52,tip
tryna,10,4.88,tip
inbox,6,5.56,tip
lehman,1,4.48,tip
sympathy,6,5.36,tip
patterns,12,5.92,tip
movements,5,5.82,tip
borrowed,5,4.68,tip
cowards,6,2.78,tip
advances,2,6.24,tip
containing,9,5.78,tip
capitalism,3,5.16,tip
cradle,2,6.38,tip
congressional,1,4.58,tip
granddaughter,16,7.16,tip
cultivated,1,6.46,tip
restated,1,5.06,tip
aimed,6,5.52,tip
rational,2,6.36,tip
unkind,9,2.84,tip
advisory,6,4.8,tip
gaze,7,6.06,tip
monitoring,4,5.06,tip
finite,1,5.35,tip
nunca,5,4.6,tip
complexity,2,5.14,tip
missile,7,3.24,tip
namely,2,5.24,tip
foes,2,3.43,tip
losses,3,2.46,tip
inna,2,4.94,tip
slave,7,2.06,tip
cus,12,4.4,tip
demons,1,2.64,tip
berger,10,5.08,tip
ceased,7,4.0,tip
terrorism,1,1.48,tip
linked,12,5.46,tip
slugs,3,3.96,tip
matrix,9,5.84,tip
fragments,1,4.63,tip
instrumental,2,6.48,tip
evaluate,8,5.56,tip
novo,4,4.98,tip
rodriguez,4,5.2,tip
despair,9,2.82,tip
stares,12,4.63,tip
dwell,3,5.47,tip
deemed,1,5.38,tip
daze,7,4.61,tip
crops,4,6.08,tip
diddy,3,5.16,tip
demonstrate,3,5.52,tip
yale,2,5.54,tip
nyu,1,5.06,tip
possess,1,5.44,tip
ou,7,4.86,tip
tak,3,5.14,tip
accord,10,5.76,tip
provincial,4,5.08,tip
burke,9,5.02,tip
spokeswoman,1,5.74,tip
ayer,1,4.82,tip
sailed,1,6.53,tip
readily,17,6.1,tip
behalf,12,5.28,tip
iran,1,4.3,tip
appendix,2,4.54,tip
integration,1,5.86,tip
eternally,2,6.96,tip
yur,10,4.66,tip
herbert,1,5.0,tip
scholars,3,6.54,tip
considerations,1,6.02,tip
nur,4,4.78,tip
bis,3,4.9,tip
auf,5,4.56,tip
wenn,2,4.76,tip
enters,5,6.1,tip
sherman,4,5.06,tip
stimulus,5,5.68,tip
domain,2,5.54,tip
nombre,3,5.2,tip
viewers,2,5.86,tip
critics,3,3.8,tip
fingertips,3,5.98,tip
missin,2,3.53,tip
emerged,1,5.68,tip
coffin,14,2.96,tip
enterprises,2,5.68,tip
minnesota,7,5.24,tip
tener,2,5.51,tip
hacer,2,4.96,tip
haiti,2,4.06,tip
satan,12,2.56,tip
perceive,2,5.8,tip
silently,2,5.37,tip
snoop,10,4.48,tip
dogg,10,5.19,tip
prosecutors,1,4.2,tip
betcha,3,5.02,tip
accusations,1,3.16,tip
income,19,7.58,tip
corruption,2,2.14,tip
mg,19,4.88,tip
disturbed,7,3.41,tip
novels,9,6.8,tip
achievement,2,7.58,tip
governments,1,4.62,tip
hostile,27,3.02,tip
witnesses,6,4.78,tip
wel,5,4.78,tip
echoes,3,5.94,tip
towns,7,6.06,tip
cling,2,4.73,tip
radical,7,4.58,tip
defend,10,5.22,tip
principles,1,6.14,tip
skype,3,6.28,tip
missionary,1,5.92,tip
fundamental,4,5.74,tip
founded,14,6.28,tip
berkeley,6,5.2,tip
knw,2,5.14,tip
prey,9,4.18,tip
discipline,4,5.31,tip
doy,2,5.02,tip
lifelong,10,6.72,tip
droppin,4,4.34,tip
investor,2,5.94,tip
reveals,2,5.96,tip
contribute,10,6.5,tip
ini,2,4.64,tip
broker,6,4.56,tip
factors,2,5.14,tip
cornell,4,5.3,tip
sag,4,4.24,tip
agony,3,2.16,tip
offline,5,3.84,tip
verse,6,5.66,tip
sie,2,4.88,tip
melhor,2,4.72,tip
cyrus,5,5.16,tip
plead,3,3.67,tip
decay,7,3.08,tip
grandchildren,10,7.42,tip
possibility,12,6.4,tip
sow,5,5.57,tip
civilian,4,5.64,tip
mathematics,1,5.65,tip
negotiating,7,5.2,tip
glee,3,6.78,tip
distinguish,4,5.88,tip
expressions,5,6.6,tip
ebook,2,5.98,tip
blinded,5,3.37,tip
sleeps,9,6.59,tip
wht,8,4.68,tip
corazon,4,5.62,tip
ooooh,12,6.24,tip
nixon,4,3.92,tip
astray,5,4.16,tip
palestinian,8,4.62,tip
defeat,3,3.2,tip
tweeted,3,5.44,tip
viii,2,5.12,tip
cit,3,4.58,tip
friedman,1,4.84,tip
hypnotized,1,5.14,tip
operative,3,5.58,tip
consensus,7,6.08,tip
clap,7,6.48,tip
interval,4,5.76,tip
whitman,5,5.34,tip
walsh,1,4.98,tip
mich,5,5.1,tip
frederick,2,5.06,tip
goldberg,2,5.2,tip
darkened,3,3.57,tip
sellin,2,4.82,tip
dus,1,4.86,tip
serum,2,5.28,tip
mil,13,5.16,tip
sabe,5,4.92,tip
menos,3,4.94,tip
wounds,2,2.8,tip
yu,20,4.74,tip
manufacturing,3,5.66,tip
generate,2,6.14,tip
gore,8,4.3,tip
correlation,1,5.69,tip
wir,1,4.68,tip
predicted,7,5.48,tip
pursue,4,5.68,tip
weil,2,5.14,tip
sht,2,4.26,tip
infinite,8,6.44,tip
hartford,3,5.22,tip
transferred,19,5.29,tip
programme,1,5.84,tip
deborah,16,5.18,tip
treaty,3,6.22,tip
accustomed,11,5.6,tip
yess,6,5.78,tip
hombre,2,5.04,tip
corporations,2,4.5,tip
inmates,1,3.48,tip
composer,1,6.42,tip
bernstein,6,5.22,tip
proposals,3,6.2,tip
adapted,4,6.0,tip
busta,1,4.44,tip
rudolph,4,6.36,tip
firefox,2,6.34,tip
admiral,10,5.89,tip
constraints,5,4.42,tip
amo,9,4.84,tip
machinery,7,5.54,tip
cuddle,2,7.32,tip
conviction,1,4.1,tip
blessings,7,7.62,tip
clinical,3,4.68,tip
campaigns,1,4.9,tip
regarded,3,5.82,tip
gathered,7,5.98,tip
subsequently,5,5.36,tip
conservatives,1,4.08,tip
criteria,4,5.54,tip
correspondence,4,5.94,tip
heartache,6,2.28,tip
hampshire,2,5.56,tip
literature,3,6.52,tip
verte,1,5.14,tip
bloggers,4,5.5,tip
mundo,6,5.26,tip
downloaded,11,6.3,tip
islam,1,4.68,tip
sou,2,5.02,tip
merrill,4,4.9,tip
ideology,1,5.82,tip
desperation,5,2.7,tip
structural,2,5.73,tip
slut,6,3.57,tip
swollen,8,3.48,tip
editors,2,5.44,tip
objection,1,4.18,tip
obliged,7,4.9,tip
succeeding,1,7.58,tip
productivity,3,7.02,tip
slaves,7,2.06,tip
agora,1,4.66,tip
foundations,1,6.22,tip
conducted,4,5.46,tip
muslims,5,4.3,tip
authorities,6,4.38,tip
settlement,4,5.9,tip
lords,6,5.58,tip
recognition,14,6.54,tip
impose,2,3.9,tip
mirada,1,5.12,tip
wird,2,4.72,tip
footsteps,4,5.5,tip
plea,2,4.08,tip
despise,11,3.54,tip
concluded,4,5.66,tip
render,3,5.18,tip
abortion,3,2.6,tip
emotions,7,6.18,tip
bak,6,4.76,tip
bleeds,4,3.32,tip
reconstruction,5,5.8,tip
sinner,4,3.33,tip
eighth,7,5.06,tip
obedience,2,5.4,tip
mumbai,6,5.58,tip
flushing,14,4.06,tip
pension,4,6.2,tip
democrats,2,5.5,tip
dividends,1,6.14,tip
realised,1,5.82,tip
ei,3,4.71,tip
puttin,4,4.92,tip
wolves,3,4.65,tip
conclude,5,5.92,tip
iranian,5,4.22,tip
pienso,2,4.86,tip
fait,1,5.08,tip
unity,2,6.92,tip
interim,1,4.92,tip
psychological,1,5.22,tip
demands,7,3.98,tip
technologies,3,6.36,tip
followers,3,5.64,tip
sustained,6,5.88,tip
obligations,2,4.71,tip
seo,2,4.86,tip
hughes,7,5.06,tip
wealthy,7,7.14,tip
telecommunications,1,6.1,tip
siegel,7,4.88,tip
boi,19,4.7,tip
endorsed,1,5.74,tip
weet,2,4.92,tip
posse,2,5.28,tip
recovered,5,6.64,tip
initiated,2,6.18,tip
gradually,3,5.8,tip
administrator,2,5.02,tip
hoy,4,5.04,tip
firms,2,5.14,tip
dividend,3,5.9,tip
detection,2,4.81,tip
soviet,2,4.64,tip
martinez,5,5.08,tip
hopeless,5,2.56,tip
hou,1,5.1,tip
sha,5,5.04,tip
juvenile,6,4.36,tip
greene,8,5.36,tip
goed,1,4.76,tip
conclusions,3,5.9,tip
digest,4,5.66,tip
nassau,1,5.32,tip
absorption,2,5.84,tip
determination,1,7.0,tip
netherlands,2,5.98,tip
technological,4,6.28,tip
principle,5,6.0,tip
scars,3,3.32,tip
fled,1,3.98,tip
socialist,2,5.24,tip
yugoslavia,1,5.36,tip
eres,1,4.9,tip
duele,1,4.84,tip
decir,2,4.92,tip
esto,1,4.96,tip
pues,2,4.71,tip
diseases,2,1.88,tip
thugs,8,2.61,tip
bled,7,3.04,tip
brb,2,4.9,tip
radiation,2,3.45,tip
shatter,1,3.42,tip
certainty,1,6.6,tip
thorns,2,3.79,tip
democratic,5,6.32,tip
pelo,1,4.96,tip
tiene,7,5.06,tip
seeks,2,5.68,tip
niente,2,4.76,tip
commissioner,2,5.1,tip
penis,11,5.18,tip
survivors,5,6.66,tip
rewind,2,5.28,tip
comprehend,6,6.1,tip
demonstrated,7,5.7,tip
statistically,1,5.38,tip
philharmonic,2,5.88,tip
feds,1,4.61,tip
edwards,8,4.98,tip
disposition,6,5.31,tip
whos,2,4.8,tip
chronicle,4,5.46,tip
syracuse,1,4.98,tip
gibt,4,4.68,tip
modes,1,5.43,tip
stats,5,5.28,tip
absorbed,3,5.66,tip
breakin,3,4.22,tip
reserves,2,5.52,tip
tek,3,4.76,tip
probable,2,5.98,tip
borne,2,5.24,tip
abnormal,1,3.69,tip
nun,3,5.04,tip
sentiment,4,5.8,tip
deputy,1,4.68,tip
dimensions,3,5.84,tip
statistics,2,5.04,tip
sung,4,6.38,tip
bist,2,4.92,tip
snowed,3,5.62,tip
loneliness,1,2.66,tip
compound,3,5.48,tip
crucial,6,4.52,tip
mechanism,3,5.69,tip
mortal,4,4.29,tip
ey,4,4.92,tip
insecure,3,2.98,tip
clique,2,4.52,tip
deh,1,4.82,tip
stability,2,6.9,tip
crimes,2,2.14,tip
cherished,4,7.28,tip
rehabilitation,2,4.8,tip
principal,4,5.36,tip
goldman,2,5.72,tip
contributing,2,6.38,tip
academic,4,5.96,tip
investigators,1,4.96,tip
lawsuits,3,3.04,tip
calcium,3,6.29,tip
owing,1,4.26,tip
litigation,1,3.44,tip
parameters,1,5.02,tip
salary,6,7.22,tip
vii,2,4.9,tip
vengeance,2,3.24,tip
denying,7,3.74,tip
coalition,1,5.46,tip
thong,2,5.51,tip
vc,6,4.84,tip
behaviors,6,5.51,tip
bein,9,4.94,tip
theoretical,1,5.84,tip
arising,1,5.82,tip
concentration,2,5.85,tip
treasurer,2,6.12,tip
earnings,1,7.52,tip
clergy,1,5.29,tip
penalties,1,2.66,tip
princes,5,6.44,tip
prejudice,14,3.08,tip
elected,2,6.1,tip
upward,2,6.2,tip
essays,2,4.48,tip
episodes,2,5.52,tip
vain,3,3.82,tip
schemes,2,5.08,tip
cruel,9,1.84,tip
conversion,4,5.67,tip
isolation,1,3.14,tip
priests,1,5.51,tip
dha,1,4.78,tip
kimi,4,5.06,tip
nothings,3,3.76,tip
cooperative,5,6.86,tip
validity,2,6.08,tip
tes,1,4.94,tip
morality,2,5.78,tip
dialogue,3,5.98,tip
sama,3,5.02,tip
custody,1,4.36,tip
minneapolis,2,5.1,tip
contributor,3,5.98,tip
ko,5,4.96,tip
callin,2,5.12,tip
agriculture,2,6.5,tip
jou,1,4.94,tip
scientific,2,6.44,tip
nigga,8,3.32,tip
mano,11,5.22,tip
riches,1,7.39,tip
episcopal,3,4.98,tip
prospects,1,6.04,tip
sergeant,1,5.26,tip
reportedly,3,4.94,tip
pst,2,4.82,tip
cooperation,2,6.98,tip
broadcasting,3,5.68,tip
preface,2,5.5,tip
provision,1,5.64,tip
bosnia,1,4.8,tip
algo,7,4.96,tip
tienes,2,4.85,tip
nadie,1,4.86,tip
advocates,3,6.18,tip
ik,6,4.6,tip
slippin,2,4.29,tip
sais,1,5.12,tip
fairfield,7,5.56,tip
donde,3,5.2,tip
otra,3,5.0,tip
eso,4,4.82,tip
estar,1,5.28,tip
saber,2,4.74,tip
estas,1,4.72,tip
defects,2,3.1,tip
specimens,3,5.08,tip
mou,1,4.96,tip
brokerage,2,4.3,tip
lobbying,1,4.4,tip
ludacris,1,4.54,tip
hoffman,1,5.32,tip
rugged,2,5.66,tip
macht,1,4.9,tip
nuh,4,4.7,tip
hypothesis,1,5.72,tip
pon,4,5.24,tip
unconscious,1,3.39,tip
quisiera,1,4.66,tip
todas,1,5.06,tip
underlying,1,4.19,tip
babylon,2,4.98,tip
inherent,2,5.94,tip
armies,2,4.92,tip
allies,3,6.5,tip
hindu,1,5.69,tip
blowin,2,5.56,tip
welt,1,4.04,tip
defendant,1,3.9,tip
throwin,2,4.84,tip
bonds,1,5.2,tip
stimulation,2,6.61,tip
artillery,2,3.88,tip
immigration,2,5.2,tip
petroleum,2,4.28,tip
rearrange,1,5.54,tip
passages,1,5.78,tip
forests,1,7.45,tip
flatbush,1,5.06,tip
pressures,1,3.49,tip
pupils,3,5.76,tip
genes,2,5.64,tip
accumulation,1,5.7,tip
moreover,11,5.2,tip
preceding,2,5.31,tip
bruised,4,2.9,tip
province,1,5.38,tip
wana,3,5.02,tip
societies,1,5.94,tip
raton,1,4.96,tip
photoshop,1,6.06,tip
diagram,1,5.92,tip
deficit,1,3.08,tip
sentences,2,5.59,tip
marjorie,1,5.0,tip
toujours,2,5.24,tip
mes,2,4.92,tip
quel,1,4.94,tip
wrists,1,5.45,tip
sola,2,4.92,tip
levine,5,5.02,tip
detective,2,5.38,tip
governed,1,5.27,tip
cosas,2,5.0,tip
dicen,1,4.67,tip
collide,1,4.04,tip
recuerdo,1,4.86,tip
besos,1,5.59,tip
puede,1,5.06,tip
hab,4,4.84,tip
becker,3,5.0,tip
intellectual,2,6.98,tip
jetzt,1,5.2,tip
kann,5,4.96,tip
spinal,1,4.92,tip
austria,1,5.88,tip
hace,2,4.98,tip
interface,1,5.49,tip
wats,1,4.8,tip
illustrations,2,6.49,tip
cylinder,4,5.41,tip
otro,1,4.81,tip
gangstas,1,3.23,tip
eighteen,2,6.24,tip
salomon,2,5.24,tip
mase,1,4.79,tip
gue,1,4.7,tip
atoms,1,5.5,tip
reorganization,2,5.4,tip
attachment,3,6.06,tip
lik,1,5.02,tip
substances,1,5.24,tip
philosophers,1,5.82,tip
pra,2,4.9,tip
editorial,1,5.34,tip
greenwich,1,5.68,tip
shyt,4,4.4,tip
rss,1,5.04,tip
esteemed,1,6.78,tip
unto,4,5.08,tip
uit,2,4.56,tip
colonies,1,5.46,tip
analyst,2,5.56,tip
classification,1,5.18,tip
realise,1,6.18,tip
ora,3,5.28,tip
sus,6,4.82,tip
fallin,1,4.08,tip
dubai,4,5.54,tip
niggaz,1,2.98,tip
kein,1,4.78,tip
aber,2,4.94,tip
ohne,1,4.94,tip
possessed,2,4.73,tip
wieder,1,4.78,tip
comme,3,4.96,tip
peasants,1,4.62,tip
wie,1,4.86,tip
pimpin,1,4.28,tip
lado,1,5.16,tip
wholesalers,1,5.64,tip
dir,1,4.58,tip
phd,2,6.2,tip
kaufman,1,5.0,tip
nach,1,4.66,tip
snitch,3,3.66,tip
controlling,2,4.42,tip
geen,2,4.83,tip
toi,3,4.9,tip
nearer,1,6.1,tip
tal,2,5.22,tip
flickr,1,5.96,tip
poem,4,6.52,tip
whassup,2,5.41,tip
investigations,2,4.52,tip
puedo,2,5.02,tip
lieutenant,4,5.24,tip
roslyn,2,5.26,tip
sei,1,4.88,tip
momento,2,5.78,tip
conmigo,1,5.1,tip
provinces,1,5.8,tip
noches,1,5.33,tip
conquest,1,5.4,tip
tmrw,3,5.34,tip
jurisdiction,1,5.12,tip
vas,3,4.82,tip
emphasized,1,5.82,tip
sovereign,1,5.88,tip
hearings,1,4.4,tip
manuscript,1,5.75,tip
reductions,1,4.12,tip
defence,1,5.39,tip
standin,1,5.04,tip
erected,1,6.2,tip
lah,2,5.4,tip
larchmont,1,4.96,tip
proceeding,1,6.12,tip
foto,2,5.26,tip
pentagon,1,5.02,tip
dartmouth,1,4.98,tip
nem,3,4.68,tip
relating,1,5.84,tip
currents,2,5.32,tip
hath,1,4.86,tip
linear,2,5.36,tip
sympathies,1,5.06,tip
responsibilities,3,5.49,tip
uncertainty,1,3.64,tip
sentenced,1,3.7,tip
cada,1,5.0,tip
altijd,1,4.62,tip
mij,2,4.98,tip
ideals,1,6.6,tip
tudo,3,4.98,tip
dentro,1,4.88,tip
tem,2,4.76,tip
omitted,1,3.92,tip
dagger,2,3.96,tip
molecular,1,5.55,tip
kathryn,3,5.72,tip
misstated,1,3.46,tip
securities,2,5.38,tip
differential,1,5.1,tip
aunque,1,5.04,tip
financed,2,5.58,tip
fui,1,5.08,tip
exports,1,5.94,tip
secular,1,5.64,tip
ibm,1,5.58,tip
eq,1,4.96,tip
subsidiary,1,4.9,tip
fone,1,4.96,tip
proc,1,4.84,tip
prudential,1,5.26,tip
lyrics,2,6.68,tip
prophet,1,5.84,tip
desktop,1,5.84,tip
ihr,1,4.76,tip
protesters,1,3.8,tip
fck,1,4.26,tip
reuters,1,5.18,tip
ions,1,5.15,tip
weh,1,4.69,tip
listenin,2,5.42,tip
durch,1,4.57,tip
antes,1,4.94,tip
voor,2,4.86,tip
veel,2,4.88,tip
playas,1,5.29,tip
publication,1,5.76,tip
laude,1,5.68,tip
hij,1,5.08,tip
islamic,1,4.66,tip
commands,2,5.0,tip
tiempo,2,5.06,tip
narrative,2,6.16,tip
raps,1,4.65,tip
igual,1,4.88,tip
ahora,1,5.18,tip
creo,1,5.12,tip
taxation,1,3.55,tip
conflicts,1,2.96,tip
ganas,1,5.06,tip
casket,2,3.5,tip
arbitrary,1,4.54,tip
wij,1,4.79,tip
israelis,1,5.14,tip
sphere,1,5.73,tip
outline,1,5.82,tip
nigger,1,2.41,tip
hierarchy,1,5.12,tip
vivo,2,5.8,tip
incidence,1,4.96,tip
tweeting,1,5.36,tip
goodmorning,1,6.68,tip
amar,1,5.19,tip
dolor,1,4.76,tip
juss,1,4.78,tip
asi,1,4.78,tip
betray,1,2.5,tip
mechanisms,1,5.76,tip
fourteen,1,5.86,tip
greenberg,1,5.14,tip
membrane,1,5.0,tip
forgiveness,1,6.84,tip
bij,1,4.8,tip
avatar,1,6.0,tip
montclair,1,4.96,tip
primitive,1,5.06,tip
neediest,1,3.9,tip
komt,1,5.06,tip
mijn,1,4.86,tip
