user_id,business_id,date,compliment_count,text,kind
zDtlVamhGEJ2Rm8xKlmw9g,FWaU544E0DNj3mkjlKif_Q,2013-07-19 02:41:23,0,Best sushi!!,tip
wAgg_B9OQzL8_UF8ozu1eQ,ATFZcrpfXmE-2HZEjXbYYg,2011-09-24 01:10:46,0,Great take out chinese.  They have St Paul sandwich,tip
PNTbcuPX5V81XibwrNzskg,Cvsnu42EAZeia5UJnbKeHA,2011-05-07 19:25:21,0,Jazz fest!!,tip
6C28yKkCoZjCSmv_pXHPYw,hwDDy0E5s81DNLYUnMqitQ,2015-01-06 06:06:40,0,"Baggage claim is in a small trailer where bags are basically thrown in by workers. Make sure you don't have valuables in your checked bags, or make sure to protect them.",tip
spkspIaGx9aj8wsnGOVnqA,WxB8498ejPtHE7wFa89_fA,2013-01-15 00:58:27,0,Chilean Sea Bass is amazing every time!,tip
ktcE-wMdSOWx5fK9f5JQbQ,mHR_A171a7L7sXNyNZjRiA,2015-08-20 06:22:16,0,Working on my swing!,tip
Ruk4y8uGkD58TDtK6rbchA,ijO7s3wtkruqd-rdBZjF_w,2018-09-15 21:21:31,0,Great service and did a great job! Appreciate the extra effort!,tip
iJzj7z26Oqb3x2j7ZYkviw,ywEbOYoi_G4qhmOgKLg55w,2013-04-20 16:53:12,0,Enjoy a love or raw earth pedicure.  Very pampering and reasonably priced.,tip
pWLA1AEoYgXgpnyA14SzTg,gGyqnAlpFrka_qzpO7j4lQ,2011-07-09 20:09:52,0,CP Lee,tip
sYWb2J0sgFyLcBh8y-ynjg,487YGb35SthVkMakBjGnxQ,2015-02-19 17:45:06,0,Feaning!!!!!!!!!!,tip
khgKCA5KbeWFdrfRWQ1MMA,8NSzJSdgt1IMkTdA2Cf65g,2015-07-04 15:21:18,0,It was a very nice and beautiful hotel. Staff was friendly with a B &B feel.,tip
2IIdW6DnOV5uB2hvtvXrkg,BmKCJsV_payJ5ANqC7i85g,2011-09-24 17:06:03,0,Tabouli and fries sandwich. Mmmmmm,tip
c-4gKqV3sSnnDlGJDBjuMg,xq7UnFYQ4ZvLV6j1UKzEzQ,2014-03-24 20:48:40,0,"Patio, live music, chill atmosphere, and awesome food. I'll be back again.",tip
nt1eOOktUCKR6qTgdSq6-g,NHL1c_30iYXvJZcqEo6fwQ,2012-10-30 01:23:39,0,Gotta love Pal's,tip
q_GFJIMAi5NOOB69bLqhSQ,uqavoCUo9hR4JSvoVgj8GA,2020-08-14 00:40:25,0,Didn't give it a chance. The pool tables were closed cuz COVID.,tip
ftRtwXjXATZSmEr1VFecIQ,pWDE_rueENu_f5HKA_AsWw,2016-02-17 17:30:47,0,"Collin, the Goleta store manager is owning it. Beautiful design, atmosphere, and customer experience. Let's not forget, A+++ quality. Keep doing what you're doing French Press!",tip
IprTsK4IdnKOyBS6PGKkkg,ZnWZgEyEbmXxgZUEm3fvkw,2010-01-26 16:47:45,0,Needed pit stop before Nissan meeting. Bathroom out of order. Cupcakes crushed by obscene amount of frosting,tip
EfTREsIEx5ZHd8gnOkLujQ,CfXohcbgJA17osJOwAhQBA,2017-03-24 20:50:00,0,"I am obsessed with their red velvet cupcake, but today I fell in love with the raspberry cheesecake cupcake!! The peanut butter blossom was tasty as well!",tip
YnKfyDwUtze7RYSrnI4jVw,8O35ji_yOMVJmZ6bl96yhQ,2012-06-18 21:34:51,0,Oh TSA....,tip
zYFGMy1_thjMnvQLX6JNBw,PrqnVokpplB1Lt-fkBILTg,2013-06-28 14:15:08,0,Today only cookie $1 each no limit,tip
5gT1R-EthZ3eGsrP8r79dg,JXXjN3mw4zKdBTpRtVQKcg,2012-08-12 03:06:17,0,"Recent take-out order was a very good chicken cheese steak with mushrooms, roll was still soft and fresh at 7:00 pm, and a classic Italian with sharp provolone and prosciutto ... Delicious",tip
ASNzOPFSIyQ08NTByGn6hw,f1zE18e1miasvAs65UogFQ,2017-08-24 19:05:37,0,Simply Excellent experience!!,tip
aSDEKHyiDsVvPJAWBgWGKA,lOZxgiTD0KBCaECdL1eWHA,2018-12-15 05:25:05,0,Their veggie burger patties are Match (i.e. locally produced)!,tip
Q37HuTy7S4cNi7evZ6ATVg,6gCQvovXf3wmrfwuTyeLlQ,2015-05-19 17:55:10,0,Yummy!! I will be taking some friends who will be visiting this weekend. So excited.,tip
hjyO6kdoXDa3ACCCXnnxyA,VRbgrqNCR5914pV-KWBwYQ,2016-12-21 17:26:41,0,Amazing value for impeccable premium cut with great attention to detail.,tip
sZ-NNoBRm9T3fD7-IEitvQ,ZDdNEwBENLXBT3jjQD5STQ,2012-12-14 18:24:24,0,Few seats but so worth it!,tip
cfNUQS5W8yjuHg_DqE2P6Q,Sw7qcWQ5_iOUjBZMhSxyOQ,2011-07-15 17:20:50,0,Love the rustic dining room!,tip
glwcK1VMaZGat5nKS9DZ-w,eLrLn5vr05GEOhJgREUpmw,2016-10-07 14:59:54,0,Great ice cream!,tip
9PiNFHTFxEuBuW0hf-wqJA,dBRvtW3viFzmEq-eJsFy-g,2017-07-25 01:12:06,0,"Absolutely delicious  
So excited to have this restaraunt in the area!!",tip
yJkVxqYKqMgiS5k-pTmfkQ,v264RTsTSNmHiQ8RYuWZJQ,2015-05-17 17:30:52,0,Great Food!  Very Clean.  Watch Chef prepare Food.  Generous portions.,tip
K9hgO8sDYsu2Yxm0Oigg7Q,PY9GRfzr4nTZeINf346QOw,2011-10-27 02:19:06,0,Roulette!,tip
0G-QF457q_0Z_jKqh6xWiA,q4J6N6W6TrMXbtBAdTPZew,2013-02-04 17:12:07,0,Sublime courtyard seating... But be sure and make reservations if you want to sit there...,tip
LR4cwvqDV-W0jsO1OqHBpA,UwoXULD48jEfZjBlc4xGzA,2011-03-16 18:06:33,0,Awesome so far! Great service! Chips and salsa are yummy!,tip
4ON5vnotC-D5mLwwqkYK6w,q4AxwoWQs6rk2nkWJuYZIA,2020-03-01 22:08:01,0,Bomb!,tip
xWmYN57XXZbg0LOK8WbbFQ,Ei5HBqe012ImhqEr2ZH2gg,2019-06-03 20:08:28,0,Great day for a pie! Monday special,tip
qL0LLqIipzbzdCPEBVi8Og,vB6RTjuDxOlfh6xWegVt0w,2012-06-29 02:34:43,0,Awesome place just if u come here after 9:00 pm there is a very limited menu which is very unfortunate if u wanted some pasta but other than that pretty decent,tip
UJJFLUq9PY8uzzM0-9kiiQ,HNMN7NhEvA64Z0FDEA2Twg,2015-06-20 20:27:31,0,Good spot if you're in a hurry!,tip
7tODwhb1OeCOcU9mpuuBZQ,UQMUtySn2q9cSObiw5UVsw,2010-12-29 02:24:46,0,Great place for comfort food,tip
9JbcbZ4WlVxr9xnfu1sI3g,aM3gFY8Eq2KJuvNBlGPJEA,2012-03-27 03:27:01,0,Vegan food prices are better than Schnucks.,tip
1ypK74Sr0QmsJ8IZG8v0cQ,6x6rR-SErwOo3xF2AzXVHA,2011-07-15 23:34:08,0,Seeing Clerks under the stars at the IMA Summer Nights series. Perfect weather and wine... Perfect night!,tip
GwWMy_oLgVLHgIHxkYHp6A,NCzKKh6npVeq-AvlJnGh3w,2018-12-05 00:08:09,0,Always good service and good quality food,tip
1L-CT-WlFvy374ifjJF40A,97SR7RQPL02t5J41UcZ4SQ,2015-10-31 15:46:15,0,Cold pizza and I live a block away.,tip
sleT_f1YeYOkRVx6YXYpSw,zOUJMkPQ_TCY9lb9pDNrbA,2011-03-10 00:23:21,0,Chicken tortilla soup is great!,tip
rpUOaLv_7QkDeFQSZMZhOg,OGxVv39sAZ9SI0sDkt0zbQ,2011-12-20 23:16:06,0,Big Fun...Not!,tip
1TV-7yclhxvz1YjMEXceng,FKgkGKRJYppEGCYuK_DOGg,2013-05-25 02:14:19,0,"After four visits, I have to say the bartenders all are exceptional!  Their knowledge of beer is exceptional!",tip
h1AFskwV40pcYdFoEHqYYQ,Go-vuNoQ64pojSRJ580SJQ,2013-12-12 05:08:12,0,Live music here!,tip
MZ1ENDsMhhwCCoF_gTXlYw,ZY2feSm2sc5nTXYHnKpMGQ,2015-03-20 00:05:57,0,Great happy hour specials on local beers...1/2 off!  Good deals on food too.,tip
V8OkGmXpfw845R_e-Q_FZw,vHs6BbGfm1O55iea5DsXTQ,2015-10-01 02:56:17,0,Excellent food excellent service I plan to become a regular,tip
lAW03ccfMEuRZiDqvVgc0w,My63Hd5kYboH73VNS09YFg,2014-09-15 02:55:32,0,They have flowering tea!,tip
njcXFGqIuSp-_joP42MhxA,JWqbjm0wtbbciu_Gb6Eqyw,2011-03-26 17:05:16,0,Corned beef bites...review to follow...,tip
CYtKqfxO78q8MN6HX2JnDg,QpyvUColtSYH5VtkcrN6Xw,2018-06-16 11:09:23,0,"Diners, Drive-ins, and Dives",tip
hYPVPwbAdcaPeqJ2N_PAcA,wLV_IZfy6nrNbplZ5sHJKQ,2012-04-05 19:01:24,0,Gluten Free Pizza & Gluten Free Beer here,tip
2IA1Wc_dfwIlI5kWlgss2Q,UxtQd1lQ96W49oMaVVFunA,2013-08-09 16:27:33,0,"I study here a lot. They do not have wifi. You can access the hotel lobby network from only one table and it is very unreliable! But, that makes me more productive. So I keep coming back!",tip
b0hSrmGEWxI7SkB4LtAb8Q,snUVnBq0zDHyDAk8oKxqxw,2011-12-19 16:42:41,0,Taco Tuesday. 25 cents,tip
roGoHGWTkYrerml4wr6Wmg,JSy4YZ0HkvMOohyGMIrPNQ,2016-08-27 03:36:35,0,Real deal Mexican food. Do it. Do it now!,tip
KOkUVkUtD5dnrTE0mlv1Gg,ruE_DRE6fTIE6who59hdfQ,2018-06-08 23:22:25,0,Great food and service.  The  flaming cheese is awesome. Shevelle ROCKS !!,tip
O4CBAPwJQ_43KbqArpFxpQ,OdIBX09glfXNVSyd0RnIeg,2013-10-10 17:22:10,0,Third time here (first visit was in Jan 2001). Very disappointing experience :(.,tip
80TPhV1T453sMh5gicGdog,ToXXzuswqzq1gRq1wbFdiQ,2013-06-15 23:06:56,0,Philadium then the stadium,tip
OUx0QajMp3-Zf_5cKzVKug,g7WfbAnXnMVXVNcc0SBM3A,2011-04-14 20:37:49,0,"Great sale on NUUN active hydration tabs.... As usual great sales on everything. Quick process, friendly staff. Thanks!",tip
tW1WRy50Eb7nNiogQMIjbA,iwmW2mgcn2YdirXUHCsgXQ,2017-03-17 00:50:30,0,"Great Oysters, awesome Bourbon choices, friendly service, no line to get in.",tip
S8PKoMOb8tZV62v3KWamSw,ZErw_GdF6YdQS18OUrVZTw,2012-12-21 02:50:44,0,"If ordering mashed potatoes as a side for a child, ask that they lightly season them. One six year old did not like the ""fancy"" potatoes.",tip
u3lFdzo8bvtGxXZGegbuow,atZ_olNKXOG4rEr6mccN8g,2017-08-24 17:01:16,0,Great donuts. Must try if visiting town.,tip
xzDN9xMvkwnka2aC6mguxw,JFq-C0k28iKmWdJRWA6RDg,2013-02-10 15:06:41,0,Avoid this place like the plague. Sketchy people and stupid doormen. It's never a good time,tip
U9OfVAE9XAT0VwvgHDftFQ,RwOV1rfT7vA1qw8vgf-yBA,2011-03-26 18:35:59,0,"They don't have Dew in a can, only draft.",tip
vTWyb3WgKHZk4EnLsZfrBg,Fy1fQN9A5q7VXUHMdDttZw,2011-02-24 17:30:11,0,Anywhere that has a diet soda selection besides coke or pepsi is ok in my book.,tip
JLFVs5GbtFJrrG5UVW0bOg,J2Jl-zmU7bjKsc9JZ65c-Q,2012-12-24 17:14:02,0,Waiting for hot bagels right outta the oven,tip
WwaO4ziW19HnXRJQB7eiag,XwElaqpvIW70qJVCqpVubw,2020-02-15 23:09:15,0,Valet parking in front of restaurant is free,tip
yBqqg37Y3cZcJ1f6bvlNEA,itGrB95ZAPW5LaWxsLNy4g,2012-04-01 08:15:28,0,Rude and lame,tip
V2H3tM27uWHBy0N9YXh1sA,oZ9DSo4FCPcxE0bjgPRk5A,2013-08-21 15:54:57,0,"Always bring cash. They accept credit cards for services, but only cash for tips.",tip
0R73tj15KQ07jkxpt-kg3Q,7sNKCi0aCm8_q5I1gb67ig,2014-05-25 00:05:33,0,"We had a reservation and had to wait for 30 minutes.
No one offered a complimentary drink let's see how dinner is.",tip
4KBbXw57zooWdQrksUSaGg,aI3B47Y_AUYFP5K5JAYrlA,2019-03-04 22:48:19,0,Excellent!!,tip
I4hf2x_Iq4gC_AirrTO1fA,e3Y3hDpwHc9RmQlJtIgHuw,2013-08-02 21:58:06,0,Best restaurant in Philly.,tip
QOVyUmxWv3n48jyedtS9IA,60PRpOidld9weYzjWwlMaQ,2013-01-27 19:29:54,0,Amazing glutenfee pancakes... right im the middle of the farmers market,tip
FXW16a1QddonpF-h3NtxPg,0RmN5d21noHAkiDYL0j5Xw,2013-03-07 23:16:41,0,Roast Pork is a must.,tip
BFThwUDHpdq1QUcAb8Zp6Q,xfSI7F7QjHqWLvUnF7Gp5Q,2019-10-22 01:38:25,0,Uncle bills,tip
MsROcCWkGQ9pkx9kzzVfcg,nB0dV8yPv29F3-CFMPG8cw,2016-06-12 04:16:50,0,So sock,tip
ytVmlzPyRTMyhtjKTxJb7g,HuawlT4tXzCXL8ftyvCZ0Q,2016-02-24 14:21:16,0,Great Father's Day brunch,tip
eEVD5d1l4X24DvQOZC_z4A,eIlQ3sogFgBsLObvrYbYLg,2019-08-15 14:05:09,0,Yummy !! Always good food here,tip
IR_IU12_6fQNRt7CqsH0lw,fN17POyxijqDNBBe2UGZkA,2015-04-20 00:45:08,0,"Excellent service, the food was fantastic and the portions were impressive.",tip
J9h4-AG2a_TQzUj6vm0o4w,woAHqun9kl4U6HuJUeRqCw,2011-06-01 16:59:33,0,"Got my order wrong, but overall good cheesesteaks.",tip
1Dedik6TZMv2PPp6qQ0TrQ,Et2yOijYQbWyR-mE0-z40w,2017-12-01 02:57:09,0,"Some of their happy hour items(3-6PM): select nigiri for .99 cents, select specialty dishes for $6, and 25% off rolls $9 & under",tip
7dnh9OrD8LekBwvachGH5Q,Eb1XmmLWyt_way5NNZ7-Pw,2014-07-05 00:00:39,0,Looks dated.,tip
PSUX5GHMHgfUWA_rIvdCeA,V_-Z5oVPM37sycnxpWHHsA,2017-07-02 19:22:21,0,Tried to call local number # been disconnected,tip
6BZMGaiBMQSZ639VfjbVaA,B_q2xoAgTyn6U4YNEc3kSw,2017-02-26 19:42:31,0,Yelp says weekends open at 11:30.... they open at 11!!!,tip
YK3Hg_GOKlf0RMFr6edRbA,VblfPP6EwV70ldrztBHA1A,2021-09-26 20:53:55,0,I from Chicago so did like hot,tip
b6eI8LlOkCJTjIjWA9RgWg,McQo2QJGt1BI9oPu6KLDjg,2014-03-10 17:57:42,0,Go on a Tuesday. You'll still have access to their weekend shipments of food without the crazy weekend crowd.,tip
NITZViTUDL5K6nruYrrHUg,aREOVt958pzJsuNmX1-LUQ,2016-11-03 22:30:12,0,Always at least consider the daily special,tip
2-emzYMEFFSOcEBF6B-0NQ,vR9SKMvXCXyrl6u5ouWHBQ,2016-09-10 02:09:20,0,Call ahead,tip
YUj2Yuoasug41TP1c5W57Q,2MHNvEPEGxvBxZLXM5ESpg,2015-01-03 04:00:58,0,Really good! This was my first time here and I loved it. Some good veg options too.,tip
3Zx7qIUyb01edjkRB0rsOA,mAgjr6kjRqCFk8JWPvobuw,2017-08-13 06:35:46,0,I wish I had a dance place this amazing at home,tip
VruFXpOdgzrW-ZGElGcVPA,V83KkmOgTx_h1LDA_A1kow,2013-04-22 02:24:24,0,Best Korean Restaurant in town !!,tip
sLgekUp1uedWpnDsztvkVw,xfSI7F7QjHqWLvUnF7Gp5Q,2018-03-01 22:45:13,0,Picking up my husband favorite!,tip
tQ6HM9ldSsYbuPugPUr-gw,I0gSLthWBsiUPzBft_CZ9Q,2013-03-25 21:27:37,0,Go Dave go,tip
fCvMnJU1Z-XhAjKg99wK3Q,6lsloi10XeIajKJq2zgXcA,2017-12-06 01:06:03,0,Next to Target and McDonald's.,tip
XGDWVXtB8p6rKhJEG0S_zg,pZRjFyceo_pa8vQo3oLXlw,2020-03-05 01:13:22,0,"Cooked 2 perfection, either soft or crispy 2 ur order",tip
b_1LJQVNVO0ksCeWsEzRsg,oXv6OBcegYxmqs_PxOSE-Q,2017-06-04 18:56:17,0,Now open!,tip
U-ikfvFUfFr-tS3H9jEYDg,YC0XzFrdF30HBOTqBJtkpw,2019-09-14 01:17:43,0,Awesome place,tip
w4e1cRVhg0SuYkzC5vFEWw,tD9g9w8lGhNzZaSDTIuAOQ,2016-12-10 00:52:59,0,Great bakery!  Excellent service! Excellent prices.  Just try it!,tip
yR4FDrB2l-2vydIpfyf_KQ,cloi_zE-fpv6p9B5zvxwJA,2018-06-12 19:06:56,0,The best Tijuana flats ever. Service is spectacular. Definitely coming back!,tip
cWJUdC80jRTPH2ZzGdVFKQ,snNbJG8JYbpe8H5xsHjn_Q,2013-06-05 17:48:11,0,do not trust these crooks,tip
st-HcTLPF3hR6TXATb9DqQ,GtWSpGm3-si4ejOJu07dHg,2014-03-04 02:21:24,0,Do call ahead seating,tip
Xb_fWQm_B4w0W4UW2qST2Q,jthFlNFReZpGpojvab3zvQ,2012-09-08 18:45:00,0,Temporarily closed for storm damage,tip
Q4kUwPM6QzCYH5gT3EdnBg,99dN-202N0EzRqdaOA_eRQ,2015-04-27 19:58:18,0,Don't eat here -- it is below bad food- not a good experience!!,tip
ONDeCBk6FWXcr7iohegn-w,I_mCFePUG2MGuH-zuws7bA,2015-02-26 02:30:38,0,Absolutely love this place. The food and services are always great.,tip
mteJOlja359dj7XYQnKzCg,T9C1od-JorSPXwXgzSqM9Q,2011-03-20 19:06:13,0,Julie really loves Chinese food,tip
jufYpRNwn7Sx7l3AqUQP8Q,-3IOd5YntpkbK6RwT3HYtA,2012-06-20 15:52:09,0,breakfast..the doughnuts are amazing!!,tip
idCKVzdPJmXQwTDdymsgbg,Kybc9ifWDfLGUt7QObEFVQ,2015-02-23 19:58:05,0,Great service! Cute place.,tip
TR7ezcRznfr1Jif7euZZJg,0R2yKDNMUztQwgo8pG4z-Q,2012-07-14 23:04:27,0,Beer time!,tip
G-l9ihg3sRAiGTuZLDmJTQ,9oJ4iFxQGyEDoaOSALgTqw,2014-04-27 05:19:18,0,Ballrooms are great for school prom.,tip
BQtlZs4Hb4xxze8zIREklA,KzaDjVvbAB7589sdmRQD-g,2013-11-19 19:35:25,0,Low prices,tip
xWmYN57XXZbg0LOK8WbbFQ,x3pTbsABLypwEoTdwQOmSg,2018-05-29 20:21:11,0,Great lunch specials! Javier Iram martha. Josie Jessica all helpful & friendly . Great beans!,tip
FlXBpK_YZxLo27jcMdII1w,dgGuvdysSuWOv2dKqZTbVA,2019-05-21 01:12:41,0,This place is a god damn dumpster fire.,tip
NIHzA7bMSlcfqNrm0hcdPQ,XCJ8N1GrV9Gdgbyp1U05NQ,2016-06-29 22:44:11,0,Yuk,tip
z8nAgYvuhWrN7NObrAMmkQ,UEgiQRvpAeaq-QyEvm7Ysw,2016-07-14 23:22:42,0,"Awesome locally owned pizza shop. Pizza is custom made, healthy, and tastes great!",tip
Ht1OROATWNP9u_KyY_Sn3Q,Un-UDVOuv1co3TMmGaumxA,2016-05-22 20:13:02,0,"Great place to sit by the sea. Food is mediocre. 
NEEDS WIFI!",tip
qkhhxuDHG5aeqv_wuC4yqA,Hi2ADMI1_BEahkXRP4lcjg,2018-06-23 21:41:00,0,"They give us a lot of grilled , charred vegetables and we love it.",tip
4S9uOcpTMDbdjl8t8HF5bg,7CRox7xpb3vNCEe7FZ6zgA,2013-10-12 13:02:39,0,"Love this place
Great cocktails 
Homemade pimento cheese",tip
EkIIFm2zmqloYWXRHbwwqw,3QX-uEjH5BBhFiRZn1TbuA,2017-02-04 05:25:18,0,This upstairs bartender is pouring the drinks STRONG!,tip
jZI6ZsisMlshTnNhYzmZFg,JjmmSW_QQh2Db4fuIEMATA,2013-06-17 17:48:19,0,Delicious pizza and salad! We had the marinara pizza and a caesar salad. Best pizza in SB!!!,tip
76nUWitfnhqfpCZvdy7Wfg,EbmndUffLAYfJBsO2iu8cQ,2014-11-11 05:27:33,0,Terrible Music...Horrible customer service.,tip
DUO42hDRD6kghTm3cdlvBQ,ii8dw3vTRecmP_iOiaP0Hg,2015-03-18 01:35:43,0,First time and it was absolutely delicious. Generous portions and so very tasty!,tip
CfX4sTIFFNaRchNswqhVfg,JO76ifyAiBiRPNx_3S0jNQ,2014-09-24 02:10:46,0,Dollar taco night is now worth it you have to wait an hour before you can get your food. Another lost leader.,tip
4iRGLZ0pbCgI9zUefSlOiA,kMfWeZIv6g5J1VoBZ_ip4g,2016-06-23 13:37:16,0,"Great daily specials before 11am. 2 eggs (3rd free if you want it), home fries, scrapple and toast with coffee with coffee for $5.25!",tip
ctw84R9GymvD941289aPUw,8ueey6KW9crymWsjjFLr8w,2013-09-16 20:14:31,0,Great pizza and good prices,tip
76yLtg2naTk_9RDUvrvjJw,WdW_rka38TeVxhh2F3nBew,2017-12-17 19:08:02,0,Bartender very unfriendly,tip
M1Y8j84gpN7QrnQVphNwcw,QaOTMn7BVBx3xXrjRlVnCw,2011-04-19 22:57:43,0,Game on.,tip
iUtXel4T_Z-ozOi0IY0aEg,xzAZzaKaNZ2vA-DwYfSC4w,2017-08-19 04:13:41,0,Took way to long to get a drink.,tip
RkmOFFHv1vharP_8ARd-Qg,RQAF6a0akMiot5lZZnMNNw,2018-03-15 23:44:17,0,Despite the long lines it's my one and only cheesesteak spot!,tip
HrJTQ8b5rEA3vF77rfAxFg,-fJPJP7iOd1ukDNqTSINIg,2019-06-11 14:48:08,0,"I got the crawfish etoufee omelette (special). It's like a seafood stew. This is more what I'm used to. Some places make a fancy creole crawfish sauce with puréed crawfish and cream, very meaty, but I prefer this crawfish etoufee omelette. I think I can taste the crawfish better.",tip
AHRrG3T1gJpHvtpZ-K0G_g,ipZ7neK1bjBAUrCqyCvB_Q,2013-02-20 15:01:30,0,"Sample the cheese before buying, if you wish.",tip
Q0P-3ef8RsveHuEXLCL1IQ,Kav5nlReVbPgQf7IfC5oLA,2012-12-05 22:55:35,0,Amazing whiskey burger.,tip
tYJkDdqOS2XCexBsh0otRQ,V7Sz11o1G5t-tjFXCkfZjw,2013-09-19 08:33:01,0,Get your shit together!,tip
TGEY6VchAS4lRGr8Ax3ioA,VeIrgRMOK_0ZToziUd2kUA,2013-10-25 03:15:21,0,2 words: Franceschi House,tip
Sos59bCqRG8sTypgDABfLA,muCcZUa3QVbPx5dcEZg5MQ,2011-11-23 00:13:43,0,Great savings when u use your Thorntons card.,tip
HYezVYcxN50_AQO2mgzI5A,rmHgqdVkLsGN2byesWRo0w,2017-11-04 20:12:12,0,Reported to be replaced by new owners with new name to business.,tip
RkMYv2VC8fTtekd2sl1KHA,9dGzGbNKLMP0_wOqI5GffQ,2014-02-23 19:53:53,0,Authentic delicious well seasoned food!,tip
RafpiQ0Wr8JVodI6_K_DRA,3iurzfBCPPA_T5ErfhdjTw,2021-06-08 15:44:59,0,Wont go back. Ever.,tip
KGLvCZ74fK_EBWHNUI0bWg,Sp-2atjgonSae3CAlsoCcQ,2016-07-12 21:49:03,0,Dusk till dawn,tip
z1N1NgblXq1pJiq-_iiOKQ,QUxFneps0qX5S8XpEUnazg,2011-05-05 23:01:03,0,No idea why locals love this place; HORRIFIC.,tip
MRjjLHJiDhFwvFFsTQFgXw,Pcyx4NFLTKRF5bdynKI9Pg,2016-06-22 15:07:16,0,Great food and employees!,tip
JOrDiXIgpb0sjtd7Cr3CdA,c8rjE6NcfeyzLB_aU1GdMA,2013-03-22 17:11:36,0,Sam Adams summer ale. Getting summer started!!!!,tip
Rh9rsw9SFSsli7fTrHg0kw,mFdcvwmYS-m1eHIonnTQyQ,2010-11-12 01:27:07,0,Pretty busy for a Thursday night. Duck empanadas!!!,tip
iipaDtoA1zHFkbAF3Gn5Rg,fLk_N8vU25DNZmbU-70gkw,2016-02-24 21:45:26,0,Nice patio,tip
WHuuz1Xm8zkrUl8fAd31Eg,Gku9f-9PKkYqLhPGgD1WGA,2019-11-26 03:25:43,0,"Monday's they have a Hamburger special. Any burger on the menu is $7.99 and the fries are endless!!! Also each month they have $1 drink specials...not cheating, these drinks are strong!! This month it is Vodka cran-lemonade (10 Oz)",tip
8zGqOQYO6HlFXHNCAYDrtw,uYMVRPYEqpmVXWN2xOs5KQ,2019-02-28 00:55:16,0,Over crowed and horrible service,tip
ikaBIGV31VZd1ipFBALORw,iEZLW_n-dsDaHJ1GMoDe_A,2015-05-13 02:58:48,0,"Been here a few times. Great food, lots to choose from and taste great!!",tip
jLMFA7sRxnnmfCuL-8L0MA,SZU9c8V2GuREDN5KgyHFJw,2010-12-05 20:35:03,0,Trying the rock crab!,tip
qQWO6K71n5KmS50YN-DLSw,zxhnAX3MP-DbZF_yG5Jyvw,2014-07-01 22:33:47,0,The ground beef nachos are awesome! Seasoned so good!,tip
001zZJO-P1LgqnAswGlK9A,ft6I8fOrKQtVdM_trVXk8A,2011-11-08 13:47:11,0,Delicious rolls! You can see they opened ASAP give them a chance! I wish them all the luck!,tip
nUcbX0BFFF3ZboUTC4f8PQ,mVH_1mDS53jCWsvww4IX6w,2015-10-23 19:47:40,0,"This was so delicious. Mom and pop, good food, good coffee.",tip
27_1pIbcOt8LS7gYbruMMQ,kxxexMsFL4xJLIafhXXFlw,2011-09-05 18:53:56,0,Eggs Benedict!! Yummy!!!,tip
z5JZMH_CBu2XFDi1La0ERg,RQWQ7FbKYpmirpi6OyIHcg,2011-01-28 02:19:21,0,best record store i've been to in quite sometime!,tip
A1wbOetCB-E6Om4WuLJS4Q,bSgnLV5MkJycHpv6l5cnNA,2013-07-03 23:12:38,0,Smoothie,tip
wc6shzqAuV0pmczk9sPYaA,kczxjw-xnN-Yg4XU2ELvHg,2011-07-08 23:58:48,0,Comics on the front table are just $1,tip
O-goMVLTkgUC986PFnMCWQ,3RJbZk_yDY7D62Xt9t88IA,2016-12-09 02:55:44,0,The food was great and the serving sizes were big. Definitely worth the money!,tip
7sHFLUWIKedF7_AUVul-Uw,6VQ1UhrwqRPkO1Bt4bbxlg,2016-02-28 00:23:28,0,Eat. Energize.,tip
Cs6mC9kO8LvpJSUoedrFlA,nwVZnjRDhUrFo1kGahLIZQ,2015-06-27 00:50:29,0,Great service.,tip
-doYBxcOjqWkUcPjc29otg,NKttgdF-YJn8TPUry_IqMg,2019-11-05 23:05:15,0,My favorite bank on the West Bank,tip
br3PidqAbd9uAD8fTueTtA,jL251AHFcygyUEfAAF3h2Q,2014-07-14 20:32:22,0,They are adding a juice bar. Right now they have some prepared ones in the cold case but will soon make custom blends to-order.,tip
0N94jayTXpIx0qRwKXov1Q,zJmp_J8SUNosLxk6borpFg,2015-03-15 18:39:36,0,Got the taco sampler platter soooooo good,tip
hRWYO7jcmFDCWDrfPyG0kA,HpZg0rUO1ne7Uz3UhpdS4Q,2012-06-11 22:03:22,0,"oh i love this bakery so much! everything is fresh and delish! the cakes & pastries are heavenly,the breads are tasty...a little bit on the pricey side but its all worth it!",tip
QIHkURptq66m2d9NB0GLaQ,amM_bZbgZjoxXc2SVNQskQ,2021-05-16 19:22:53,0,So yummy!!! Great new sandwich shop in Reno!!!,tip
CqQEtaHtXGY-sFu6hGuEBA,OOVV2JjUjkZUlsEh7q5DCQ,2012-04-05 20:53:58,0,In bloom.,tip
Anx6fA6jHXmLS7oaUFXJcw,PsHzOS-Jao5CpRl5LKfvIg,2012-03-01 17:56:07,0,Top of the line mtn bike rentals,tip
UHgbOVWj4xHAMzmB6qiFbg,2N97axWHko3rzyzOGCxxBA,2014-09-01 17:32:10,0,Great atmosphere,tip
_zeiBNtH-8o5H7F9HnUA4g,KnINy50lEEU1GIVC3nPF8Q,2012-04-01 02:31:28,0,Order Fries well done,tip
A6POledz2j4k1ke96IBKlw,l_7TW_Ix58-QvhQgpJi_Xw,2016-02-04 03:19:30,0,Friendly staff. Very professional. Gorgeous tan. Best in the city!,tip
BxGsg38zbL--4U9BPnWY2w,JADV6qSHhOGRqpS_7341Sw,2015-02-06 21:01:50,0,Come in and ask for Olivia! She's the best,tip
ZXicPLr71RTbzFon1CqVNw,PzqwENhkS_x5Czwn-dV6fQ,2016-03-27 11:42:46,0,"Locals avoid this stale, overpriced relic.  Very poor quality cocktails, and service, especially for the $20/cocktail price.",tip
dI-iDPVEi4vLHX21GtZH6w,pAZWpwDFOR2mFUfOIFAG7w,2021-01-07 11:42:45,0,Owners are Trump supporters,tip
0Mfbg25hZkoCmOSTuD7FCA,maVF1aq5M469P41B1GF3Wg,2016-01-14 23:41:33,0,Love the atmosphere.,tip
LNEyUWtTpvvMhp9KssJPIg,FMCSWZhN48YXiASbWFdSEQ,2017-07-16 23:53:19,0,Sunday's they have 50 cent boneless wings! Sunny is a awesome bartender!,tip
lSA0wc9EnIndn5F3Q6RNmw,HAAX0dISoK7SqilT74zC8A,2018-04-10 23:43:54,0,Great place to shop for tile,tip
S_dSfDZEn1r99tbxgkvpFw,MZssFQddj218X-68N5XwaA,2019-03-09 16:54:45,0,Good breakfast and good coffee,tip
RyXJBGVlWlGAMPwMswY9Bg,EYh3aE3mqmQ3k9Laznc58A,2017-05-06 19:46:26,0,Just called to ask if something was in stock.The guy slammed the phone down after i said thank you for your help u appreciate it lmao .What an ahole.,tip
py5Mf87WjNUTnTTdADPnmA,aVslIwCbkM8zEKcJ_c9qIg,2011-07-27 23:01:21,0,Try the Milkshakes with a grown up twist.,tip
QE6Gw2n55WVmcoXXBNN_yw,8uF-bhJFgT4Tn6DTb27viA,2017-05-14 00:59:59,0,Overrated. Pricey and pricey for small portions. Awful. Never again.,tip
zOQWfbCH1V9YMGX6FGPdzA,U897DhJaaa3qyr1PVjxfWQ,2013-10-31 05:15:16,0,Good stuff!,tip
6OdkTpvrXL9WrqnHXaBMNA,wfap_JWjCRLdJbjSNWrdVw,2011-03-29 16:29:32,0,Pens!,tip
PT2kDWAaJ7Hubcgun5-nAA,5K32Jy_YwW300mAdYK_Zdg,2016-01-01 20:51:27,0,Smoothies and pho,tip
pE3IaLoSN8A39PA7GCZcRQ,HLgSc9Dq-7QltQ-9ZtWpFw,2011-12-15 03:24:04,0,The Invitational! Enter the portal!,tip
9-dNgTj4AYW-1c4zDHGjew,2nUzpVFZVyGoD-RVhz-1KA,2014-04-10 23:40:10,0,Have you had your five star today? Get you some already !,tip
uCAtWdcGvNDkJUxqBk8OBA,vEgKBcuZxPsaExMXBP0SgQ,2011-05-06 21:04:44,0,My favorite place for vegan cheesesteaks.,tip
kLpFct8NWGTsPa3kS48A9g,56M2bwaaSzcmzr2dyEfYQw,2011-04-25 16:40:52,0,Leaving town for a while.  Last meal....Adriana's,tip
eoQT3NFVQZKRgwuv1ardZw,e5fCI12X_GLCST668S4ROA,2011-10-04 17:23:48,0,Outstanding Bloody Marys. The jazz brunch in the courtyard is an oasis within the Quarter.,tip
oJvlQky3JDRNRilqcRCgrA,N_7nJa49ueh_0vPDRP3Jew,2018-07-19 01:55:44,0,Amazing food and amazing service,tip
tNt6DAC6FtRivt0oHvDliw,pYP_dZ0Gf6WNms6OZzx3Qw,2014-03-31 03:18:14,0,"I thought that I had found my favorite restaurant but Friday night about 10: pm c. t. I ordered one tripe sandwich and two peach cobblers my usual, my tripe sandwich was burned, too crispy and both of my peach cobblers were burned. I guess I will go before 8:00 pm c. t.",tip
GJqrc-E7kTaP9ct4NFeWqw,S7tZmvSqrpH18cDE_fwVgA,2016-07-16 17:59:51,0,Love statue is now located across from the TD Bank and the Masonic temple!,tip
3v2PxCFZaGA-aj7SW2qoyg,0b4ajSrUwKdA7C5VNzQPwQ,2015-05-03 08:55:23,0,"CJ did a great job at Indy Airport.

Great service",tip
b7WeBJjMDtAFzsSKhyO-Xw,gwxNttwUgmOn3vsHYe0pDQ,2013-01-08 18:30:28,0,"No AMEX, Mexican Chocolate Cookie is awesome if you like chocolate with a kick, great espresso.",tip
vHfMpo4lr9gSZyUqSZJyjA,bDwAOwlB-HkOqvSfHumfng,2017-07-09 01:25:43,0,Great donuts. Enjoyed every bite. Fun to watch them being made.,tip
ZbfV0l0h3MfrfuVmbIlJUA,AFTMAbflXJFcxlWslSEYCg,2016-06-09 04:01:49,0,Easy to access campus. Loads of area housing. Excellent access to all the happenings on Oak and Freret.,tip
8pYGe9IKNHcbuj6NDgrqeQ,ZQ__SQWhaBSofIKj33GAdw,2011-08-09 15:46:43,0,Pool is the size of a king size bed.  Bring key card to get ice.,tip
tcFasps6SiAzTVYreU6kBw,qdUx7wxwnT80MkaqGCTfSQ,2011-03-30 19:37:46,0,Love this place! Matzo Ball Soup and potato kinishes! Yum!,tip
kGTqhNvJ2I-Rk1SkBWBSkw,1Bz35Rxa9CiE7PiOSDpnTA,2014-06-07 22:48:32,0,They opened back up early for us when they saw us about to leave after seeing the closed sign as they hadnt started their dinner time yet. Very nice service. The new owners have updated the I side of the place. It looks much nicer.,tip
DkfQtloCTvKUYGx5pN5ywA,zVoxVPHEt11_0GzqNuT2ZQ,2014-03-18 01:22:13,0,Let the chef do what she wants and it will be amazing!,tip
JY8zWgPoaQiFZD5B-0gIfQ,USVks6B2Xkf0WLmLIiXqMA,2012-01-21 04:30:06,0,Apparently the sea urchin was still in the ocean two hours ago. Fresh much?,tip
0fBMsNHd0LF6v2jiyHafGA,JHRlwxxKY0JJcU97rJ-Bug,2010-08-07 04:01:10,0,Chilling and having Mojoitos,tip
fD6FZMW1V5l0oRD-fICb3w,TqeIaNjfq9MWLaKjjuts4w,2011-08-23 04:35:07,0,DJ Paulie D,tip
XxxIw8qKcLcnkXrhVXXYpQ,q9AIbLUvAEnkYzg_H1KrPA,2020-12-04 14:14:49,0,Great food and atmosphere,tip
ADa9ABKOTrhsLLL4fsX5PA,jkGQQ4_LgJx3hwPtCFkzbQ,2016-11-20 13:45:58,0,"Wait is insane as usual,but food is terrific, and service was solid",tip
SFi2ayCGkIMLd_ZiIy706A,R-2x7m5HVx8Fk8xexFUS7g,2013-07-02 12:08:52,0,New offices behind Bank of America at BBD and Amberly drive.,tip
byVB2OJGlOIC2vvyqanfLA,HwyR8zWjIomCDrHAJ0cXSQ,2012-12-06 02:13:34,0,"Great food, great service",tip
lCCS1atzPMxrbVmK5fGd-w,GA5k7GTGYv637ydUAQb_ug,2013-07-31 21:35:54,0,Love this place! They are also great sponsors in the community! Thank you!,tip
QabbfveLrvw935grGlw8xA,aZud8c8f9NMDNv_VNqFFQw,2016-06-18 03:21:10,0,Great Indian tacos!  The fry bread with Berries is our favorite.,tip
Rr4cLb6Go91FT134o6RsKg,gOS6rbrF6E42M4Iv0rEpZw,2014-09-30 17:28:03,0,1st time here & their pizza steak is delicious.,tip
7CQNYHtaUi5zKUDr-7I_IA,UBX73ZWgCdgom4nv0UeGvg,2013-07-26 22:45:48,0,Great good great atmosphere!,tip
Fre4IpuhgcHyNVl7EG-FNg,ippBb9s-n0O0-MSl495sbA,2016-03-01 15:04:00,0,"With coffee shops like this, I think I'm gonna like Franklin. A must for baristas.",tip
gc55hZX8MMBbJ4NBbETEDw,MGZ78q9z2XwotVNcSInoKQ,2012-09-22 21:48:54,0,Hoping for a big win!!!,tip
l0V1jEOJP8gu_m4sC1kz4w,UXVjbVfUUjlrZC0IXXiBMw,2018-06-18 16:52:38,0,Y'all go see Brittany!!,tip
AddUr_7rfA2p_fbS3S2ElA,dx4XrgrK8VOEJ0cwvFewAA,2017-02-15 01:42:27,0,The best cupcakes...ALWAYS!,tip
oSjxHFZjcuY_PX07a9Fm2w,qQR0RSq3szHJ9m-sqVxpxQ,2016-01-18 20:11:09,0,The  KIM Kids in Motion zone is super for kids over 6-months of age.  They take very good care there.,tip
KmXNH3qlCIvHVnMRoCWZNg,06NHXjVHiGKNpZ2XeajVkA,2016-04-02 01:45:09,0,So good! I love Vietnamese food and Magasin is by far my favorite spot. Spring rolls are so delicious!,tip
BbLUVcP7ZL1ucnBnw01PvA,6kX0lZkpfQQmNWaIjpcsKw,2014-04-27 17:20:38,0,Great running path! Most of the path there are no cars so it's perfect for the whole family! With beautiful views of the lake.,tip
Ydcl-XNEVbHyljIs4XqDmQ,FPQUhuZfeqcxA16UqV5-pw,2017-11-09 20:34:46,0,"He did an awesome job! Showed up on time, was quick and offers a 90 day guarantee.",tip
FYP9AduTsnD3zvTqUSW-vA,Q_c7V501_9DFuefGNM1ZkA,2012-01-15 14:33:41,0,Best breakfast in the dirty jerz,tip
q7oE42UwTBmXMcgH4Nh2gA,yPSejq3_erxo9zdVYTBnZA,2019-05-09 21:06:19,0,Soooooo food!,tip
VTFoVfvyydOpUO7Fl_I-wQ,VWL9UqAKfyvGeb0AlOTusA,2016-08-15 23:34:04,0,This is the spot to get dank healthy food.,tip
O093fsby0DSRcnMBp8vY1g,Q_L2wD7JrLq-GHVYU1dJfA,2011-10-04 23:31:14,0,Quick post work snack and beverage.  Half price drinks till 7.,tip
2CrNdUijPXwH_N3Ybk-VJQ,MWAzAdxacgzj2I64jwv57g,2017-09-03 00:04:31,0,"I love working here, great employer!",tip
1KVMrASElCoqaPOBqHeY1g,rdC1Glqw0hfT7eEddYWsfQ,2014-08-30 00:19:30,0,Well at least they have ribs,tip
wUwNnM_5bhLQlM5AgWiO8A,Hel_hVlM2_QArXG0q4VNcA,2018-10-12 01:19:28,0,My favorite tacos in all of Nashville!! Delish! Steak Milanese is awesome too!!,tip
U9R5bmRb_RcgZHVOX7vvMw,-0kH3RmIVq-OhpuWAuU59w,2013-02-17 19:47:31,0,Tiger butter pretzel stick!,tip
UlYXVV0Ls5UwJzUqt_m7mQ,QBnteiO92wOvE1WCYjMC_w,2012-10-24 16:44:29,0,Real Amoroso bakery rolls from Philly for the subs!,tip
jswWHPctnZGH3qqvN4mzoQ,r4OWweOI9CAKk38pw_lSJA,2018-07-29 16:31:26,0,"Closed for Vacation from July 31-August 13, 2018",tip
jzBU_XG4rc1LxRFDlz7aWA,JXhIz744GI7U_ereD9Nf8g,2017-10-22 18:23:24,0,"GREAT food.. super busy, but worth the wait.",tip
h20YcK8xB4N0VyGuClUPmw,onqqw_LXDDqlNFmHL3vY5w,2011-03-29 14:17:59,0,"William Jarmolych, D.D.S is excellent and honest.  Although they don't take insurance; the prices are fair and I gladly paid them after.",tip
3L38ANdK969R4QpRVoJqtw,mF-0mVNLPuBWQeyxOo60yQ,2012-03-10 20:43:35,0,Check often!  Just got a Le Creuset stockpot for 1/2 of going price!,tip
NqZJMXmwEtirJvx-qpyLmQ,9qXd3Frdpw2NFesclk7nPg,2012-02-03 03:42:36,0,Carefully crafted cocktails alongside a lackluster dinner menu.,tip
12nuY5DRprBaDa9Rc4NLUw,zBfYuwdybeMHfLuUbO1Ung,2013-12-31 03:23:17,0,The Margaritas are 99 cents!,tip
lEyAWBqX2Plyz041C09P5w,WtxtrT2CjXmabCRxvBI0ig,2019-03-08 14:56:37,0,They encourage sampling if you are indecisive on the great beer selection,tip
Lp1FbpT7lYCbzWAtCJ_IQw,zbSTmUUH27ef3ejK6h7mdQ,2014-05-11 23:39:24,0,Lovelovelove Charlie's. I cant even count how long ive been coming here! Great food. Great shales. Gotta get the charlie special,tip
zmlt7zUWY1Bi58_2n7UopQ,6Md7LjLUqf0scKfl78CQDg,2013-10-28 19:13:56,0,Pho and Bahn mi ! With a Vietnamese iced coffee (cafe sua da) ... My California replacement for Vietnamese cuisine while I'm here in Tampa!,tip
lnohBN_e2qklLESYih9Mvw,0JQgHiPAQQWkdgbBvEL3JQ,2015-10-19 16:39:04,0,You don't have to be a member of the fancy pants gym to eat here. Just sign in at the front desk and they'll let you go to the cafe.,tip
boHF-YMjHZVfEexDBw04ug,yVTvMI27VWdwCIvV7jjI5g,2016-09-20 15:19:08,0,"Well if your ""the little guy"" as they say they don't want to help you",tip
6MHOoXqAhHEKI8oX6FW3Hg,PADyvVwZoY8waIraBOrN7g,2012-06-02 17:03:07,0,Like hot dogs? This is the place,tip
nLKCF6CbIDlNfQ7k5sB81A,C1D2o1VV2TDjpkG3BsdseA,2015-10-30 17:02:22,0,Great!,tip
PT2kDWAaJ7Hubcgun5-nAA,t8xz9B3mk9DZ9r8DQ5z_CQ,2017-12-22 18:07:07,0,Cramped store full of anything cooking or kitchen related!,tip
dSUr98-ZSZVufqLknfvULg,nRKndeZLQ3eDL10UMwS2rQ,2015-10-08 21:27:02,0,Yummmm.... Definitely the creamiest anything I have ever had!,tip
k3agEaoFG1TgYFtfbWz5Xg,ODj6MpvA7vxklvKxCJ811g,2016-04-22 17:35:34,0,"Fully staffed! Clean! Not rushed! Thanks, Joe!",tip
iz6hrH9sRAQyOdWFe_59NA,TcNZXteosegb1RO4O5hREw,2015-11-22 19:39:29,0,Surf and turf was delicious,tip
sUzgjFFqfh-exTWgpguzyg,M9tqq4TM5tEATG1J6ncM6Q,2013-11-14 01:47:13,0,Clean and the drivers are all super nice!,tip
eLoAkI6b9WGERUTqwGDkjg,aBJWHzk6jfAj4h92clH21g,2012-11-14 20:20:42,0,Free pumpkin spice coffee today!,tip
_hg0YiH5uGqOcJ8Hmi0xsw,VNSJ-UxAXoSpi6KhHkj3Rg,2012-12-31 18:07:57,0,Love the cheesesteak,tip
AWERva8McWsATUH56e6l2Q,AWnzFqIrlkLAKTc46_zmEg,2014-05-09 23:18:16,0,"My lady friend loved her bloody Mary and the cheese grits. My western omelette was average, but the coffee had caffiene. That's all that matters.",tip
wHkoc1gSucQFjNOrMtqJIw,1ipuJ6d208346wvM4QZxyQ,2016-09-04 10:23:33,0,"close to my house, very good fried rice.",tip
RKULSOrIvvYpDmtuYXEXzA,mglME3E7esPSpIF5bias8w,2013-07-14 18:29:36,0,Nice place,tip
756PlcvcaoQZpMj0qHRUjA,ulwns2OavT81v6zG-Sk6ng,2018-12-29 15:53:38,0,$2.04 a gallon!,tip
ovq6MrgSLj8eUYlUY0dUiw,dqS2qXTYUpF7S-DeHhYfYg,2011-11-03 19:17:50,0,Specials have changed to Mon~Wed only!!,tip
9vGC1uSXswOXGbJM48PjEw,Iyopb5uFIBT_HOgp8ipSfw,2014-03-10 01:15:21,0,"I was on my way to Nam Phoung, but it was too crowded with a lot of children, and I just didn't want to wait. So, I found this place on Yelp a block away, and I'm glad I came the food is great! This place is very trendy. It is definitely a date night, after work, or out with adult friends kind of place. You can bring kids, but it is not a family style restaurant. The atmosphere is fun, romantic and business casual. This is a great date restaurant. This is my new spot!",tip
Z5J_i5p-WO7cDpEfGY73zw,wQNkpi9RvpuoiDB-CiHxog,2013-12-12 19:30:10,0,It really doesn't matter what type of coctail you like. Just throw yourself atvthe mercy of the card and try some new thing. Or tell them what atylenyou like and let them surprise you. I have not once been disapointed.,tip
q5ZlLH2Wxnv2-ykJ1r4Qhg,o9KU4BdH5LQOJJFcLGZQpg,2012-11-27 18:17:58,0,Get the Big Burrito. Easily the best bang for the buck on the menu. Get it with the green sauce if you dare :-),tip
qd3S2n9yLMWeICNUx9BJzw,RTwDv2oLE3gzAZlf63OPXA,2012-11-04 00:12:02,0,OMG! Awesome.,tip
-wnykTAMOTpa7txlrYS8Gg,g1M9NdDc21R1-dbD1lU8WQ,2014-03-10 17:15:40,0,Nice spot for lunch really good burger and drink are on point,tip
JyWLTXbNnBsKp3J7uEAG7Q,l8VedGQFMLtTz2zRmpTlxA,2010-04-11 05:21:32,0,Hey renovations made in hardena restaurant come and enjoi the food while enjoing the ambiance!,tip
PDV-RkHA0hpyIiq9OFNQDQ,AFk6UXFbH-idH31KhFQVCg,2018-04-23 16:03:23,0,it yum,tip
WEZPHhsXnaxOdjng7mao5Q,NmzGFQAQBZOSL6nY4dXfPQ,2014-06-02 22:22:26,0,"Really awesome chinese and so so fast. If you're ordering take out,  do it before you step into your car, it'll be ready as soon as you get there.",tip
Z78Afn9Wq3U1tjIa7e4TqQ,VOucXaivbLo5WLQbkFRiNQ,2013-03-02 17:04:02,0,Soooo goood! Very friendly!!!,tip
TQg7_cZfzMBdzzSWnmd-4g,5zOYg50gWuLkg7vfxjDsEw,2018-12-08 22:05:42,0,Fantastic burger and fries.,tip
N8ITUUDRBpo1hTNDvk1byA,EEksc8z2iAHGY4VDZMug-w,2017-11-18 16:38:21,0,Their charity is the Empath Project...Goat Yoga today to benefit the charity!  GOAT YOGA!!!! With baby goats.,tip
9EU_Ka3cIv0Sg3HbE7xB2w,OChSrnaj5tQ1-wm7zoVT4w,2016-01-15 18:58:39,0,this place has a great here .and food is so good. I will be coming again.,tip
GGoyTedPSm_ZsIck7atwGw,dChRGpit9fM_kZK5pafNyA,2018-03-17 02:39:35,0,Bad,tip
4uCI6ktAWrnftRMrVyJUug,6O-tfW_X05KbYfF3sDRPIQ,2011-05-14 00:19:10,0,Reeeeedd Robins!  ...yumm!,tip
bJ5FtCtZX3ZZacz2_2PJjA,QFZbe75u5146KeTF3ZmOhQ,2013-10-16 23:55:52,0,Pumpkin Beerfest leftovers are the good kind of leftovers!,tip
1gtmcZDv2TqHsCdZogQiNw,SVgw-YHdkEKUfFiQh2hSGg,2020-05-24 12:38:24,0,Athleta is WAY cheaper than LuLu (which has it's own issues),tip
h8_Mzh_ndxFwxQgLZsRs9w,tOqZEVu3-HMB-usS031nqw,2012-07-01 05:27:38,0,"$2 Saturdays. Everything! Also no doorknobs on the bathroom and no lid on the toilet. This place is GOLD, Jerry. Gold!",tip
xtg1qZd9xPBuCEQsoe39qQ,cQIh4YJlVtZI9TLF5_smOg,2015-08-05 05:13:53,0,"Great food, good service, one of my favorite places in STL!",tip
fCvMnJU1Z-XhAjKg99wK3Q,itX_9nsjP4T5oXcBkXirww,2017-03-27 14:54:44,0,"March Fun with the Library!
Tuesday, March 28 | 6:30PM - 7:30PM
Freedom Hall
Join us as we kick off Family Reading Month with a high-energy concert by Lolly & YoYo. Enjoy live music and fun interactive audience games geared towards families with kids ages 3 to 8.",tip
yLljoL8Uxagzzkg85RvGYQ,5fCpLBp4DeG5uZ3RkhJUYg,2012-07-12 17:29:13,0,Always good and consistent,tip
fOPN92gG63yqrlJb8igz5Q,4lm1dUvP7GPgyJqUlLxcYg,2013-09-18 00:19:38,0,The complimentary salsas are delicious and the fajitas are killer!,tip
WTsR8UPulVgJkZb06iO3Hw,hMLcTXMk6xif0qfBi8-8sw,2013-08-03 01:17:50,0,Acoustics are a little loud but they have a great calendar of shows.,tip
HvO4EP21-9Ty75slfATM9A,2kOGFDJ9v4T9AzuKWhwl2g,2011-08-13 17:00:08,0,Drive thru!!,tip
JN-ZQlx4mmKEAWC5JCeelA,eCHeuIPt_Yj0DQtIs3irtQ,2010-10-17 15:25:27,0,Chris puts on a great show! Make sure to use their discounts.,tip
sG2g0_5NDgvJmlw4oDRQOQ,l_7TW_Ix58-QvhQgpJi_Xw,2014-12-28 00:34:28,0,Great service and very nice professional staff.  I highly recommend!!,tip
LXALgQjaQ3TQNFmy6wd1ig,pqe1pCQx--uybdm6EQ8AqQ,2011-04-30 19:05:59,0,The elevation burger was great. 2 patties and lots of cheese!,tip
ZaICRl2nqaiQEnBNx9Og6Q,h4HPMMoDcvxlD1xNuVPC6A,2021-04-09 01:52:39,0,Food was great. Staff was so nice . Will be back definitely.,tip
19oQHQLnqxoUpLT9RpeBwQ,tthy48ZIX_wfY8Dy0Dvg6w,2012-04-03 01:01:26,0,Dinner with John's first boss... Yummy of course,tip
6J-IE9IFXjh4sneTRaJykQ,cFk2SMsJ-2cmXKLFFkP9JA,2014-06-26 22:40:39,0,Always great service and food! have yet to be disappointed in either.,tip
Uk3X2AypU8AqvcYEVf7s6Q,RNzhLU8zy1L5dBkjRK4xEA,2014-01-04 22:04:42,0,Bitburger on draught!   Other than that a fairly limited beer selection.   Review to follow.,tip
t03Fx3CIVEhEzVUhsC5_Jw,C9K3579SJgLPp0oAOM29wg,2020-06-22 02:25:19,0,Greatest ribs in Nashville. Sitting on the front porch for a peaceful lunch,tip
60WQXQsxY3xqJyE7-HOD3g,qJaweGk0XzeG4cs4B7qV7A,2017-03-26 00:58:23,0,Good food!,tip
-B-QEUESGWHPE_889WJaeg,U3grYFIeu6RgAAQgdriHww,2010-04-11 18:02:41,0,Opens at 11. On weekends arrive at 10:45-50 for no wait. At 11:5-30 you will wait 45 minutes on a nice day,tip
HjyeYbnxg20fzRK7jyqPHg,13NG8W2DG_eKRn3ppYw5Ow,2018-08-17 22:04:45,0,Huge grocery section!,tip
8Pmh-M7NULx0YYXfXqdtEA,Fz4mzQjAxyrN6tQLcZ73Bw,2014-09-22 17:29:08,0,"Great beer selection on tap. They have a full bar with a standard selection and cider, as well.",tip
KcdNLHzPCr5WW8uvONamBA,oBNrLz4EDhiscSlbOl8uAw,2015-09-17 01:54:41,0,"Fantastic, delicious, fresh...great cooking and atmosphere",tip
ETV1pFLfLdHmWUptqXdLvg,EImGEwaos0pIqyye1u6OSA,2015-02-02 22:01:49,0,"Very good! Give this place a try, pizza is delish",tip
akWNWadnz0udLOPbfO3tEA,SbhE1Ns2EQ_ROA0qsR0dfg,2013-11-25 14:46:19,0,Drive thru is Soooooooooo slow.,tip
CX7wZuYLJm4fO4XkH83qzA,2QpGOrtF35yxt1HsWoTiIA,2012-01-13 14:48:14,0,Beer viewing,tip
XSisCFitGDI4V48Wkhrsmw,SwDft6mQqti4SjhxSYtZoA,2020-01-17 11:30:52,0,Sweet little courtyard oasis,tip
RVl4wNUwiOHN79rzvld5XA,Bx_SUvELcZQk0onj8lDbzQ,2016-11-08 23:29:04,0,The chocolate chip cookies are amazing. Treat yourself!,tip
iqli1JO6WoNmRpb2FUKAZw,O_l8AIlR2RJvNPq4CDMbtQ,2021-10-15 05:08:22,0,"Great music, good vibes!",tip
f9XkGwOSFZs3CCRl7NPwaw,Ih6pTTWLdFwzG1zhRCuAVA,2013-10-05 00:30:10,0,"Wow, their burgers are awesome.  Best tasting burgers I've ever had.",tip
2znliyxylr5S8RuJMqJn1A,_C7QiQQc47AOEv4PE3Kong,2012-02-26 17:10:48,0,Fabulous coffee served in silver pots.,tip
_b7sWPWtHFHMrIaq_4PCHQ,TwnzM8mJn_nT2PJf1x-9kQ,2015-03-10 13:33:07,0,Go early! Otherwise it'll be a 30-60 min wait after 11am.,tip
sfpjQaDQOX3OuIJmOMKSHQ,ieNSHCeHOlxkNGjtjTh69g,2011-08-07 23:43:55,0,Vegan slices. Sweetest people.,tip
veu9NkvpCxqNCEk6i2fpRQ,9pbEWyLUfPWqmeOklf2v4A,2015-02-20 17:42:52,0,Nice friendly and fast. Just like you want from a coffee place.,tip
0gtLI0UauNVDSon3OrjaCw,7CVobIKmVYlpgo2QifXlrw,2015-05-30 04:53:08,0,Consistently the worst Wendy's in Indy,tip
ZeU9gTS8LqHeMzygtmPp4A,JSBN7e31b_K0aIg0BTjNdg,2017-02-13 20:51:22,0,"Not bad, but hella expensive for what you get",tip
tPFCqmowftSoMq0non8Rpw,FQLqYDotDp2OjO_qJKu20A,2014-05-21 18:34:50,0,Basic pub food. Reasonable prices.,tip
xT3CebJA6bk4IUab4_3YWg,1zAQ7CGZXnIkUXFinHcFhg,2015-03-08 23:19:22,0,Dill sauce with the fish is sheer perfection,tip
3HYlpN9aMjFXd5pw8gemGg,8qhSEJ27l14Uv3Bger4eVQ,2015-12-25 00:08:20,0,The Chicken Florentine was fantastic. My wife had the Filet and Lobster Mac and both were incredible. My mom had a sirloin and I was upset because I can't figure out how to cook a steak that perfectly on a wood grill.,tip
v5TDoK_FLsxzjpi_PMABTw,FEXhWNCMkv22qG04E83Qjg,2019-03-13 15:22:46,0,The hype is real,tip
fZcsI_weVG47qs_e9Vf53A,4_OXOjAUA9Q8L6VdZz692w,2018-06-07 20:04:49,0,Very much enjoy this place. Not many chefs come out to meet you and chat. It's cool.,tip
-M9h_kE0fTEYkODJf_qX6A,ocNvlc_zH3VdBbRpB6kwoA,2017-05-10 04:12:12,0,"Love chicken salad, great food",tip
E4BsVQnG5zetbwv2x8QIWg,qccY4drx-7ZlQUSkzMI_7g,2014-01-17 16:15:44,0,Amazing Latino grocery with huge hot and cold deli!,tip
RkVNb4DpKwehS3FAziAMVA,hdh1tm7ZyCHc4S-2nST61A,2011-04-28 23:02:32,0,Yummy layer cakes.  You can buy small size that serves four for about $6.  Recommend the chocolate with chocolate frosting.,tip
1Uv6G8u5wEwqV5fkynCsVA,WhzuxQtjXb6BuLyN595gXA,2015-03-21 12:57:30,0,Taste is greatest since I stop by often by Publix store...,tip
yKrkLkeLL6TnpGRJka66SQ,9eao8ptGCAPTA-9pgN3CNA,2016-12-18 21:00:12,0,Dr Maldonado and the techs are great. I take my exotics there whenever I need to.,tip
1ao7PP08NCwsLqtO_t1czQ,J-iale4ilYuAXjnfLyYl1Q,2018-06-27 19:33:59,0,"Love this place
Tip.  Try the Brads Beef",tip
vCKc-cVupvIWikIkwF998A,j_fmYfswAHKZqucuUS1J9Q,2011-05-01 08:12:51,0,I really like the chile pablano and the tacos de carne asada.,tip
V1rial53zLecglzJl9cIMA,IQ-oFWxp1BA9gBjXYdpBcg,2012-03-25 15:27:52,0,Got stung by the Diablo this morning and it was goooooood...,tip
hTEKSL52x8cUUlHpUEx4lw,gJ5Szgefk1fJ4WSfGre_ng,2014-04-17 21:21:46,0,"Very tiny, drinks are self-serve and the clientele is less than courteous. Least favorite sky club to date.",tip
j2Pf3ScRHEkh5TZLfEm-Kg,12GUv17IX7dJbuzeBxBCyg,2014-06-20 02:26:25,0,They take a bit. I hope it is worth it.,tip
RraOPHiWmCAls1RSXr_MJg,60e4BylZEVMBl8ZiLn9uuA,2019-07-18 02:17:10,0,Best Winndixie in the game. Customer service is best. Grocery greatness.,tip
8bj0vHmR3xTLzVUjOtlqGg,Fd-CY5oUjewSTawi-O5Bqw,2019-09-20 16:19:36,0,nice place beef broccoli  all ways good and quick typical for the area no complaints,tip
uOOfOOdaQ5miI5MSsdhpgA,MtTLqwmP4AHDWuodaSaO1g,2017-04-09 15:59:07,0,Breakfast was okay. Typical greasy spoon. Hostess was a bit abrupt .,tip
FfqnMS16PhYcXucWnIscgA,yU-caiMPMxKzbuv6MWOFvw,2015-01-31 19:10:04,0,"Sign on the building says ""Alterations""",tip
vSjKKDqwBFPgHoD3qhGJBA,WNcGg9G-odTGz00DSMx7rg,2012-06-07 22:50:29,0,Biergarten opens tonight!,tip
tYblU1jEnH7ulEzjdwBlZw,hprpU8NIM_w7k6Dhc09Tvg,2017-02-12 04:58:25,0,The best. The horse. I wanna ride that Clydesdale,tip
JnzIqZXNYWna7h4yXhGbhQ,yw8CBHbTmB5zrChvzt82VA,2018-09-13 17:43:37,0,Does anyone have any contact information in order to retrieve records from this vet?,tip
Me8KapUPAjMZzR8aUvok8A,1W657uKWvcMKIHaOmEOc-g,2011-03-21 21:23:31,0,Love the veggie antipasto,tip
LUfw-iX0cYrFQsGS_cpAZA,_P4ZlE_3h97jt9o7-WSXmw,2012-06-28 19:10:04,0,Italy Vs. Germany and Blackheart.,tip
AmMxaNgTDj_C2xxgIKuzYw,FNQnqZXrr9lWuFzRX3NSfw,2021-01-05 14:52:05,0,Best pizza in south Jersey,tip
RVSbsheLxpVlNVidOiv2hg,E7RtIisUoRMcADSebBgNAA,2013-02-22 03:58:33,0,Happy Hour!,tip
kA7sIBVKgWXVwWbpXsUHQg,8m3-Xrqr2dkF-lLz5H1ZrA,2014-03-06 00:20:26,1,Behind chilis,tip
WykPS67JLyKWRX3XnK5bHw,PjgOFWozQTwHFi17PR4idw,2018-01-29 16:59:43,0,Great staff never never make me wait and they do great work,tip
fgtsVh54kZzWpI6d44I7WA,ZAZljXWLdWUhTSAkO8qdXg,2011-07-17 21:19:50,0,Always good. Don't miss in downtown Indy.,tip
VClMTiHXXYlLNjalD3N4XQ,PCttOP46zDnd7ar9aa2-aw,2014-09-11 16:59:43,0,The dentist is super nice!,tip
OZgVO6B6UJJKBFQFB45Qxg,UbDoK-zEfGNnJ5ze2o7Baw,2017-02-02 18:17:49,0,I eat here once or twice a week on my.lunch break. Always great food,tip
9IbwQvAzdD-LF_ZF7QHn9Q,24cOU9xqqWlc83EVMPMYUw,2019-11-29 12:31:31,0,The best! Will be sorely missed.,tip
QmJrLdTLv1EfvmWj1EarmA,58Wgel-tUiW28IrxNmQsxw,2010-08-06 16:56:43,0,"Wow, well organized store with some killer vintage, make sure Tiffany is there, she knows her vintage like none other!",tip
xz3x8liFOUx1FbqYWOZDOQ,PlXN5XKMoZNu4K34tsQIcw,2011-08-17 01:46:18,0,My fave new artist from NOLA is here again!,tip
4k9VgRgRdmxTT_cbqV-QhA,JHRlwxxKY0JJcU97rJ-Bug,2013-04-21 04:46:46,0,Overpriced drinks and small portions. Go somewhere else.,tip
nXMMoDzXRByQiWH9cf-FAQ,p6H295aQCbDJ80GcpqFvwA,2017-04-14 15:17:58,0,Free snacks and drinks in the lobby area.,tip
ChagzaIxcpEJVAdq2UcFTA,S9XbsnFIZdRHLXd5XhYayg,2012-05-06 19:46:37,0,"What a great mom and pop restaurant. The food is fantastic, and reasonably priced for a family of four.  This eatery is bucket list worthy.",tip
HX_ErVarTkL0BNadYpwNuQ,x39G7-aTCVh-972fgogKtA,2014-12-18 16:06:24,0,The scallion cream cheese is some of the best I've ever had -- especially if you don't just want a plain bagel.,tip
9egPoFsipIOri4xpYNFwmw,NCzKKh6npVeq-AvlJnGh3w,2012-07-12 00:04:38,0,Pho Tai w/crispy rolls,tip
ciLjqqXFSRYpdPSmazaoDA,otlORLZ8uZM3_orBFl2z7w,2016-09-26 13:14:12,0,Black Star Latte is an excellent boozy coffee drink that will energize you to get back out there. It's served cold or hot and can be taken to go!,tip
hYPVPwbAdcaPeqJ2N_PAcA,MiP0SaO1kcCTms-5cdgXxA,2012-01-03 17:43:15,0,Always friendly and helpful...,tip
7WMnd33LujouzmMDvPFVXg,OhTknUVRxFU8YbaiWZkG3w,2014-10-04 21:30:09,0,Love their margarita pizza!!!!!,tip
6ZbOSWYppK8yEIJWmVhNyA,EjKrB7WPLK6Lmx4waFcSjg,2011-07-08 01:37:51,0,"Come in and sit at any empty table.  Then, enjoy a relaxing dinner.",tip
ePAPDXkPg4eMKe2d9GYK-g,3YqUe2FTCQr0pPVK8oCv6Q,2019-01-02 13:03:13,0,"Nice atmosphere, not-so-good food.",tip
xBKqaGJai1Yuh3Iv5OCICA,yZHiutcbym-xLGkmFhP-9A,2012-06-04 19:20:33,0,The Nathan is heavenly. Add an iced monkey mocha on a hot day.,tip
uICj2Ies8lgo-U-LaX6f5w,b-fIbYn7CAdSXNEOdVGfaw,2017-07-09 18:43:40,0,Such a great salon! So friendly and did an amazing job!,tip
418ShJcaz-_hbrzr0ZcRVQ,etgp4wFdl17tN1zkdH3bNg,2012-05-09 15:10:55,0,Day 2,tip
dYUsY1q6VISy46Q1hxQeBA,dJ1ihpr-XH-Nt-CVrnJE9A,2011-11-06 00:50:11,0,Wondering what's the hype all about.,tip
SpFfKeRHza9eCmEHf9_fwQ,ewYO_Kx6Zdys-X81YgHkyw,2010-09-30 19:20:55,0,"Wow, the curries rock!",tip
EQj75rvOWYChqGGKYP2UKA,PCKC8qjaEUHIm8yN9v9Juw,2018-08-04 00:42:07,0,Great salads and desserts! Recommend for a lunch out in historic St Charles,tip
LhLWkK7Z52P78GzK_Vm8bg,NJL--dv52YPJu0cVjn36aA,2016-05-13 19:16:26,0,Can't get more for your money anywhere else.,tip
_G4p6_dhrlDHpMnRBGs7Lg,AgVekFXqwt4Y1HxfQcpyiw,2012-06-29 22:58:09,0,I have been working in Carp for 6 months and just found PB&J's. Great sandwiches for a descent price. Definitely can see future visits :),tip
oJQtj777dK0XIwR3Fg4AcQ,G-iV6JrqZ32SGSDcrFnH5g,2017-03-31 22:32:21,0,"Clean location but service was slow, even though it was not busy.",tip
IleqoYgg1WfDfo3kkh8QSg,ei8aN3ltrRjoauHIzmhrYg,2014-03-14 22:38:01,0,Get the shrimp tacos. Also all wine is 20% when you buy a bottle to go!!,tip
Ryv-_Sa0nGKxyzwjjszRcw,WWkxUHde2XKCq1IETJsZTQ,2016-06-05 20:06:10,0,Some of the best wings in town.,tip
YkeVcXJyWEWDTav5k3M9IA,C2JtfhOZ3PPzIS9V5arQ2A,2019-01-21 19:10:28,0,Favorite coffee shop in town,tip
heSD8DBMNMW77Eqi31I9Xg,Q28R7c3GfxzThd9lCY80LQ,2020-11-23 11:34:00,0,"Appears to be permanently closing. Good store, convenient with friendly workers.",tip
vTprcHGBn9asRfI349M1Fg,PY9GRfzr4nTZeINf346QOw,2015-08-21 18:29:28,0,Always been my favorite casino. Most Vegas like,tip
2HegIXvPh0OQ4M-J5wiCrg,evdtEN8W7BMgtp4SLHTyrA,2012-03-16 21:24:53,0,"Staff was so friendly! This store has more than just cotton diapers. Love the cute selection of eco-friendly toys, etc!",tip
l6asrnQapLAhQfEnWF5lxA,aRcqxBPtEiyXqyJmgcU9dw,2014-05-17 20:29:50,0,Just plain good.,tip
GPi6fgSB2fYgwCrKQ-LD_Q,6oeRa5NG9EUmdvhJ-gyfdw,2019-06-15 19:18:03,0,Chicken wings not fully cooked + they are super small,tip
fnB2VbVY-om77WtrqGVjwA,WSTHt05P3StKotZm1T5MzQ,2021-06-27 04:59:36,0,One of my favorite places...I Love the grilled style Tacos!,tip
Gui6aG33_5XEIB8-D_psVA,x8H-yQUbbeaC28Sj4cqy4w,2014-01-04 01:31:15,0,"The food is great but the service is the worse in the world.  You have to wait for ever to be noticed. Then when they do they barely acknowledge you, half ass take your order. They forget basics like a glasses with your drinks or condiments and when they bring the pricy by delicious fare they handed to you versus placing it in front of you or expressing any level of connection.",tip
uMry-FKICp26V8HsQo9Ohw,ILWDNYXsTpupwYQTlx6DvA,2018-08-04 04:53:24,0,.,tip
XDB7TVFlTP0CedRG9PmLRQ,sXEYhxjZN6TyLPic6LohVg,2017-03-17 21:14:17,0,Excellent! Love the pork tacos!,tip
R_ob9X-6qQTOU3MQuqBeow,ysvzP0VvMTrGmUClKJ3img,2015-08-22 05:28:43,0,.,tip
5HPWXgWKm90Z9DzYAg7W4w,9_m_iA3VAqGBJEW5XLc-5w,2014-05-28 00:26:09,0,Veggie platter rocks,tip
6tECVAYwWWFqcJ400v10mg,hNgzkyELo0Yf3S3kb5jB-Q,2011-10-04 16:37:45,0,Great place for lunch! Burger and blue cheese for $8!,tip
1zG4q1xZuZkN6Szs-XwwhA,LP6gCDg5h7NpD2ZSAUBgew,2012-02-27 01:24:06,0,Chili and ribs and bread and you can't go wrong.,tip
wvNrdBUqj0K6FPccvO8SPA,x3pTbsABLypwEoTdwQOmSg,2011-10-13 23:37:41,0,Great Mexican food!,tip
-s3sK8QFxZhcxAJLPU2plg,-HYaI3Iuew_fFrT4OwrN1g,2021-05-25 20:06:54,0,Excellent prices on huge quantity of quality clothing !!,tip
mLRYhkzckin_SgS_1AdD9A,0wgvv_2SM5fiwiPpyij7pA,2021-10-12 10:37:04,0,Great service. Very punctual. My kids love it. Cookies are fresh. People are nice.,tip
C4BWzZ0K_Kf9biZwpbD-rg,TJ4FstBIoAIu1i4bB_PjAg,2015-11-08 04:17:04,0,"Have to jump through hoops. Not a ""I really need a taxi""",tip
BUeqfrO3j65uzd9RxC6gbw,k52dmNDRnhwpwEju7LI-fg,2017-01-26 20:28:56,0,The Mac Jr. I'd a nice addition to the menu,tip
vPqkPXual5Ag0evu0oBs-w,898K8ftMbdWe2Dc67QMC_Q,2018-02-12 15:00:13,0,Get a spot overlooking the marina for a nice breeze and a wonderful view!,tip
ek-YJQK-O61n_pLS3_bNaA,ojRanVZlwLDmxuvDJ1CGYA,2021-04-03 01:18:11,0,I've been going for over a year love this place,tip
TaIBfjj8dpUpMyiZ4bii9w,AmI3LIUNwsi4023hOVGu3w,2012-09-01 00:37:17,0,Nice ambience!!,tip
ugH46Tw3Pp9xCf_nzmySqg,pllvqx8yMnLnQVFjj3oYGg,2010-11-10 22:48:32,0,What a great family place. Not for dieting.,tip
C4tFDxRe60NxbDibgdwpPA,6kb_o-I9MJfzG8-ok8NMmQ,2014-09-09 17:23:20,0,Love this bar.,tip
KPn30ZoLP0V_Rnm4ejrxxg,JjmmSW_QQh2Db4fuIEMATA,2018-05-14 21:25:15,0,Great experience they will build your choice off pizza,tip
6LMBg1APLgw0Xii8IIdg3A,j-sQ70FAmLACDBlgOMoQ8Q,2011-02-08 22:09:04,0,Great tom yum,tip
kbyxFChwMzukTasy9lRHTA,qQO7ErS_RAN4Vs1uX0L55Q,2019-05-27 16:32:42,0,"There's often a long line, but it moves pretty quickly.",tip
4wFZgzj4DXB3Mn7Q1WLhXg,P9ltq8KT6pgKjyZSKspHfA,2015-03-09 13:20:32,0,Donut burger sold only Saturday & Sunday in the adjacent Boise Fry Company,tip
rL0DqGKn9hUhSG-u8lF5Tg,2tg6sMQr9rrXVXmgrqBYmg,2012-12-29 16:02:29,0,Flying insects (pantry moths) everywhere.,tip
4tz2QOxwzYniFzeQ24lpWA,o69qp9QufFOLVnJRXyGFOQ,2017-10-15 04:02:18,0,"We love this place, good food friendly staff really good food",tip
kGNrYbp7Sp5VpxXPtAVkcQ,ORVWMFwF5qTWy9Cbahf0Pg,2013-09-26 19:02:46,0,"Skirt Steak Salad was excellent! The next time I will see if they can hold the (extreme) salt. My hubby had the Cobb Salad....Amazing!
Brussels sprouts were over the top. The kicker is the $ .25 martinis! 
Kelly was a great server!!!",tip
P3odzsW6sIdba9Lmi91Ouw,t5qfe9lOZiMyvHfAqwnAlw,2017-12-09 23:25:29,0,"Happy hour ends at 6, several half price appetizers to chose from.",tip
jI0uxiqolScl4bnJZqU6LQ,ehsJIFVNPAD7A9mA0CbtNQ,2015-08-02 23:07:22,0,Awesome food friendly staff. Great neighborhood restaurant,tip
3yvrub6ZqNaQmtsxHCztLw,03dIEDBsDERr6Osmey-udQ,2018-08-01 20:39:38,0,"A high class place with professional service, I really enjoyed my meal here.",tip
_Hs-znED3ZiMYmdFLwEpWw,RnonJF35oVk94puzrODrJg,2011-09-04 02:50:06,0,Manager is AMAZING ! Gives repeat customers great discounts on wines that he will help you find according to food - occasion or taste,tip
FzhkipVobHXE9az5rxQHHg,Xnbhi4zBotblvFU1X1iqMA,2012-02-09 19:01:30,0,Pleasant atmosphere. Menu looks good.,tip
qYby5nLfAqrSNLpBu6MiKA,VVH6k9-ycttH3TV_lk5WfQ,2013-08-12 16:45:54,0,"It's Monday August 12th at 11:44am and Willie Mae's diner was closed when I went by. This is the second time I've been by there and it's been closed. Just a heads up for everyone. I recommend calling first, to see if you have better luck.",tip
cZqR6gefC4HFYCrTZaQgLA,gWiUCJEcv1lnZtMT_d2p5A,2011-11-05 00:58:47,0,Dunkachino is heaven on earth!,tip
8rFBRygifIKwtObi18XbbA,t3yNTcIYyCreySnwVl5tjw,2013-03-23 15:52:46,0,Farmer's market today,tip
eXPyvnzLJxMFrkNr6jlZAA,oXjSx3T9NeWRKMDBFt1ZZQ,2013-01-20 01:30:40,0,This was absolutely phenomenal!! Amazing food great prices!,tip
Gxifhgov0-RxtzybOErlDA,IjWmDgG_A_heV6mAxvOTRw,2016-03-25 01:14:59,0,Fast friendly and didn't even have an appointment. Thank you,tip
Bniq39I9KKsU9HitRwIBnw,DeNbN6LHa8dpe8R-xgnswA,2016-04-13 12:40:09,0,I love Shipley's. Their chocolate glazed holes are everything and more.,tip
8qYWAPwHe6HE2SSqMkM5cA,sMouNa5qpwZ-xG4t6TyFDA,2019-04-13 18:33:23,0,Food is awesome!! Waitress was great n attentive. Highly recommend. Priced well too.,tip
95MxXgnx4duzMAbgMsaNKA,QaOTMn7BVBx3xXrjRlVnCw,2015-08-14 02:42:03,0,Bring cash for parking $30 for the lot.  But pass the ballpark under the highway and you will pay $15.,tip
HyYzkffDCWDOc0a46ZkLuA,x0eoomyyX1z7yeRcPglgSQ,2015-02-04 03:31:03,0,Gorgggg sashimi,tip
r3dGJdyMwEZYb7Hr4s9xNw,q3AbKPlzrqbUh8tz26vsdQ,2018-04-15 16:16:34,0,Go here for lunch always clean and fast . Food is good  much tastier than McDees .,tip
SPuzzZ0VZ1yyD3s9ObLnaw,E5oa5ubbMvA1Ooypvis7jA,2017-01-27 16:31:55,0,Lunch special-3 roll special is awesome!!,tip
XGfYIg8waaPmcFkETzqcxg,HuT7BNQum5g_rbXjwZqs3Q,2019-06-25 22:24:04,0,best thai ribs in louisiana,tip
wHn07Kr2Y3LKQUNySgzfag,aZ2s_4xvwDCVIvfwI2ctEw,2014-09-14 14:29:54,0,If you are in a hurry avoid this place.  Waited 20 minutes and when we complained they told us we would have to Wait.  Oh ok...bye...,tip
b0hSrmGEWxI7SkB4LtAb8Q,L_spYpnf75W6mQcIY-6OBA,2012-01-09 13:04:29,0,Great food. Make reservations...nice for families too,tip
tGgfOwNHg_sVZZ-DAv7_aA,6ewV-e7-39oqYUq3yZuIyw,2013-04-20 16:29:09,0,"Be wary of hostesses. They keep track of how many minutes you've been waiting and if you ask how much longer, they'll offer a snippy reply about how long - to the minute - you've been waiting. i.e. - Questions not encouraged.",tip
vBFtIlBirAvgbTrxE6w30A,fdfMYT67xUYY2IqCEnIS2A,2012-11-03 23:15:58,0,Dark chocolate tart is fantastic.,tip
XO6Cjv_5ujQsiqot-Zpt-Q,Q4TB73T6semW4CpmpDtBCQ,2016-05-27 17:49:09,0,Soft pretzels are amazing!!,tip
uw-tZrKs3nasMsoxSvWa3w,BATrNfVKnNCQ2qAcod83Sw,2010-11-27 15:05:27,0,Closed all thanksgiving weekend.  Hangover Panda is NOT amused.,tip
mP7s4PDH9c5uxCOeHQdI9w,rhe60AwSzlSbYQuTFZ7RkQ,2018-04-20 02:21:05,0,Beautiful restaurant. Great food. Awesome drinks.,tip
a3profwvdMh7qZNqxHRNJw,9K14PjzzYMu4n8my-PM5Fg,2019-02-09 23:52:13,0,This company is bull shit and racists.,tip
xBSFz5aZMQ8TUv3KgGwthw,3NW2HTTbSRi_ww3-gsoKqw,2018-10-04 22:23:16,0,The spa is now open!,tip
bxicALxym4IJ3TKKIYDRgQ,zSDrIt1pYh6-UBzqVOBFyA,2019-05-31 03:56:09,0,Best vegy egg rolls!,tip
tQs0iRD0bOtcI6Mcypxy4w,Fs08fD1W5krz7vkc-qmpAA,2016-09-29 16:21:05,0,Only serve breakfast on Saturdays,tip
DUMXDogDHnDDx96CQYwoSA,4NpHEv39lDYaQeVC2kCSow,2015-02-28 23:23:36,0,The surgery is worth the wait,tip
DEMJJrLqJSBvnpqQdpV-6g,mF8czpMukj36ovHb3lGSeg,2013-07-18 01:29:03,0,The hostess is way too snobby. We always get an attitude from her.,tip
Pc_oCsx1DcvXy510VoyOKA,07D-uYB0PrSYUVpbKeojJA,2014-01-20 17:12:34,0,Centrally locTed.  Across from Harrah's casino,tip
IhOtJUKS4BKgOpzZJElbHg,b92dSNftvCSPWLC4ZgNXCg,2012-10-16 02:54:54,0,Get there by 10:30...  If you are in a suit you will look out of place and feel out of place fyi,tip
dgFZ18vo2cYPrQuIO700lA,EJ76Y9Vz1Fh-6lMkCuIN5A,2013-11-30 21:35:46,0,Claustrophobic and picked over,tip
a_RBZ7AF9YpXc3-CYVA0Qw,h0wHeh0hTt6Us4W-1SHQOw,2012-08-23 11:18:29,0,The question is... ( Bebe & CeCe Winnans ),tip
QXh2os0-Kzq9dqRF90olvg,aFT4pXEwhw6z5jrFiAB9YQ,2018-04-06 00:15:24,0,Great meal and service!,tip
E4BsVQnG5zetbwv2x8QIWg,OEOpxiewgI7Sr2de0LVuMg,2015-09-17 18:27:35,0,FREE NUTELLA CREPE ON YOUR BIRTHDAY MONTH: join their mailing list ($1.50 more with bananas),tip
iX2ciO_FwrtPXql2VZVeag,XmcERQbYrb_3aynqtdyc1w,2017-06-04 03:56:26,0,.,tip
tO-GaqAzkFoYiidwVCYq7Q,Yjg1IImktgaKlts4WsegnA,2017-12-31 03:55:27,0,Hotels Valet is $40 per night,tip
tUYd0mbw0_ido_4HFklPgA,4U0cvpHlcya4paLU2jJHJQ,2016-10-08 15:27:37,0,Two stars for ok food. Service absolutely sucked...bad. dont be in a hurry.,tip
-2b5qD33bRSEpM_QW_obgw,6JHO6E6brnJOPK5476QY6A,2014-09-07 20:15:16,1,Horrible for eagless games. Turned on the music with less than 4 min to go on game.,tip
tBXZIkcFCSgtbnjSDREgpw,8jXmNMrGJ2acUG1R-D5e6w,2013-04-02 17:04:22,0,"Not as good as the original location. Still has some issues with water lines so they don't have any tea,and they also don't offer mexican coke or bacon vodka. It also feels oddly gentrified.",tip
ZH3PVSJ9OFcps-MXsJu09w,28KaBn2mvz6Uu7psGcTrWA,2013-03-16 19:01:50,0,Dude that works here knows everything. Don't hesitate to ask!,tip
pZrNsWg-H9VVQDMSeqmL2Q,onoy4oiOSB-YhAGy1KCJ0A,2013-03-08 22:31:36,0,"A tip for health nuts like me: For a $1 surcharge, you can get your sushi rolled with brown rice!",tip
k-UJu7KafVOGm6QY93R2fw,KcBA-0pMxi0agXUAive_QQ,2021-10-31 19:51:34,0,"Yes, I'm very happy With this club, go early.",tip
kzsVUq9e0Ie5TRU_Rlpwcw,DV9YT4rVKYJf0tU5kf6S0Q,2010-06-06 21:23:18,0,This location is open 24 hours a day making it easy to get what you need when you need it.,tip
mfOkLsJUMKV_lphqI4l2zg,GtrY5U_M1ac3bYCk0DUeIg,2011-04-14 20:09:41,0,Really good sandwiches. Love the chopped pickles and tomatoes on top.,tip
fMz-DM9BIwQdEw1bYpkZnw,qNrGO0yVfytpnA6YwTMqKg,2016-03-11 17:24:46,0,It get crowded if there's no school!,tip
xsQyTGdGwM8k3Ns3miYgGQ,FOjwOw-8-29YJxIXaN8bIw,2013-07-24 22:15:45,0,I hope they make a decent martini.,tip
9wp7Wbuxoqs1T-t5rOwo3g,yWk13ePLz5VupvE1OdvmCQ,2014-05-15 02:11:53,0,Get the Firecracker as an appetizer. Amazing.,tip
Ch759-9JBBu-UafQ2-abYQ,Y5PhEJ4pZ2Pp6LMa_lLe1Q,2016-12-28 21:13:10,0,Omg!!!! Popcorn is popped in small batches.. been sold out for two movies come on son!!,tip
ZwunyzxyEt503wIGD5qBUQ,YxzjYHBkWLwxpvOlcjKkhw,2012-05-27 05:51:49,0,Frozen Irish Coffee ....win,tip
K8zpKLOeuN_rSYCq_JZrbg,1V-DmXlZjlgI-vkZEG9P4w,2016-04-29 16:27:40,0,Go somewhere else unless you don't mind losing a lot of money.,tip
0du93EkEwKuxRG_x6hqVUg,EwFc_BRT3XZOJr5pQZAbkw,2011-11-09 13:41:04,0,breakfast with my boo,tip
YOEozGPYxmFazZ_KS7R17g,oRe0iraGEsVSNKxcp_hjbw,2018-07-11 01:14:05,0,"Wow, just wow.. amazing staff, amazing food! I can't get enough",tip
PT2kDWAaJ7Hubcgun5-nAA,xVLoxYL8Jrvj1JQlM_bfLw,2016-06-30 12:28:04,0,"Friendly owner, good food, a little pricey. I'm gonna come back on a Sunday for the buffet!",tip
Oy4wACZVhoJDImFBu1T--w,Hr6aM0s-woIJaW6DJSbvNQ,2012-10-17 01:03:40,0,"The happy hour was awesome!  I had the lychee pomegranate martini & a bunch of 1/2 priced appetizers, including the awesome yellowtail jalapeño. The fish was fresh & I loved the ambiance -a friendly, laid back feeling with a cool backlit bar & nice decor.  I'm definitely going to bring my friends!",tip
_xdqNEgO-AgxxZNwMSIiiA,xVtO6a4dqKQQzMXkSPL80A,2012-03-05 03:08:30,0,Call & check for closing times. Sometimes they close as early as 7 pm for cleaning.,tip
ZvqquNxMFVP3gLSCenVEow,dJ4jKcCq6tWTFIfIOjBtzw,2013-12-09 18:21:40,0,Get their loyalty card. Points are based on dollars spent.,tip
uw9cwb4qvH0EKvUh-X_W-w,hm_vd7AoipjSa3i0AFAR5A,2016-04-20 22:29:13,0,Pizza Boy Mango Bomb!,tip
WXuSEBwq_w8J9mYP7AsTMA,oIH5YWPy_g61YXM6R900Wg,2014-08-01 21:21:48,0,Just a great spot for southern food.,tip
3hLJ2cpoCDiI5u-Yl8XQ3w,HFPo4XCQOQyPyZMkh8zS_w,2012-10-31 05:36:41,0,Slightly more obscure local brews on tap line Tin Roof and some Parish Brewing Co on tap,tip
MdAEKY_32pX-F4j7cYy3oA,TJexW9YlEz9VYdA5I6mF9w,2013-09-07 21:10:21,0,Buy one get one free wine all day and night for only $4.50. Now that's a deal!,tip
IdZkKL0NLgx336-MeLJf3A,UMxtDsrxSGhz_G1iLHWq9A,2015-03-15 00:48:23,0,Saturday is a mad house.....2hr wait,tip
GIjC362dHLccHj0yQvzS5A,xXAWWlpXGlDfgGzy9TTJIw,2017-10-11 17:04:40,0,Try the popping pearls!,tip
SQ2J0vy4sUIrVfB6_qcbDg,ASVUoRDTLs4ZXeITPvHYIQ,2011-11-23 19:59:23,0,The 9am body step class is awesome!  A great quick cardio routine great after a weight circuit,tip
fHxHETYCW-hJhPrEVNN3hA,c3l9FEnCxH0zf8EypiR61A,2014-02-23 22:22:42,0,Used to be Florentinos.,tip
fen9BWC39ul9SJZfQ-onpg,WNjrsnJVPPnv_FtHHdjklA,2019-09-24 17:39:02,0,This is just one of their many locations and not the place to review your cable service. I suggest the BBB for problems with the company.,tip
eXNXWpZoOnD_ZstPFpPB2w,QAdaeyJlY8deDP_QbN9ycA,2012-04-05 17:55:19,0,Victory lunch?,tip
Vj9mitg3TE4Sf5fiowDxaQ,iaafIEw37duSr5PEWlYzcg,2017-03-05 04:29:37,0,Love this place!,tip
xlx-IFbE7ofVgg-a8Bk59Q,Aa0EldaVchavAAWL1DIJCw,2011-09-27 03:50:18,0,Homeward bound...,tip
the52iBr5PCJahoGPITZBw,Fi2aJPlbnkeVyRKErn0IBQ,2011-08-24 22:38:36,0,Palak Paneer (vegetarian spinach with cheese) is available; they just don't list it on their menu.,tip
tbAJ-054UpCY4Gr1MZPLrA,bVAt5HhEEE_D-6JRxFzP4A,2013-05-15 20:25:50,0,These guys do awesome work,tip
cSKLV3CudAbHGW5GOHoRJQ,USVks6B2Xkf0WLmLIiXqMA,2014-08-17 00:22:43,0,Pub Burger is the truth.,tip
ElMFfuOLtIMioFu5cNvLzA,nMHM74eFQuJyS_a7EVV1zA,2010-10-08 00:10:43,0,"Great salsa bar in the back!  (Not salsa dancing, salsa eating.)",tip
yUroE2YXTEWIPOaQ-IQ4fw,m3NH0HumRCp4ARx8RBD7IQ,2015-07-06 07:08:21,0,"The Wings hier sind Ort's berühmt, also ein Must zum ausprobieren!",tip
MDTRo1pLKLK-UJTv1PnPMg,STN86leLu3uR-4OLzi_xPA,2014-08-05 16:56:10,0,Breakfast served till 2 and great pizza!!,tip
_qkhrBVY3uPaYaRJwy8q7w,gr5eG2ciS_6M-brZVQ-KEA,2016-01-12 23:21:33,0,This place is my family's favorite and the food is always good especially the kobabs,tip
acPFDB6xB5qtcwTCI2wLvg,m4xrhESFLaA7PiddXeg2aw,2013-11-14 07:41:22,0,Sangria specials on Sundays.,tip
O9Dbdo2LZut3e8VqIY9gtg,ObHsdZKeFSvoPJT8D0r1yA,2018-05-02 23:49:52,0,Get a burger and a bloody. Thank me later!,tip
HhpyyMvmIGwgyGu-9tFNGA,hAy_RwXZuChtpe9d4U94Dw,2018-05-22 21:32:20,0,It's open 24 hours. And parking is specific to the location you are visiting.,tip
aNOE2N4zn9x-DRRQ2eld1Q,4ZdRHmtb-9DETE0YJ9g4kw,2015-10-10 02:21:07,0,"Great atmosphere, food was delicious, and the service was excellent.",tip
e6P64p9uKi1J_Z0jYNswsg,m9HwZDGAediHCI0IpzoRbw,2013-01-15 19:31:11,0,just what I needed; peace and quiet.  if you're like me and don't want the music/tv/conversation it's ok.  just let them know that you want to relax,tip
Uv7gLTHGZyHANFSOlrZWdQ,quk6TFDQyuQ4g0KuIb9qUA,2012-01-09 02:27:45,0,Pizza by the slice!,tip
z-mZBtyZx0XoQgY3KTZhHg,hW8A28dCywtE-HcLNEtjow,2012-04-04 00:46:04,0,Plan on spending some time but not necessarily on good food. I'm not SMS fan,tip
gEXCenYJoGt6GqR1uINEOA,FEXhWNCMkv22qG04E83Qjg,2013-07-14 04:52:50,0,What a classic New Orleans landmark to be so dirty  and filthy     Hard to make it to a table inside having to go through a sticky trash ridden floor    Beignets are tops and hygiene is zero,tip
4u7G6btVMjsBOZJ_yXgDsQ,yCxA2uybxz9WByw1saTAYA,2015-10-04 22:17:11,0,Read label of care.. Cuz  my black top shrunk in wash grrrrr,tip
74arnRAoze4z0KPtnr9qJQ,uvFl5Cti6MfhXRn04sG4uw,2016-06-08 01:06:21,0,Fast and hot. Good portions. Hard working staff. I enjoyed my sandwich.,tip
9iKGmQulytxMlo2-y2U3Uw,XHr3rn4BhvPomAlr7YePiQ,2016-07-01 01:37:43,0,I've been coming here since I was a kid; definitely a major stable in south philly!,tip
pHxArmj-Tlv3WVHT3-EBKQ,gTC8IQ_i8zXytWSly3Ttvg,2011-04-05 00:26:02,0,James Beard Award winner bar food!,tip
eSSMdkCnfVe1YEU8hcK5bg,EAqY5P_OQybvxQ1cNJRZcg,2013-03-24 20:08:25,0,Not too bad in here today....,tip
0du93EkEwKuxRG_x6hqVUg,dtdI5rH7F_7Q1Egc0PLfxQ,2011-10-22 23:46:57,0,"Cheering on the commies... Wait, is that right?",tip
YRWbsCC3eNhTZfjV7e1Cmw,17Y8circEnkMMXKfLo8Ztg,2020-08-26 17:51:47,0,"Great middle eastern food, produce and pastries",tip
X1nvKXUJ5Lp3W9Oe-_JrMQ,FlRWGkChmDpPOY-lTaEIWw,2011-07-30 19:51:36,0,its now closed!!!,tip
Js4nQlGRjS1Bd5vsAQQfgA,JRGJm2B5c0A8sDSyWydAYA,2012-09-22 18:26:52,0,They have a vegan chocolate tofutti flavor!,tip
LwU32V1Fgjsump-FfiZ2JQ,kcOWQgF8gnehRd1UVmBkAw,2020-07-18 16:23:01,0,"The food is great.  However, this is too overpriced for the food quantity.",tip
xYxt8R5ykQH4aO-nYpESjg,OzoE9NH0xjhfsVMc7ygaaQ,2017-11-10 00:51:28,0,Great pie and service.,tip
mKoQi0-lXExGi8aVQfVPTQ,9f48RWEylLgrkCt0-49iHw,2011-02-20 19:13:26,0,Buy anything,tip
7fwYQ8YO9ks-oKx11GLJoQ,gw3EEsP4q6rZEJoTmxg0tQ,2014-01-14 21:44:36,0,It was yummy :),tip
qexgfkeIVmkRrtHcvrnIlQ,0zWAsCBzvuCI_Ydx7yH1Jw,2015-10-31 00:35:10,0,"In my opinion , better than Chinatown food !",tip
MNnKO-qq69KumDndag8wRw,oBNrLz4EDhiscSlbOl8uAw,2012-09-01 15:40:48,0,"Good breakfast - hash is tasty, shrimp omelette is well made, and bacon is always bacon. Order the bloody Mary as a double unless you like them pretty weak.",tip
SpgyZXFEuP0b_1Xps9s_Bw,niGe9qqepMcewft8_g_zgA,2016-10-07 18:45:46,0,Bring some money and eat here!!,tip
VEBbEios0TfDxGqSMmnxyw,wrgtmWOkq1FwnlSgl6QcJg,2013-06-10 22:17:22,0,Come here.,tip
hwgGVwGM9karoHqfhM9Meg,WqC5u-0DNlSuV6ty5kVbnw,2017-09-11 03:30:54,0,So love this place,tip
B4Gn5QTKDsmmV_zwqBqRkg,7iDE5Vwm71BWioQfES0Bkw,2018-05-27 15:41:55,0,"Don't order a soda if you're trying not to drink or DD. They charge you $4 for a soda and no refills (which they didn't tell me so I had to pay $8 for 2 sodas). Pretty ridiculous price for a new joint in Philly, I'd expect this in Las Vegas or Miami not Old City.",tip
9q_zr98_QW_LMpaRbGg4kw,iSRTaT9WngzB8JJ2YKJUig,2016-01-18 21:07:41,0,"Must go. Great food, and classic",tip
XkI59dvH5dv3hf4XO842Og,ppqy2ZngsnYbp9e3qXGz-w,2014-08-16 00:18:04,0,Limited seating. Menu on urbanspoon was misleading. Nothing really for kids to eat. Really good value and pretty yummy. Real busy though! I will come back without kids.,tip
zN8UkaaaLBHkvqHT7u5JPQ,KSYONgGtrK0nKXfroB-bwg,2017-06-18 06:21:08,0,"This is a great place. The food is so good, I would strongly recommended.",tip
yi-iLaHZOluOpI6mYEXurQ,RQAF6a0akMiot5lZZnMNNw,2018-01-14 22:48:37,0,My favorite steak place ever!,tip
W9SZMemIzJ_SqySYnCfmeg,gMMB9h6NErOo9MlDBRJkXw,2020-08-09 20:29:44,0,So good my new fave fro yo place in the city!,tip
mlTID2efmuyxv9cLwidceQ,tQRwoBkWImFYNFkv-gMXpQ,2019-08-10 19:58:28,0,Filet Elise is to die for!,tip
EWqL48JnT7YWP5YNfWjKrg,AT7olrgnw1dbLqE28n3eVQ,2012-08-29 22:15:36,0,Guess who???  Trying Shawnee Ceaft Bourbon Barrel Nitrogen Porter.    What a mouthful.  Rockin in at 10.5%.  ABV,tip
VrA4NBEDqQiRgtY8JY-8gw,3WU1ZobAqXQ07xYoKE2Vyg,2019-08-23 03:41:05,0,This place is not open 24/7 as its sign indicates.,tip
gupCrV6nc-OdJ0ZGDoueoA,2wmNwmEmErA2AvI68KJN3A,2016-09-21 16:23:30,0,Ask for Matt Gordon as your service advisor.,tip
osd2XOjVbW8pcRrWh1YApQ,aw_WRiz84IsViKgzuoD99Q,2011-08-22 00:43:48,0,Getting ready to watch the Tucson Padres vs Sacramento River Cats.Triple A Baseball...,tip
qBPKS61W3nYguba7Pg7U9w,7HI9pccJr1sqs8MrJQJNgg,2018-04-19 02:32:58,0,Honest and reliable service.  Owner is very responsive.,tip
xSWC5f0gvujI061jNAulBg,mRpk0A4u0hnF0lNe1h4hGg,2018-02-07 00:41:27,0,What a great breakfast experience!,tip
HwK32CNGv9LfCIaOkZXuxw,RHj1RITdSwuXTc-lfJPO-w,2016-03-19 02:14:10,0,Good food and great prices.  Breakfasts was hearty.,tip
NSLlF52pUCO6rRhcGHHThw,gciMEyy9sIcwSMREEvNiXA,2011-12-09 01:23:35,0,The sausage lasagna is absolutely awesome!,tip
7aPs18eQHyAGnOqPbNdaXg,sCRN-PqagNGX_5F6HjB3bg,2016-03-05 22:35:17,0,My second time here and they do a great job I love this color,tip
lqHAb35BIqVtPAWz2QEb4Q,MlDgcQAyr4wLZkS39Z-3CA,2012-03-16 22:51:26,0,Cheapest gas in Blue Bell,tip
DMU_zGhv60Bs6rzzPBHcbw,EtKSTHV5Qx_Q7Aur9o4kQQ,2012-08-30 01:01:56,0,Fishouse punch is no longer on the menu. :(,tip
QvZ2PLK32J35zUSURsEHqA,oDETvkVkHw7CjZj7ZOZFOQ,2016-08-20 08:54:40,0,Not too shabby,tip
8M4_nA8e9VacrirvCwrl8Q,aRcqxBPtEiyXqyJmgcU9dw,2016-04-15 02:02:58,0,I got my sandwich but they ran out of sandwich rolls again today.,tip
5j7VuBE1joTcUazN-PQddQ,lFxPP7RKBqLf8B-DyM5Ulw,2016-09-05 20:26:26,0,"Love jimmy's, great owners, awesome food, just what you want in a neighborhood place",tip
Ge8XDw5E2VZOQ2SYYfxV9w,cuYMRqzehT24XJk-YSrExw,2013-10-20 23:43:02,0,"Potato pancakes, potato and cheese pierogi, kielbasa and traditional polish vegetable salad... I love getting a euro-fix in the fall! +++++",tip
_Ho-yOQpVFyCvlRk79khpQ,P3qii5-Hch2tDd1e59znXQ,2016-07-08 15:33:42,0,Some days the lunch special is roast chicken $4.50 and the servings is Huge!,tip
8BNExtPYkZoLd-TCv2w51w,b4YPBSnqU5_L6TUz147Dow,2019-03-23 16:07:48,0,Amazing service. Multitude of choices from picky eater to full fledge foodie!,tip
1MwoiUajN2l54d4K9uTycA,My0ztUgvsTJhUhSBjI8F5g,2016-02-01 16:29:51,0,"Frank Sinatra crooner Rich DeSimone's show ""The Chairman Of the Board"" one night a month - no extra charge, reservation required. Schedule at croonerrich(dot)com.",tip
7fmAcPFBDbHWp8nxWVv2gg,JdR1vhCkBiTNkh_kM6Wsjg,2016-10-03 15:37:02,0,I love the work stations equipped with a desk and seat for those with Laptops that need charging.,tip
fJQB8i4ircBJ4LG-z6Y5vQ,NKZl502pYc-l3DT32aoX7w,2020-09-19 19:15:30,0,They were not wearing masks when I was there.,tip
07xxsYy1DtSAZ07wt02Jpg,gadHTtm2cEOfxWMQSYCUQA,2015-09-01 21:36:10,0,Love this place!,tip
R6ZMkAyfonbWqChZVDDlAQ,Tu3jH7yS5aZllU7JZ_cViw,2012-03-14 16:52:05,0,Gyro sandwiches are fresh and tasty! Great spot for lunch!,tip
8i44YNsLcG4QB_vYbOCdvw,rnaE88k8yV5pFAGJeiIK4Q,2010-07-17 02:48:23,0,First trip to the Knit. Nice venue. Haven't rocked this hard since I cut off my mullet in middle school.,tip
14atJCcP992ghFoOcn-4nw,FqxfsOhn13BKlXm94f1bjA,2013-06-07 01:03:35,0,Heart shaped v day biscuits,tip
amq9RgubtZJK3ASuPCkUrw,07Ypw3YPZtQ1rFZnCueeuw,2015-02-17 04:19:11,0,Very historic. Beautiful and old. Has a nice pond.,tip
T8G2_0kbRrPOGdrByxVrHA,2XB1E3iB-F8Da-uc81n-uQ,2015-01-11 07:31:13,0,Don't go. Excessive cost for low quality food and sub par service.,tip
Bn1uXD168TnrfIg3RxXkng,4EaRjOTNIo-72sQMf-Wykg,2018-10-11 03:11:12,0,Very good snoball and the guy who helped me today was awesome and considerate ...,tip
twotNI5F2WU90Yj0YY1J4A,hEXWbGYZ1aw4s7IY7puHGw,2010-07-15 23:15:09,0,Best outdoor venue in Franklin.,tip
0Cr1-ButxsuCCRBExuZlTg,3Wk9hy39edQDUpRGDH6xCQ,2016-06-21 02:10:17,0,"Friendly, talented staff",tip
-Ax6mrXWRTUxnBo1jQKf3A,1MVMKUvZfWwIqkhxP3rYvQ,2019-04-05 14:53:43,0,They serve old food to people,tip
-em_GF5Uxqg-d6YRFVVfaA,9I7VNu6_VclomWuINtIFaw,2018-06-20 22:19:46,0,Quick yummy tacos^^,tip
SXgunImtiY9zgg5Ajcs29A,KRpi9ZJHt65jY4DfwI7VrA,2017-06-25 01:23:57,0,Try and share as many dishes as you can to get the full experience.,tip
8zHrKMooxQOyVzq82CFF1A,n1C2iRgATjd8C5geQQHTeQ,2011-03-13 01:09:43,0,"Tables are so close together. Every time a waiter walked by, butt cheeks were brushing against me. Fresh bread was delicious. Food was ok.",tip
_CKNZp-SnCGsnTGNXRuQXg,4H07EUUCT55Zt4TQubKmSA,2016-08-15 02:49:40,0,Best customer service and products! Love the ring my fiance picked out!,tip
OFj6KTUzQaAi-ilVJ1OxlA,vEdNsFx-ozYFNxR9XZQ5AA,2015-10-13 10:09:56,0,Outdoor seating and a fire pit area when it gets cooler out.,tip
U9R5bmRb_RcgZHVOX7vvMw,J0joPXxmN-_9Lzafspqdbw,2012-09-14 15:21:48,0,Still the best breakfasts in town,tip
qTMK2qr6ngof4fe29qyooA,e9E_20JKC8By4DzHuVjwfQ,2011-05-10 14:08:52,0,"I wish this place wasn't called ""eye institute."" I've never been here for my eyes.",tip
uNGpUVl1T5NaJBf5P4Il4w,ReV4Q3rEJ8neicQPc6pC0w,2013-06-18 19:29:07,0,Get the shrimp cocktail. But be ready for the heat.,tip
u_BKKzGs9zppMajZPLh6rQ,K7KHmHzxNwzqiijSJeKe_A,2011-03-05 13:28:08,0,The saumon fume is off the hook,tip
yeOpvD5mDF6fZhOsc1XFJQ,8p_D0W23kkn-VC3txhdI7Q,2017-07-01 16:22:07,0,excellent!,tip
e7-UH6daJ2mYQh1LW5HQlA,l_GULQxYNQP6g8bFPt1Tow,2010-08-16 05:56:05,0,Playing good tunes for the night crew.,tip
2OPPq89LRawgFRyISi7wwA,Hvd8H_ys3ZiKO4DTiH2RJA,2012-08-02 22:55:46,0,Brave with my Princess,tip
6G881R2WejR2JFAUPkjeLg,JXsyFZCTg3qgar-cJe0g6A,2014-08-30 17:23:39,0,Buy a CAR from PAR! She's super sweet!,tip
IcowqfUjDSmdwtT0vp4pRg,twImuZzec1_i6mSFiXOqSA,2017-05-11 21:08:18,0,Onion rings are so delicious!,tip
J_LP2UGGFj8eyx4Ld4EilA,DXDoh8MNrqjtXsZnkuk4hA,2016-08-24 16:48:18,0,Great service and the crab garlic fries were amazing,tip
SHcPVk0oUk_ZROCyE1tTSQ,MPvrpdF5kLX-tceVyvVTQA,2016-07-15 23:34:18,0,Try the wheatgrass shots. Excellent!,tip
d7uvBas9ITf-leoGesLdJQ,KW7hDw16MIvR_gyNKzTvNQ,2018-02-21 23:34:41,0,Good tacos.   Loved the grilled fishntacos.  Spicy and tender goodness.,tip
S7zVbmIA1MHaTBqoZ6x8-Q,ZVEZPj5E2Myyks4duZSntw,2013-04-13 14:46:11,0,closed,tip
VP-NbnroKyJl7PR5T8Wnwg,PBUP6KRtBb5OUFfcpCXPHw,2018-03-12 18:39:50,0,I love this venue! I wish they had concerts every weekend here!! They have 3 main big bar areas and they are all very easily accessible.,tip
XxXgpP6U4phlmZfPM3Io2g,jmG_QxXXfz2cnw9dQCXJLQ,2019-08-15 15:10:52,0,"Great coffee, sandwiches, and ambiance. Speedy service. Highly recommended.",tip
R2tAq8KtMTYBS7DXD5MCqg,0LR3WhveQWj9zqCDFjshZA,2012-07-07 17:40:37,0,First time in a month. It feels good to be back.,tip
rHjR7Q6a14l9zyyEBvJrtw,kaW1wIGEVtLtAEIgHm_PQg,2014-09-21 20:00:20,0,Great neighborhood bar!,tip
oMfKhcTOrGIKW4UlJjsgOg,-tDmeO1Q5aqThVY3AFJJ7A,2010-12-02 03:16:17,0,Dining under the sea!,tip
g-ZVs-g9cUybq9qi2MNBWg,ci_PNLOL9cM2igVCM1H7Jg,2020-03-09 04:29:11,0,Thanks,tip
aJhKW-YPN7hjI4QNMgxfvQ,-xaY1TlMf20Ol9QLcDSU6Q,2012-01-07 00:54:53,0,Krewe of Joan d'Arc 600th birthday party!,tip
a2BZP3YiYPE9XnC-g7UJUQ,PZNPCrABOBUP_rbuXkYzvg,2014-02-08 01:20:24,0,They have sprouted tofu,tip
wOiPvxbp3Mc7E1Ukf0Ojzw,vKla1VeUuHYgo2pLXVRWyg,2014-12-28 12:47:53,0,"Dump. You'll be more comfortable, with more amenities sleeping in your car.",tip
oq6T6FcKl0TA9LV_970_8Q,OcReu17xXxUtaS_kuXg0SQ,2012-06-20 16:30:49,0,"Good Sushi selection, look for the lunch coupons!",tip
ldlVS1-0mXt1PDiNUtLWHA,WFqvIxxBs40BMzguyMcV0w,2018-03-04 18:48:07,0,So yummy! So fresh! Great cocktails!,tip
pYwRDqfr-nGdQN1WnyVa6A,gfPDLZimZu1NtBIDbeXetg,2021-04-27 00:27:05,0,Indian food is like an explosion of awesomeness in your mouth! Comfort food,tip
avVnT5uof_9Q9kTiHQPK4Q,tmB7B9n_9ZW-I7-ONaAG9A,2014-03-26 00:30:08,0,The bread and dipping sauce is awesome!,tip
DAeC-Y66n-jNMJJw4oAfNQ,2QuNidL11O5cfWUKzhP2hQ,2013-12-06 21:16:32,0,This Express knows that sharing is caring. Both men and women's clothing under one roof.,tip
_Yd3QXQsFKok39spd2ft4A,wXQwMT25odPHQ2LnIksr5Q,2013-08-26 15:46:26,0,Get the biscuits and gravy they're the best!,tip
z5SsgFBkXP5TnINhXumcFg,oHGPTi_BMJGOuAQqhOa0Qw,2015-03-30 04:48:19,0,Not bad. Fish could have more flavor. Fries were good. I will eat here again soon.,tip
40WR7e1-CS1zTmfPCIkeWA,tW85sx5fr8-gCTCOi0c9Pg,2012-08-24 00:54:25,0,So far not very impressed.,tip
-y4O_E79Z6QwEI1p4OU_0w,WcrXzZ5XapK0c6s79MueNg,2015-12-05 17:15:50,0,Oven is down!,tip
l3S1srqK1CvjB_S4r-ZBeg,lW0j4djwjel3zBXMPaxv5A,2017-11-01 23:00:31,0,$6 dog,tip
zKpNLqZLFuITOB5-hvmv7A,rQ5xsCMH6Xdk4NnmdeA3Eg,2014-01-05 21:43:18,0,Great food (pasta and musels) and the prices are perfect.,tip
diSVE8c8DnbjiQ_JOMv5Hw,LaEnUeazBtFdu8_IJlH97w,2019-06-29 23:10:56,0,"Had. my boy 3 year BIRTHDAY here, gonna be amazing!",tip
iAZTgJ69Dl6LqlKZljdLnA,KTsB7DO-kXVcy23Ds7_PFA,2018-08-01 22:39:12,0,Love It,tip
UhyXJgDM6cfJbjt4JeKQ-g,HjPNoa8FJGaqoQ-28mpTig,2021-07-17 22:56:33,0,Undercooked rice for 4 orders at this location. Also got rice for a noodle order.,tip
b7RLvMnMhUWfinNo7U9i3g,Yhb7c8qY8bfAsOrzadMSiw,2013-03-19 23:02:33,0,The prices for gel mani,tip
wtHMrEi5kaeCToE04k48gA,rG0UTjvbmVVsh9-kGzeliQ,2019-07-27 04:37:40,0,Worst. Restaurant EVER. Horrible horrible horrible food,tip
WwulXySQN8t2hwqH_yWurA,Lk-NW5OoKDVjTUB0VOt0uQ,2018-12-14 15:57:33,0,You can now buy three gift cards at Massage Heights and get one for free!,tip
7He2tF83YGi8cgbPXByEUg,XJvOamdhTQI65jmzTfreDQ,2012-07-14 18:19:24,0,"Cookbook signing ""food in jars"" author from 2-4",tip
UF93ng54bB4981krwCMmKw,EuYdJeX1EPC3TH_D8FJPKA,2018-10-10 18:48:02,0,For those that drive parking is pretty scarce,tip
q2vt96WEQ7_pnCmMYbSzjg,Tq0Tm_-qrCVSI9j2mxvCzA,2014-12-09 00:21:00,0,Don't waste your time time on the slots spent $100.00 and nothing paid.  Not even penny slots.  Most machine are old dirty and bearly work properly.  Some don't even have sound.  This is probably the worst Casino I've ever been to.  I hate to say but come see for yourself,tip
HBjFBmZ3PzNZbUqUPfPjBQ,52iW9Eo-EWJZXYYjQ5pAKw,2013-07-07 01:16:58,0,shuffleboard!,tip
tz4eV6-OWT6dl0ME_qWSdw,gKHxy8chDJCZb-Y12h229w,2015-01-10 13:21:58,0,"Normal, nice food affordable and fast.",tip
DPdReZPD-GfhRRc2Ssm9QA,KUYGwEEEM8yFkCf-CxpRPQ,2012-01-11 19:26:42,0,Birthday Lunch. Pad Thai.,tip
QaBNIUwzgN4v_5wjmlJOCg,NQ6v9hMwtfS5mn2a0vQr1Q,2011-10-11 01:02:14,0,Churros with filling. Mmmm. Delicious!!!,tip
9G0iJjDtoNV9PUWCDxu5lA,5v9Voa4a5MON7mAQO3gV3A,2020-06-20 23:24:28,0,"Pork, Rab and Provolone, roll super fresh!",tip
kQySp_3xBTNJmgJn0S3hyw,XSuO2E30ArnrjH9jquaK5Q,2018-07-18 21:05:50,0,Great food! Great service! Oh and make sure to take a dessert! So worth it,tip
zmlt7zUWY1Bi58_2n7UopQ,rBE5TT_ndOOczNBrbRnJwA,2013-12-02 02:11:33,0,The dessert cake looks like this... Oh and that's a hookah in the background... Pretty cool.,tip
rUQ0uTP4lbqbEl7PGhCugA,WQ832PDnsDshhbQFm83ISg,2015-06-21 20:05:52,0,Quality and Service continue to go downhill. Never fails to disappoint.,tip
LPhn7KHlErXphmAHp3l3bg,uy_x3_mSkzcjod2fM1ZdRw,2018-08-04 17:12:11,0,We had great food and service and the building is so cute with a great environment!,tip
ACMow41cVWCFicleKBW7cg,yz0KWVamNhqiZGz7XTClzg,2013-07-10 23:57:09,0,Frosted beer mugs!,tip
1zTf_J_3XtIM4Lw07GfYGg,128uR8pLgiHKc9ODW_qdWg,2019-03-06 14:55:57,0,Sorry wrong. Company. Solar City is bankrupt,tip
1KVMrASElCoqaPOBqHeY1g,vTNm04guTgOT5hCmGSN5HA,2016-03-29 13:09:09,0,Love those jalepeno popper cheese doodles.,tip
WSDvMF1Oxu8mgEObz-sCgg,YMPgp2EUXV0DRFG0M08AvQ,2016-04-27 05:55:06,0,"Four tips- update the closet hangers, replace the mini soaps to a large bar and body shower gel, change out the carpet and secure the Front window (it locked but did not completely close).",tip
A3xbY1vu0Qeq8-QZbZHFTg,OcCrSDYR5cETO4FZ7R2iEg,2013-12-29 00:31:55,0,Burgers are great! Great service! Hot wings are were very tasty!!!,tip
plGyUSkBvsATKo641UZYQg,yU5zCpNITpphnnGOnu6igA,2019-03-05 13:12:13,0,Awesome,tip
MR5g92k0LgX-QsLnEl-Ofw,7OP6PZdaUMHWZvSow4NnFQ,2016-06-12 23:15:20,0,Again. Ate there. Wings are SMOKED!  Great. Ribs are wonderful. And Nesby is friendly and outgoing. A hard worker who loves his work and making great food,tip
PT2kDWAaJ7Hubcgun5-nAA,fy9gJwTkNghpCIHjaXhnAA,2017-06-20 21:54:54,0,Maternity section,tip
bwT4kl7eI-5iO1KYfgcTcg,encfXG_jrG1M6gX1IqrHrw,2018-05-08 23:15:05,0,"Good food and service was good 
 Will  come back. Evan the bartender was great",tip
UlWDGR0QrBbdFsVY6ugocw,E_wwKdlWHnjpuEpiOMKPfg,2011-11-17 23:31:46,0,Prepping for Blues Live. Go Blues!,tip
oknU9tuT6R16XlolOBnWHw,ZaW1E3Eeic8P0ZIOITBY7w,2019-05-03 23:25:57,0,Enjoyable.,tip
aOrWnosN70fbla6CipHnVA,zsQ1_PNV3KN0EWhAE-WV9g,2013-07-05 19:21:25,0,Got to try the Chul burger.  Awesome and it comes with fries so the price at $14.50 isn't too bad considering a gourmet burger.,tip
8wYt2OfdHwpe2eaP2Z3Qsw,23qa5SsahSsVhqAVmX6aow,2013-05-29 03:14:56,0,"What else can I say. The Vault is place for me to defy ""don't talk to stranger' taught at an early age. But if we don't talk to strangers what does that mean? Check out my daily inspiration video presented by  Maria Bezaitis: 'The surprising need for strangeness 'http://on.ted.com/gc3W #TED",tip
fgtsVh54kZzWpI6d44I7WA,eub4YPzxUWWtJoy_d72rSA,2012-01-21 22:28:17,0,Be sure to get the thin crust---their specialty.,tip
35WgVGUNwj1z3VCgWTAabQ,FqOCC8Y9xryaX7sIBJcrxA,2014-06-10 17:24:11,0,Order sushi!,tip
WbfcdVRY64eUjZxri79tyQ,582qelAj3_So_uj6yuTzKg,2015-02-14 20:53:31,0,Awesome food and service,tip
htOowopWhIviDjWEgx5Buw,Lquy6DNQMynDJfRN2nE26g,2013-11-09 18:19:02,0,The salmon is so good! A must try,tip
yNEuxv_oq2w2bVkMy7Gz6A,Ukl4TXKmgmljFn7JpK1LZw,2013-05-26 00:11:49,0,Chocolate covered coconut cookie is an italian mounds cookie. Nice. Great expression too.,tip
CqvpEcYAHgjOCZgL4SH70A,6HUagGJpRoBo5FOIY8v2tA,2012-09-12 16:39:47,0,Family favorite.,tip
WB7eY3WF7rsWX3yYBRoKwg,nwN92Uje-xIKE5voPTTvBQ,2016-09-29 21:44:13,0,Try the Pork Steak. Excellent!!!,tip
FEP2smAlvG95bufGzogsnA,xAwES1JxVnoLmRPGrVu30Q,2015-09-09 00:07:18,0,Try the pot stickers,tip
rZAJz39qZBdeUYgdRYa9bQ,bp482wqF6v80AltDNlPDfw,2016-05-03 22:05:52,0,Great service and the bahn mi is DELICIOUS!,tip
qJRjIMqCDexXr5P6UTk1gw,mBZ2ghpVX5wUnoz0TJKE1g,2014-03-16 01:14:51,0,"Slow kitchen. In attentive wait staff. I'm frustrated, hungry and will not return.",tip
GbCG8zkKuDUg664vJDIJ4g,DZglT5FP5VNDQJU3PuRIHw,2015-03-03 19:47:46,0,Delish! Their bass is outstanding!,tip
nXvlHerzASathPUwQ1pGsA,yNlR9wTzd6Hg7It9fQrhdg,2016-04-21 18:48:32,0,"Highly recommend Raven as a server. 
She is very thorough and friendly.",tip
8F-3ZoFnX6YCIxSmGwZgUg,EObqiayUiJ_SJK3y9aOfWw,2010-04-17 02:43:57,0,They have hot glasses!,tip
Y14KDEQoRyMzYZZiFlp2sw,ReX09lhufLTAx19krkltDA,2016-03-11 20:27:15,0,"This place is so tight. Tight like my highwaist jeans. Like norma jeans, jeans. Yum.",tip
NGGd_11d2RXR8wTurenLgg,SL2KmQz1NFdVhXWhJT6wJQ,2017-12-10 00:51:25,0,They finally have (delicious!) fried chicken!!!  There is a God!!!!,tip
6i7XsIdjmExkLJJ8RggRyg,pWuoHHu0LuVrD0HjadDygg,2012-05-12 16:13:47,0,Cant go wrong with mimosas and the Banana rum French toast and lobster benedict,tip
s5D7B3RKrnVMjtbzdJxPRA,PuD-E-CH57TkaoMhrmS4qg,2018-02-24 22:20:31,0,"Great sushi, great service. We get carry out from here often.",tip
A4bsa7ykYRVCnb4h2vZALw,DQgX6IbCPg3SKdFAgWK1uw,2015-12-27 01:12:24,0,Customer service is excellent tonight! Thank you Robert for being a great waiter.,tip
3SWkkkWMNzV1Nws3oZCwKQ,8yR12PNSMo6FBYx1u5KPlw,2012-10-13 01:34:16,0,40 minute wait right now...,tip
DDcg8gaCLBU7uvh_iGJwAg,MxSYK1lcehgefkNjWuj0xg,2011-09-30 23:54:34,0,"How can you go wrong with an establishment that boasts a framed ""Rocky III"" poster?",tip
_55zCp6-o0_MDMBnZFQe1g,ZD4pn3wsNh1EnXF3GuNQEg,2020-09-25 20:20:17,0,The fried chicken is tasty & made to order. Best in town besides my own homemade.,tip
Siyvda9sd_rCdG1GnZ84nw,9I7VNu6_VclomWuINtIFaw,2012-06-01 02:54:22,0,Chicken. Burrito.  It's so good you will think about it..often.,tip
q91tQNboB-0HWtM8cXRjdg,Bfn7SYzvvemCOnjyKd4eaw,2011-08-11 01:14:36,0,It's gorgeous - fancy decor inside and a great patio outside. I feel at home. And the coffee is good; what a novel idea.,tip
jO-NfSX0jZ8hBR6LfSyCHw,anGEwomH-O3ZILp86nOaRQ,2016-05-15 18:52:42,0,Lots of clothes,tip
klXtHEpnfPE_67OflnQTmg,HVOHC7EyUMYdgV7S6kd0uQ,2012-08-16 11:28:59,0,Stay away from gate F to many people not enough room ugh,tip
a2xQmGYb4gyPwH9KXYDjbA,HNtTgTEYl3kBSN5U5FHHqA,2014-11-19 03:38:47,0,Definitely recommend the pumpkin latte!,tip
je8F8RO7impsoGO0s1893A,Y9CWVffIrTYCXE9PVreerQ,2015-01-03 03:05:38,0,Best frickin pretzels evah.... gus move over!! :)  great happier hour too!,tip
TCHzkPMNzhNeRozDFgPJVg,0ndzIekJs0PRPA5Aoz9sow,2012-09-29 20:04:11,0,Coffee!!!,tip
3UFFy3y9sYiVFJCJoaROgw,h4RaM9E8C0d20Uw-nLR5aw,2019-03-25 22:02:11,0,"Announced today $27.5 million dollar ""Mission Jurassic"" dinosaur project underway.",tip
bDCCzWxv2fU-z7eeaFzKxQ,sitPTDkBpftQB5wQ5HjiGA,2014-10-04 14:55:37,0,Ask for Lisa,tip
DQLIeWYj1YVQbxGDzw9Scw,BLTrAiin4fy5mqk0P3pJIg,2012-09-15 18:12:10,0,"Eat food, you'll be healthier",tip
FMBXhjehfwgBBOMlY32JyA,lLOuLDox8qPV0Q5jCX9qtw,2012-08-28 17:36:34,0,Great place! My lady loves it!,tip
3NYIQQCACxCdUKkWB_CnFQ,BZI1iQtX76YEwLyuL9zgKQ,2016-06-11 17:51:02,0,"Have lunch or dinner, listen to jazz music and watch the boats. You're right on the water",tip
Qr4RnZdwqjrY9_abNPZo9A,-QI8Qi8XWH3D8y8ethnajA,2012-06-21 13:24:23,0,Just take you're private jet instead.,tip
TJrtfy71qvp26I7rPH3yEg,offiWjhY-INp-m6dEGi80g,2012-02-15 02:52:00,0,"Pricey yes, but very good.",tip
qpdBQBUpwN31R5kZJbRFBQ,Fp2s3RVVvZNSqyDHLH3Q4w,2019-04-21 06:04:28,0,Steak finger is on point! Try it,tip
Zmm1_ojcgpaozqeTp9Y46w,-VlBFlHwX-Pt6Xyzs9roGw,2013-03-15 18:38:34,0,Raw oysters are great right now!,tip
QX8DCQFR5aBgv-7pr2To0Q,WG-uWu0xnqfYQbYe64n-Cw,2015-05-19 04:56:27,0,This is the add this place is advertising but they are not honoring it. Rather than make it right they have blocked me from commenting on their page. Awful customer service,tip
jY5SIRbkbE5jDCYc9DAj5g,pym7c6ZFEtmoH16xN2ApBg,2021-01-03 04:13:03,0,Try the muffaletta was not  the best but it was satisfying,tip
A9ueX0e3hGL6ArhTtoFiyQ,CgiwCrXs3Ggu9eKFPIgjtA,2018-07-15 21:13:16,0,We went here because the first place e,tip
OYPENvoFCNUlQ_QMXDoXYw,xSULbrsxdG5hgtIwNoK8zQ,2017-07-15 20:53:56,0,Great,tip
iXjSKP00cSsuDwDryI_wcQ,LgAuYz5cQe3zTxuteJ4VyQ,2014-08-26 20:28:23,0,The gluten free bread is AMAZING and the servers are super friendly.,tip
VEHdwBslg9FopcCRHS5wxg,mcr1lAEdvGLMJhuPwI3I2A,2013-06-08 03:39:23,0,This is our favorite Friday night spot! We love the popcorn chicken and Szechuan Eggplant. The service is very friendly and we feel like family here.,tip
dSpObQJT1RFv6PSk8HtY-A,rQ5xsCMH6Xdk4NnmdeA3Eg,2014-04-13 22:58:54,0,They will not a take reservation for more than 20 minutes ahead. So we called showed up and waited for 45 minutes. Not enough space to right how disappointing this experience was. Forgotten drinks forgotten food. Waitress ignored us. I had to get up and ask for refills and the proper food that was ordered. Burgers and filet mignon were burnt. Will not come back. A very sub par dinning experience. Rushed out by staff.,tip
cb43448o4CnPYEiKr9PGxg,QRotJ0k3qj4ecdqNprStxQ,2014-04-19 01:00:48,0,Freshly made tortillas!,tip
6MhhVqQHX7uXwvDwLCS69w,L_P-FSan8ln6Kiybel7Yrw,2012-11-24 01:51:30,0,Great tapas,tip
ja7uhtXlvzRzFE7JizROUQ,5Z0M8Bq3FHX-UqRCBQO3QA,2015-07-04 23:01:50,0,All the assholes running in to get their alcohol park along the front of the store in the fire lanes and across the pedestrian crosswalk. Thanks for being so lazy!,tip
hjdqKtp3QzcX1eYfOwfcPQ,CU90LyF40t62BRWyzHO29A,2012-04-16 18:42:41,0,It's really worth becoming a member,tip
E-Q6KiOGOgH9PpjH-5vfvA,kaKqai4yyt2qLt6XRv9Hyw,2015-10-12 00:15:08,0,Was ok,tip
ZkhW_TcIk2grGaLbC6eWBw,L05ILI6HOWCXo3vsih4pLQ,2014-02-23 22:36:53,0,Best cheesesteak in conshy,tip
HHA5I-avc5ZqwwHup1FShw,0ZsqqzHu1HHkDdIKoivi5g,2019-06-07 01:33:01,0,Good little quick burger spot! Friendly service,tip
2oOFuErlCKJE2Z8sNHH_8g,vP_Rkh68ohANnCL-nXED6Q,2016-07-20 22:18:40,0,"Love the cocktails, fries, and charcuterie trays-yum.",tip
3cW7EucbCaO-YNWz0oU08w,kH2bJtlej-8oDv8KjsEzCg,2010-06-27 13:48:55,0,No showtime.  I missed the Last Emperor go down because the sports bars in the area do not have it either.  Lame.,tip
0yDJnbmZOR-3OkpG1rTmDQ,4EbwDR58_1Lm54Oru_Dfxw,2014-01-26 01:37:49,0,"Great food, great service and atmosphere ...will be back",tip
XD8zIa8e2JjDyEHKefdOLQ,-09Oc2D14vRnmirPh0vlXw,2015-02-15 20:44:02,0,Here we go again,tip
S7ssRBx_rO2vZnlqb0BGnQ,j6usntbtSzFyuwx4n2mn1g,2019-02-24 17:40:29,0,This place is fantastic... the mole is off the charts!,tip
JmQwSkpVsqzPI0h_qQPSHg,yeTuU8u0aB1ujmofhDUGxg,2014-08-06 16:19:38,0,"What can I say, it's Cracker Barrel!",tip
GioIXyVwQoFOI2f1vwo1Ig,k8loHfuD6XfmxlM_podojg,2010-12-31 01:39:59,0,Chip Wilson is the bomb!,tip
TkFfkUhNLczx5LB-uR9qaw,ixPTo6Hum7nNZ7A4VPhTXg,2016-11-11 14:24:12,0,"Past and present military receive 20% off their total check on Friday Nov. 11, 2016. Thank you to those who have served and currently serve. :)",tip
2V6dDAfQWu_LcOaVASxsuA,IvaYjcuPXzgutKanTeHSRw,2019-11-21 13:43:49,0,"Always delicious!! 

Food and service is always top notch!",tip
l0ry2qXxD5LUhpXA55bRmA,E7W2rjNXy9UF0trIEtqLDA,2016-06-27 03:00:26,0,Awesome hush puppies.,tip
stmCc9cfddZARpizHW7rSw,01Vuw9VgqJVIwThiGg3sRA,2020-07-21 04:46:31,0,They have good tuna melts and Sprecher root beer.,tip
ugZX1OhzvpuhLSVh_srTVw,oHR6VtJaFg2rBSFvoEWqrg,2016-08-11 00:39:49,0,Fantastic. Amazing hummus. Amazing everything. The owner is so polite and nice.,tip
FEY7Rqz2qMjDCmRER8v_lw,CVJsqDS_XmI0CGbLC1EclQ,2016-02-07 22:52:33,0,Delicious,tip
GSKPa1JkF9UwfakvNyIv7A,Q4NmqOOn2ZhzgxtcTJXh3g,2018-05-13 21:07:45,0,"6 dollar Viet Iced coffee, enough said.",tip
90IlJm5u3Ky5-xZG6DBH9w,hI7m7riS39CrgGOhHOLH4w,2017-07-30 23:24:52,0,Love it! Best Indian food around! Friendly atmosphere and great location.,tip
lMY8NBPyzlPbbu-KBYfD9A,A7_SGMV6rFhNy82fd2GlBA,2018-04-15 01:42:51,0,Nice meeting space for any event,tip
JFt7m1ZtnWhX2dQNZGmvQw,od_MWVpghkvSsl1HKasM9A,2012-11-22 06:34:28,0,Yet to try this location.,tip
PWdye8-VRbkTtKP8oCvDYw,HC0g0xOuGDqn1jCCMctu8w,2012-02-26 14:44:05,0,Coffee machine inoperable? Really? What's the point of even being open?!,tip
zYFGMy1_thjMnvQLX6JNBw,4D5-gMI-ma_xHIKE5dyH1g,2014-01-12 03:56:32,0,Try the banana pudding. Goes fast so order first and don't wait till after your meal.,tip
aq1ZsXR83Q2KT3wWiIHmcA,5SbXk54zWe22jg95R-8Fjw,2016-07-31 03:49:26,0,Very cool hidden gem in Brandon!,tip
HmygqVr0vqMwNsJ94jYIVg,eFtQDmNER9pRB9YdPxMMXA,2020-11-13 18:34:22,0,The place to go for Great Chinese food!!,tip
2-nj1SOp90Q7MAoMM1qwug,8q15BxlJdPZBwCDfj8c7bA,2018-12-30 13:40:08,0,"New owners, place is now called "" Monkey Business"" new menu , breakfast on Weekends, kids now allowed!",tip
XedowXE1sPi4BYJmOLjt8g,bn4N0bxa-u-kBaKLwU893w,2014-08-25 00:06:57,0,Don't get the smoke house brisket unless you're vegetarian,tip
GFjCllyG1-vygjiR49qA5A,Wn82PMIQmKKyDko3wZED4Q,2018-04-22 16:09:30,0,Fast and friendly service!,tip
Hn8O2RQijYIVLFNF5VPWTA,NIpZBy1O1JFj9x2bcErZlQ,2014-03-09 02:36:42,0,MLS footy happiness!!!,tip
OYN7wLPBMImSVLJZKRmiWw,2Jh3irHzOb6UEo6ZVxwZUA,2016-04-17 02:07:00,0,Save yourself the time & pain! Don't order anything from here!,tip
CjVxr-DCgbUMSCLbWUEwcg,fiEOkqKETWUyQ6OkeM_F_g,2015-05-12 15:41:16,0,Try the chicken salad!,tip
UR2uQKmtIpAA7DufWKuaZw,tKrLEsTAUqg2TOiKJqoEcA,2014-03-09 19:28:58,0,Place is a joke. The rain does a better job.,tip
fCvMnJU1Z-XhAjKg99wK3Q,pP_jeWrWq-lvMitmkM2Gkw,2019-09-19 22:38:53,0,Now open.,tip
twDwws8mIJL3SUtYMhNzPw,3VvZpyRMg5p3nH2-iK3-Vg,2011-04-26 18:21:06,0,This place won for best neighborhood burger category. No sh* t! Wow that bacon jam is incredible. I give it 5 fries.,tip
Dk_Ly5pNHPnA6ZPMRYmrVA,VxVQSJKTCx-5WFe-clKOaw,2017-04-02 14:31:21,0,The food is amazing. I recommend it to everyone.,tip
whVBG15atrusyXRvDDp7_Q,8pOWoH05RXdYvxbXgzqL6Q,2016-08-01 23:20:44,0,Said it was open... And it wasn't at 7 on a Monday,tip
LtJxmoloS4nMGW9fV2pApw,l_slvEnh4v3W8BXF1gYlcQ,2013-07-08 03:45:39,0,This place really sucks. Avoid at all cost.,tip
nMpgScJ9MNC4BHYtbQrCMw,XKAF_0hKEpILjSEcZ5EJow,2011-03-21 18:12:39,0,Had a nice sandwich good coffee. Nice fellas working behind the counter in there today. Folksy yet hipsterish:),tip
fCvMnJU1Z-XhAjKg99wK3Q,n9YO7U3bbudSwIpkCtQZiA,2016-11-25 20:26:45,0,Permanently closed. http://www.philly.com/philly/blogs/the-insider/Sudden-shutdowns-Anastasi-Raw-Bar-and-Kermits-Bake-Shoppe.html?mobi=true,tip
GoD59-SpxioKxaV2-4a0gQ,1L0ezCVGAFXSo5zMRUJe5g,2010-12-17 18:22:11,0,Super friendly staff,tip
f3trnjZ7czrLlnS8Sn12BA,fyxmwXdg9fJ13TpuF-KSbQ,2013-10-18 11:36:44,0,I had the worst birthday ever because of this place!!!! When we articles to bouncer was completely mean and rude that we decided it would b best to leave. Who ever was working the door on 9/28/13 need to be fired!!!! I would not be returning to that place!!,tip
wOOBiAFVSTvovM4uHW5Acw,LmKpHMXSsm36viJOGVodFw,2014-07-22 19:31:18,1,"Currently there is a Lego exhibit called ""Nature Connects"" in the Climatron. You cannot go into the Climatron without paying $6/person until this Lego exhibit is over.",tip
vwiezQUmidC1B3Xhy0e8jA,awmy82IdpCC8xK56tO4IEw,2018-08-02 00:57:23,0,"I give Starbucks points for having locations pretty much everywhere on the Planet, and this one turned out to be convenient in a pinch, but the coffee here (and at all the other links in the chain) is just AOK at best, and considering the prices, the value proposition is questionable at best",tip
K6sRU-Q5iK4Dcl35b04jDA,wupvqueqdEZXQxv14sa9vw,2020-06-19 02:54:07,0,Love this spot! We always come when in town,tip
8ohYIH9wHjKdWc4yAROqBw,C26YgKWFVsW1MM-n7UJnIw,2013-04-29 15:18:01,0,Morning treats for the gang at work,tip
eN7F1QJCrjVEldrjATD60Q,Q1UGgCCgDzx8ynIbhEJ64w,2019-01-11 21:35:22,0,If I could give zero stars I would- awful customer service,tip
N_m0CiB8-lTtrwisut4kuw,oScCGLUzkGJrPd5y79_0zg,2014-01-31 17:27:21,0,AAA isn't open on weekends so be sure to buy your tickets during the week.,tip
ZhYDLsf-BAhwlJFjZK9pxw,3JOWaLAwQkYTZsgSe5HzVA,2012-04-29 21:44:05,0,Vampire blood and peach daiquiris.,tip
UZRwpMd7a_3QcgyFvOEBAA,r9EKBr0KP8aVGXxwbk1qsw,2012-08-24 12:33:19,0,"Apparently there is no receptionist. When they say that they open at 7:00, don't expect to see a person until at least 7:15. I get a creepy feeling like they ""wing it"" around here.....",tip
yHbnaOI5OIo_Hf7ReWDJXw,z6SVTb9eFIcWVpKXIfFEvQ,2014-02-14 18:10:53,0,We got here early. Nice to shop without bumping into people.,tip
nWRDqA-XXdju1jOMnN7QcA,ZGD_So3vVlY8DTSopJXstA,2017-10-22 22:56:11,0,Update your dog's Rabie and DA2PP vacination for free on Nov. 4th from 9 to 12pm to first 1000 residents. More details on their website.  https://humanesocietytampa.org/adopt-a-doggie/,tip
UT2qhTs4u9BC6V5W5lnKoQ,FbzFYmJnWdniR4uDPk4zjA,2014-05-22 03:25:44,0,Always get your tickets ahead of time,tip
zxkl3VZQMxwA9HRKZJyO-Q,q9AIbLUvAEnkYzg_H1KrPA,2018-07-14 02:16:23,0,Excellent food and ambience,tip
ho__r78VVaY9YKJdnQDhrQ,RdZoSQCSJnjx7q1lXR4cYA,2017-05-25 16:58:07,0,Very sweet and helpful workers.,tip
wFiG8voSz9MmnjUxvP0Ulw,KBG3GV4WHU-iLLSWiapbJw,2015-08-02 18:12:11,0,This place is very unsatisfactory. It smells really bad. The service is very slow.,tip
UiGZ1r7H1e3n1VhrRVDTEw,_bofVL_0MxlZYWBa8XEJEg,2017-01-28 20:14:37,0,You absolutely MUST try the café bombon and the tiny cupcakes.,tip
Lm2GsIUZS0YGWdk06SNhgg,kb1Tf4xwb7CQW5OXf9zwqw,2019-01-06 18:12:58,0,Great place!,tip
BBQT4vT6z7sQdWoLyNnaEg,yw3vRR7XLIjEnlhMnVzR7w,2014-01-11 22:16:15,0,Sushi = Avoid.    Cooked Food Items = Very Good. I highly recommend any if the stir-fry lunch items.  Delicious and healthy.,tip
cIkvojFaHDGr-cq_l4sARA,T9_tBmx1KZxsmgQ3AxnyUg,2015-05-10 15:25:00,1,This is the only dog park in town that has a separate area just for small dogs! It's farther back than the dog park right on 31st. A separate fenced area. It's great!,tip
gqL5KBs2oS7qobnyd99iKg,H1Azz4BpHYC8BlUAdMlfxw,2016-06-06 01:47:29,0,Nightly live music! Patio and indoor seating.,tip
SADUlfTKVOcPz6dCmxJaTw,prATCkHZzIXFvOzCuRi-TA,2021-06-26 05:02:57,0,"The best food , music , servers and bartenders",tip
Ba3G1SxzMSpxSFsrIVDS1Q,leXPdmhrrc9Uov1B-zn-WA,2014-11-15 04:10:03,0,I like it! I have nothing to complain to 24 hrs place,tip
3Uk8881IpQSjxCV2tKerkA,bjKfJwNPkmkZR_Av_4VlWQ,2015-06-24 17:25:20,0,the linch specials are the way to go!,tip
jCjClBDgFK86IXOadQhmpg,JmPZGysxdxvWV399VZsEig,2016-05-24 13:12:52,0,"Expensive, sub-par milkshakes. Frankly service was rude. Good cookies. Four stars.",tip
sLgekUp1uedWpnDsztvkVw,z5XOaFd-vUy-o8nWW53XHg,2017-02-14 17:01:39,0,Sending out more boxes today!,tip
f8nlKUKWXDlvGBoH_SIqKw,8MzF1Tlgz0pOkxmhP5dYzA,2017-03-25 01:39:01,0,"Bland unseasoned burgers, good prices",tip
o1hN_bZZPWB_NpfEH_6HKw,Ad5RI08VAe3Kp9mBkppHBQ,2014-07-23 22:20:22,0,Steer clear of this dump,tip
GWPl0pprMah6hHbSu2YPWw,mXcjGClCK67VVCSx0hrtMw,2012-10-18 19:29:31,0,Worst mechanic ever encountered.,tip
97qS8rqU1lkH_LPAwa8fqQ,-JIeZE7f926mnRNcdnYk6Q,2015-05-31 00:13:34,0,"Fun place nice friendly workers, beer is great!!",tip
DUM2REPlxY8oDHN14x0yow,g5W4j6-NcwVeOwQyMYUi6Q,2015-09-24 16:34:05,0,Great drinks!,tip
W1gsUewF0aKZNDQJBIekPA,Z_baIZoBe0N18WB5QM7UzA,2014-08-08 01:51:09,0,Sweet potato fries are yummy!!,tip
aj9nlQzcof14XZ0OpYatLQ,tqHbdVDUbPub5l5_OcEWvQ,2015-11-29 04:21:58,0,Extremely affordable and shareable upscale street food and a great beer selection.,tip
bhq5C-3pXrs-I8nYMUBnSQ,c_xAbBTeiIHqPm1zMOvQcg,2012-06-29 19:24:45,0,"The last time I went, the Iron Barley had specials apart from the standard menu that were unbelievably amazing.  The love the chefs put into the dishes is evident and you'll appreciate the local ingredients.",tip
D2hLksBhdmKSSSnU5iku2g,vt5Eqg2kaqG8tuOEUsFTEw,2017-01-15 21:11:06,0,Don't  go here!  It's that simple.,tip
8fWd8953RPgFmUBd_M0SzQ,AzwiKZjVqHOxLaYtPAx8lA,2013-06-05 14:53:13,0,Allow extra time. They never have enough registers open :-(,tip
EQpFHqGT9Tk6YSwORTtwpg,jKeMXXpyeoez1mbGgDijSA,2012-11-17 07:56:46,0,78$ damnnnnnn it is expensive here in this area for this place to b priced so high,tip
U1s3kFpUzkgRvKvY0lguMA,Mv2eEAuONsyKvJGGaVTIAw,2010-05-28 16:49:27,0,Great bread and pasta dishes!,tip
YO0gTuIEhAibTkY-Uu3EtA,4VXVP21v4Xec6C2mnnBnGw,2021-05-12 01:24:10,0,Very good burgers but my slice of carrot cake not so good ?,tip
7VHSW6EcTp6tmSuaxpMfPg,idZObzj0IXJ2TcZJeji1pQ,2011-06-12 21:11:24,0,Celebrity hotspot!,tip
VDfQAr43GTeA3uDtTahndw,shdx8XabDOoVAienynL7Rw,2019-02-22 16:59:44,0,"Terrible billing, over charge on basic procedures, go anywhere else.",tip
Kx4dQwDkRTK4HKiuDP1xfQ,AS7hUQSS8zg8D7l3hPXj2g,2013-01-17 17:30:09,0,Excellent pasta and excellent service!,tip
glTG9IqXWVrORZQQTVgaOw,fOStJUhq7V-qE8RL6xepDw,2011-11-28 15:54:43,0,Greeted by the rudest person ever who treated me like i was not here.... Hope food is better then that! Wow,tip
vct7jIK86U61Pl_UzS9lDg,OrgT05tCfUi88UAmzzqioA,2012-08-19 15:03:22,0,U-City Church...,tip
LJheFAcnT9ja9PuWeYOSXg,IrZBI_MLdwer8GKStOP0Zg,2015-05-27 05:18:18,0,"cheap, an good.",tip
1Jnw_pfHWLI19QHXCvoaLw,KC8_Rx4Orlsz8LIonCYXsA,2015-01-17 17:13:17,0,The grilled fish sandwich is sooooo good!,tip
Da96RNVQMPzmf3ZHn7w4vw,EtM079Cj7-B3G7jPsGYb_Q,2013-11-05 03:30:18,0,I love Sandbar!!!!,tip
117a3aPbQMFcwWvFLPQiyQ,TwnzM8mJn_nT2PJf1x-9kQ,2012-08-19 16:29:44,1,They don't serve outside seating: that's what I was told. Don't know what to make of it. Why the hell would you have two tables outside on a day with nice weather and not serve outside,tip
a4FkoHABLAsEDVduOePjAQ,IRsSA1CAr-GFRr_80h0hBQ,2014-01-01 07:24:33,0,"I love living at Rittenhouse Hill Apartments! No need for a gym membership anymore. Being located near trails, plus the yoga, cross fit, and the other classes that are offered plus a full gym and swimming pool, I no longer need to pay for the gym.",tip
DW8MEa8H3ICYzFWwMzKc7g,K7zrE6uRYEZKCLJlHbZiEg,2012-04-11 16:44:07,0,Get the tomato salad side.  Wonderful!,tip
1KVMrASElCoqaPOBqHeY1g,CqkMK7o0sWCKulu_rSdSbA,2016-06-25 15:46:42,0,So another bad start. How do you open your doors for the day and don't have you number 1 seller available? Does anyone attend basic business school?,tip
Jmq2U2ATDyN_aGazRiJTKA,8O35ji_yOMVJmZ6bl96yhQ,2012-03-08 12:09:16,0,"Terminal A: clean, basic, nice bathrooms. Brioche Doree, Starbucks, Dunkin Donuts.",tip
GLYj6Q9Wo_L4KBJ5UnYjqQ,rueQ9RiqrN8E5Lb3EyFuTg,2020-02-09 13:28:54,0,Great place!,tip
BCfMJzYMV3UKgLaq9zqLHw,wl7rFbvRUstwyB2vRDW6IQ,2013-12-29 18:02:48,0,Make a reservation beforehand and definitely eat all you can eat!!! You're pretty much paying $35+ for one adult so chow down...,tip
EMB8sLm1LA-aPQRYby1-0Q,a-pcOIKQTLdYsPyrDbUMhw,2012-05-17 16:44:57,0,Gyros!,tip
ym4RyIakIRCpDOpozdylqw,7fuyFmESXQYir9AtweuD8w,2020-04-04 14:21:43,0,Great place for Indian food.,tip
bYJt9xam-6XWPTdhy2fyhg,6PLn64ysk0rcTVG3o80PSQ,2013-01-05 01:25:39,0,Great little place for dinner. Got a bowl of grilled veggies and chicken - smokin' hot. Very nice server knowledgeable and attentive.,tip
DX2EB2vxOG9lDrpe9uxrIA,2fJ-WxJlUN6azp3bzrJ0zA,2012-05-24 23:27:59,0,I love Pho!!,tip
RmNKqTkvDOsHna6X4CpUKA,-OKB11ypR4C8wWlonBFIGw,2015-07-26 06:15:17,0,"Typical casino hotel. Nice, clean rooms. Helpful staff.  We ate at the buffet. It too was a typical buffet at a casino. Nothing is walking distance- a car might be needed.",tip
UwgJl0Dg6ugV7mgVr8WLmw,onp9X_9RRAEzA-yqdiSOcA,2014-07-20 01:23:00,0,"Good wings.  Fried, if you like that style.  Back porch near the creek.   Lots of locals.   The place next door has love music which a nice option in the summer.",tip
yL5Ly6GAzI6tpzjgntg-Hw,emc9zbb0LeEC6D_f7SZWpg,2012-03-06 16:08:59,0,The best breakfast ever!!!,tip
_5swqa5xUdLar-Q-bBZSDA,t47GOxTM-RpfNs0IqHzJTg,2013-09-20 19:33:23,0,Most awesome buffet in Tucson!,tip
15iDTkaeIJlC8iyNkU9TEA,ZVkrLNK2Z6zSeCn4U9A7rg,2011-07-09 13:45:05,0,Sat AM drive thru girl is fast!!!,tip
CMmW7q--jHXEIuQFEZ_6-A,KQctPnwwX0YRbrc7CCdOLg,2015-05-27 17:50:33,0,"Great Chinese food, some of the best in the area.",tip
fQim0Qcxf5-W980wVRu3kw,YPdX-YCQyoUIAoT0DU-BSw,2017-09-02 15:18:45,0,One of My favorite Places to shop!!! Yeppers!!!,tip
pV-zk27LoaY3sQiSr9kImg,xBFNCseDehGAf5D--HWG5w,2016-01-22 03:30:31,0,Chai.latte. ... tough day,tip
BOpNvbwSu-qa-MqufrjMXg,KO5aN2ck1jQ6WVqBFZrCNA,2019-01-04 02:21:49,0,Always a good place to eat at!,tip
rOAZ7LFds2hONVzpU8SyPg,8UPv1p9GW-BiZtQqUt8nOA,2014-12-03 18:21:45,0,Great food,tip
VQVhi5ObTQ8PE8glP5ZITw,EmHXLffnzvntWzO6Ba3Atw,2019-03-02 15:48:28,0,Best cheese selection!,tip
71jNJThM8UT2f9hTalsNWw,z2Sf3r41ItkjB6Xjcd6fGw,2018-04-26 23:09:15,0,Not the best. Servers are rude.,tip
6UU3H1-WiRb7HiF6vPpQmA,ryhPJ8yVzy7W_25lWOyPdg,2012-09-09 17:49:19,0,Bucs Suck,tip
FYa4u4U4knmoFSlA3cOsIA,Ln64QwMRcYdqM65eOvQXxQ,2015-12-27 16:01:43,0,Great food and nice people.  They are open on Sunday  at 11am.,tip
XJDLaoN1PerKw2woiKeepA,9f5GXEeTvBWnrZ-AHEjgJQ,2015-05-29 18:08:43,0,Great happy hour prices!,tip
pl-hzCKIZPb89lbeKTyAXg,0WdP4Plnuxn73YYoAbam5g,2018-06-30 01:02:29,0,Dont try the blackened fish the salad bar was much better...,tip
qfjAuAnfuDnEBonFJ5KPRg,QaOTMn7BVBx3xXrjRlVnCw,2012-05-11 23:28:11,0,Go Cards!,tip
k8Z6wGxbABNQLGb6_XwT1w,8pqdJjefYq-a9IBSJJmKwA,2017-09-09 13:37:26,0,Ask for Eddie,tip
792_F-IsbnxQlX-fSvedcA,UTg2aZ9zXLK8_0K-UnCVUA,2014-10-12 00:43:43,0,It's absolutely deafening in here. I don't even have my food yet and I already have a headache.,tip
QfwhEuQ-0u5aZ3KsFgsbxQ,fWeWzB9STxcX40AgSEQVcw,2015-01-23 03:39:22,0,No more black bear. It died in late 2013.,tip
Bty0Q3hCncZwRF7z90nTzQ,Xm3fazqrD-Fi4tVPlc4i6Q,2019-09-21 01:32:09,0,Great fresh seafood.  Best 6$ sandwich you will ever buy.,tip
bGzbAM3gfHX7h3o-1LVl1g,CHSBxTwdPoedce_wC9Z40A,2021-09-18 00:18:42,0,Foods always good,tip
ZDINMqvNReUqdxezg7_c1g,zwgBxmrmPBF6N2uRTUYXrQ,2011-05-01 01:46:50,0,The epic wait for chinatown karaoke....,tip
ZEnomPFH5x50Wk9GGXMMlg,Cxd92GrFAP9TDVvnXS2HGQ,2012-01-20 19:52:54,0,It's time for beach toes...,tip
X7XllTOnU_zOQ8k2-J4DoA,BsgcLUWlc6RvvBRiAPWj5w,2015-01-03 01:10:13,0,"Try the alligator sausage po'boy, delicious and hot",tip
glABvhh4t3N_VoxIOVyX3Q,7jz5fMDyPy6Xi5MFHOaSZA,2012-02-28 18:20:16,0,Bump and grind.,tip
r9NwjMgzWux_dSBri-suYA,n2LchhkXCSKHJFMktZRITw,2020-05-31 20:43:25,0,Delicious burger...great service and prices.  Will definitely come here again,tip
2Ohz3c8WoQYhY0w75nXUhg,jOUSxBXomtgJQbrapKU3SA,2012-02-26 01:00:46,0,Uncomfortably loud. Food was just ok. Not enough heat or flavour for Mexican food for this one that lived in California.,tip
own0M28i9pFq8PqEt0sR-Q,pwMejZZUizAZ4aOADafVPg,2012-06-10 18:56:25,0,"This place has a lot of authentic-Japanese items: grocery, snacks, & food.",tip
w9_jGuRCc6hUnwcUc8RD8w,rZ6i69fbbLdgiIgmU5sFUg,2021-07-08 06:38:55,0,"It good, but every time I eat there I get sick and I also got raw chicken in my rice",tip
E7rEdhFfUm0jQ4I055IOeg,Y7EalRsCafsApK5DcL_mTg,2010-06-13 19:50:53,0,Norwegian Nogne-O flight aw yeah. Pickled white asparagus tasty too. #phillybarcrawl,tip
TPLIBORUhcBXSctWAWmzjg,eImfyrAqORxZ_tDrJW7ctA,2013-01-12 22:50:26,0,Great place to stop after a day of skiing. Nachos and beer!,tip
o_rB94nbkGsXJ-6yGx4LHQ,Kldy9NsFIkl1JIcA2NpOXA,2017-11-23 17:42:24,0,"Amazing food, views, and daily specials. You do not need to be a member",tip
IuQUwRq70LAcq64GCj_SFA,JsRBXqGj0qeMv77sNXha2Q,2013-10-29 17:31:09,0,"Don't get the ""roast chicken"". Fake grill marks",tip
B5zvB523snOgjGFjfUREKQ,66DSGnG1t8mFeNsxz7jwKw,2011-07-08 18:04:16,0,The sliders are better than burgers at most restaurants!!!,tip
xn0MGTE6e2BLPyGwFI_ziQ,wl7rFbvRUstwyB2vRDW6IQ,2015-06-03 01:12:52,0,The garlic mash potatoes are amazing!!,tip
WewOeNEyJPZdwfDOxpKcNA,VAeEXLbEcI9Emt9KGYq9aA,2014-03-14 09:17:38,0,2 word tip. Farm Burger.,tip
bJ3pmCXx-M33GMFjSe7_tA,-kAaeJxXCtLNAo3DosoXXA,2018-11-04 15:48:24,0,"Service is slow, food isn't worth the wait.",tip
Gf7WAp-6daJTWQZJYaB1TQ,GPYnUAfT7UgbtzIdlfPrAA,2021-06-07 18:44:22,0,Love this food. The owners were kind. Great value for the price.,tip
1clgMIAD7iAy-VHrwK99Pg,Gb5nFcTgOBWeMrmCIbxqJA,2017-10-29 22:09:55,0,If there is a long wait (over 30 mins) walk up to Old World Coffee or around the corner to Blue Whale and enjoy a coffee during your wait!,tip
j47AtuDSGacgjuQugEcAPA,6a4gLLFSgr-Q6CZXDLzBGQ,2017-05-21 17:23:41,0,"Don't bother with the chips, as they were cold and soggy.",tip
d5lse4xcQ3hEeal_XVRmbA,dNR-b-CsrFGYhMo9zLMrCw,2017-02-02 18:26:05,0,Soy is the go to spot for my entire office! Soy is the hidden gem of Maryland Farms,tip
vkKt59BfAYAloZMEBDwrzg,kPK3_DVC3oANl9m2a02m_A,2015-04-04 18:14:25,0,Keeping us waiting and waiting. Pad Thai in truck is better than here.,tip
oT4-j7Kht8P-8EfE9FZCKw,HJhFyeLCGJTe4UCEniG5XQ,2016-03-14 22:04:11,0,Each time I've gotten my car serviced here it has come back with a car wash! Two thumbs up! :),tip
pGywvuONkw3P_n1VDq7fLQ,8JfmKF-Mtx-Z1iCFnK_F0g,2010-11-18 01:03:26,0,Shrimp and bacon quesadilla!,tip
0JG7tktYrS909tDscPBQDw,953cL2plLpQtabKer3r9aQ,2014-05-19 11:09:14,0,Good food and great service!,tip
wK2xhCFqZvzxUyt7FvhOdg,Dc9UvOn_v9-BU9Rn6l4ejQ,2014-03-20 23:09:36,0,"Great spot for a tasty plate, local produce, or sugar cream pie! Check it out!",tip
iiJVgT2SlOoXX0xIfmrD_Q,4xupjIXMB2E5th2YkThFcw,2014-06-09 22:31:19,0,Chili is good,tip
9rmQyqLV3hTf3fqovLjaVw,fMknPheWuiztx--1aLPRoA,2018-07-04 03:17:57,0,the best,tip
Jhw6l0y8z_ohlVM-9P6MvQ,yGlPsqK8ck33EgvUINIfvQ,2021-06-20 17:05:40,0,great food but it is so busy service was slow. Get the sushi or bourbon chicken bowl,tip
PWW3kwwCDgasY9Ps6KfWmw,E2l9h35n-BpwWpV5RVye-w,2013-06-12 22:05:05,0,Thank goodness for this place!,tip
1OPCvSGDqV2WDyZOPWQEQQ,6Q7CPqqk9EInH3Fsd6nWcw,2012-04-11 21:09:49,0,Place is great they buy and sell and by buy I mean cash in hand. Got everything from old school nes to new stuff and every game for them.,tip
jXE0JckCU6jr3Z_jznNWfA,oGzkyf2pxufRBUwzXm3Sdg,2015-12-07 21:22:56,0,They do sell beer and wine - that's nice.,tip
r-KlgmBEM5kRytAg05G65w,-cE9GrThz6HHn2zdpoqY_w,2012-07-07 23:35:40,0,Good food and nice atmosphere. Apple cobbler kicks ass.,tip
Nx1ULSgBxiwq7I1LkF_fWA,fCL7BoH_Wr1A5GHFV8wtyA,2012-11-22 16:25:20,0,Something about sitting in Cracker Barrel rocking chair makes one realize the meter is running and to get off one's ass!!,tip
u-OeRiwGfvZFNmDyIep5BQ,HyZCLz5O3n24ne8gLgfvCQ,2015-09-05 14:15:13,0,"The apps are where Stillwaters excels. Try the pho rolls, creole mac & cheese, and onion & stout soup. So good!",tip
aqo8Nf_XKQURzW6uS-ivRA,J3g66wKek-2FTCotE7em5w,2017-01-23 01:14:22,0,Just ok..,tip
j-S8HA2HMZD2yuTMpax-Lw,01TorM6wcQZUZ19BOC--8g,2012-07-04 12:25:29,0,Fourth of July! Pre-volunteer breakfast!,tip
fCvMnJU1Z-XhAjKg99wK3Q,53GqumMTcV_5WZDtlLkPhw,2016-04-05 04:29:27,0,Hunt's ketchup :-(,tip
eJe4HNH53fawIltjphcpbQ,5Fz5vLkCnNMueZyb8nbu8w,2018-10-15 17:21:36,0,Amazing customer service ! My Emory is the man !,tip
U9hIyluOck7aBXH_o9Txqw,kKfCU7mKFzQF11qI2_Ac0w,2015-04-05 00:59:32,0,Not a bad place to grab a bite,tip
0AB3JpI4gpod9lCGVfbqgw,WPjeA9CWv-q7utSdnXmdIw,2013-10-05 17:52:40,0,"Try the onion rings, they are fantastic!!!",tip
i3tANLeNrxAnj5LhYJbGQA,beoFw6hqFy-8ArV6SkZQPA,2011-02-27 05:29:49,0,Leaving parking area at stadium.  Haven't got mugged yet.  BEEP rocks.,tip
IpfEXUColRO7z7WxPmDKFA,x5NLYIRLdhFBaNLLvl8Afg,2015-06-01 22:40:39,0,Awesome outdoor seating,tip
rb37w4I90IPV-e3gZVun0A,nceIvptHjFjHYP9chl6Ziw,2014-04-25 00:23:39,0,"Thursday night is all u can eat seafood buffet.. Hot crablegs... Woohoo

If you do not have a casino dark sol card then come and get one for free and eat the first time for 8 bucks",tip
q4-Nvtr-FlHxAZu66vm-ig,zfuLYhOU3mA1lpStpL-Rmw,2011-12-03 02:02:43,0,Catching my friends the Courtlands.,tip
Zr_ivvV8F2tBUH0bMqWibw,sJJD7XjnQOffr-iCrbxvdA,2011-02-23 00:36:10,0,Ask for Dock St hop angel on tap.,tip
nEeENqs48OZtPBmWJxvX_Q,6OidjzqnwYwnAUijnpkr1g,2012-07-07 16:07:41,0,We're getting a 10' peppermint pizza!!!,tip
vRoIBOmubg2fs8bxm4KYgA,chUeS0h9C8KGfyJO2Jqgew,2019-10-09 20:18:09,0,Quick delicious and affordable,tip
szqgQvnudbAAih6YsQYLsw,JH4S0Cvw25hFHf7m6UBmSw,2013-06-20 15:46:49,0,"This is a wonderful place, but it  has been closed for months. It  was supposed to open in a new location nearby, but it is still under construction",tip
jwcqhhcfepRlHiXlJa8yWg,QHWYlmVbLC3K6eglWoHVvA,2015-04-24 20:18:56,0,"One of the best, I rarely give 5 stars but their beer and food do the talking.",tip
zQ1OJLGeBLGEcnIPzxlCPA,aYHjJJ64whQsxZjx5rUe_w,2015-03-31 19:55:15,0,2 for 1 lunch specials on Tuesday!,tip
5Y5KbsI5buMcNh2hTFaRpA,ByTZJsTDDhvOYKCj7uoy4w,2011-05-01 23:13:34,0,Shall we call this therapy?,tip
WUFUdH5WC9ARVbNL1lsLsQ,MaYb7qMN6BomP1zQGj3Wjg,2017-09-22 06:38:00,0,The St. Louis style pizza here is amazing. I'd argue it's even better than Imos!,tip
Bkv9SeDIAJ_X5-NeZCdF3A,v6jwV7KioqcHtf0hHe6lMw,2015-12-07 15:53:44,0,Smaller than I thought. Really cute decor.,tip
F8aIrswXr4zFwtPH36w1sA,PIKeisfoas9HKgKztMG3BA,2014-01-09 01:39:07,0,"Must uncomfortable seating ever! The mini and tall chairs are slick and uncomfortable beyond words, especially when pregnant. The couches are better, but awkward.",tip
aLmfovQ9Yj5RNNGcKFXjSA,2nRFTI41Cm5GldHexAczbA,2010-05-10 04:23:22,0,Duce send-off moved here!,tip
ZcJQm9wfRbkMX_Oi8WL9Bg,DGOWn5OgwPfFv8JdQa5JaQ,2017-08-25 23:05:01,0,Love the cobra roll & Tom ka soup!,tip
unsHuB1TbTLfPucK1hOUsw,ctHjyadbDQAtUFfkcAFEHw,2013-08-22 02:03:38,0,Got the tasting menu. Healthy AND yummy.,tip
Kj1Q1XxgS_UeSfxZhPZUDg,eLTs_fFdEv6soA00M9UloA,2014-06-11 18:34:06,0,They beat the prices vs. the salon next door,tip
ADohMwMk4a6oe_AYvSIY9g,BxVBkSMTiYQO-AdMKvN7Mg,2013-05-15 16:25:19,0,Great trip and only minutes away from New Orleans. Take the Creole Queen riverboat cruise down to the battlefield. Drinks and food on board!,tip
WotMLxZOPB275oQZU0fU7g,0MiiFJfijyV5I8BYaPEBhw,2011-05-20 15:16:54,0,Tilapia special!,tip
cvC3dQsUS6SpffHOBKPD2A,GcB6ydlPej7iFqkGVK0ZRA,2012-04-10 00:23:14,0,"$4 beer today! Also, it's dyngus day today, and I'm queen. Respect.",tip
nQ4bXSx2tZkUQvO8NBbRRA,cjCD0CI_tWFKL5v3BbHlEw,2013-07-16 18:21:58,0,They have a couple walk in or carry out lunch specials served until 4pm. $5.99 for a small pizza sub or salad,tip
91hzim7vwd0iBYXTXHV0sw,Pe-Umwef-sX1Hesq3t1mCw,2017-12-15 21:14:31,0,"I sent an E mail yesterday to Madeline like she asked. 

Thank you",tip
st5RM2Ut-GDNfjq8YgO6kw,_vQhw0KNKgEET3V9B6p_Qg,2020-02-19 18:06:06,0,Best tacos ever!,tip
5sneKN3TxEvAtRtluLHjXg,W3vh-SwbjqvTWczrDOsKgA,2013-05-09 00:29:02,0,The staff is very well trained and attentive. They make great recommendations.,tip
u3cttqqjTzrQJV8ziE9aUw,E-nhxuu3zbt02oCj_1AFng,2016-05-21 19:29:55,0,So many awesome choices for you to feel amazing :),tip
_dnI2weur8_ZZuVqeIs-9w,5P4w4WfPbXzUi6YALfwx2g,2019-04-30 01:41:43,0,The best breakfast EVER!,tip
pFriDPWTirtt7dsrTPG1yA,IDZKsXif-pczK3ljdLJpuw,2012-08-07 00:23:41,0,"Wow, owner was unbelievably rude.  Told him that we were going to check out a competitor and he had a fit. I can't believe he was so childish. I asked for a card and he said he does not give them out to people he does not know and I that I wasted his time. What a jerk.",tip
aZrX_lnEBO0_MKVrEmUl5Q,-Iwzp-1JyrQFUOLEmaDavA,2012-02-12 00:26:40,0,The mussels were quite tasty,tip
JsmxNqjfPN_4RT7CpauUHw,xxL2_-oExRCwKs_Nyr0KiQ,2010-05-14 23:18:48,0,Flyers game is on,tip
Q4_GklBdHkKaFnRulFxmLw,Jbl4f8gdoz4cRDo_3pK0Cg,2017-02-25 04:51:01,0,Book appointments to skip the line.,tip
-cDcRcTafKIUSvOeVkwlIQ,Nhb33fMegsDwKrN3Sxgkng,2017-07-08 02:03:38,0,Food was cool. Nothing special. Greens way too salty. Good beer though.,tip
3L38ANdK969R4QpRVoJqtw,cP81x13w3Mg5PhoaSXdV8A,2016-02-16 19:14:45,0,Closed today - call first,tip
juigu8XxwzLAeikeBzULbg,FEXhWNCMkv22qG04E83Qjg,2011-06-21 12:30:45,0,I waited 10 months for beignets from here. My day has come!,tip
4fIcDPSGh5NuVRljwXr7CQ,iOd0Ast7XXdTZ8eOm2V33g,2021-01-16 00:45:10,0,You NEED a boat to get to the ACTUAL beer can island!!!,tip
V_lub39LKTKzGLS_asvSeg,WG5ugSvm2m8P8pVbOYTG_Q,2014-01-02 16:49:48,0,Selection!,tip
-1QaSNEUcJajOmAOYyuJ9g,hs3Ng7OJmRYJm4z2iD2uLQ,2013-02-16 01:59:16,0,This place is awesome!! Great Chinese!,tip
aZzfUkPHVAmaYOn5oGyAvw,U_U6C9AF7xmQijTTUFRzkQ,2019-03-21 01:40:52,0,"Awesome food, and great service!!! Definitely recommend the chips and chorizo",tip
W1YB1sIOd_AYNDfqW85VJg,JMeaJ_jBqbomcpVDLzQBQQ,2016-05-27 01:30:23,0,"Ok.. I had a great first experience, but when I went back for their Thursday night sangria special, it wasn't all that.. I'll go back during lunch again one more time to see if it was the specific bartender or what.. the food was good, but the guacamole tasted old and sangria watered down :(",tip
Gs2PKJfY8Lt2-xisQNIk_Q,6LyhttbsQn6a6PDxQDojCw,2017-03-20 01:32:52,0,It was just ok,tip
P7q74j3OZ9J6yxR_illKiA,OkUnporMbIikx0THwnXCRg,2020-10-30 18:53:05,0,I really love Mexicoan food,tip
MoJ_MjO83HdXGWI4lG9W5w,fzBcbK539fhZ6cZVp90vEQ,2016-02-13 06:06:40,0,Love this place for lunch or dinner. Food is always really good.,tip
-PtKVI3QU0jb0I56L076iA,f5KbR9Ty05qgJvFbMm7fjA,2014-11-11 21:26:09,0,Unnecessarily inventive menu. Well executed food however.,tip
k3Oa5fgLjIRgzPucKea2EA,Lw1gzZZGI2GFQc6BI5zyJw,2012-12-11 19:31:31,0,Instead of waiting an hour in line at Sabrina's ( which is good but I am not a fan of waiting) go here! A small Sunday brunch menu but sometimes a small menu is a good thing and in this case it definitely is! If you are looking for a drink to go with your brunch try a Franklin Mary! So delicious!,tip
mQ5hfiqaQRaEOlKl0rTzdQ,PlaECqs3oPBRo47p85zkzw,2017-08-14 22:34:36,0,Great place for southern chicken. Highly recommended.,tip
PT2kDWAaJ7Hubcgun5-nAA,7GVRaHzNhRf0veAhbxWpSA,2018-01-07 19:41:02,0,Right across from the police station,tip
eod1mk6q1p155DTZqLoRqg,HxqKo-FK8L_f_xPpBtebQQ,2019-04-07 07:36:21,0,Bartenders are fucking cunts never go here,tip
RPrkJbo9LAfiHh3hhpyVBg,mmrDkJEIxvXqBs-cDCnVZw,2013-10-15 15:47:38,0,Don't despair - they moved to 7023 Kensington off of Shadeland near Pendleton Pike.,tip
2-emzYMEFFSOcEBF6B-0NQ,0nFhxTqIlkIAJypUkON-rQ,2020-07-19 21:44:17,1,Call all their numbers and still no answer. But they complain when you try to come in and order,tip
FoysF1vvHRFOGKLp4Q3TUg,ttO8cgM35BgAPcpZupwmKg,2015-06-20 16:52:18,0,If a mani/pedi is $35 why is just a pedi $30?????,tip
bJ5FtCtZX3ZZacz2_2PJjA,8us8cJ-oBnLFerWcaftavQ,2013-06-15 21:32:32,0,Awesome sour beer tasting!,tip
PKN3q_5_cnhK-7xLoJVnjw,6bT_9fRGR5RMMF_ik_wImw,2017-07-02 13:06:14,0,They are never open.,tip
0xPiBOmN4QLNQ0OS1tfHsQ,Hka5-_4n9D0xztihiwaXRw,2013-03-30 14:09:37,0,A lot of stuff to look at,tip
G8iHf3tSawSmHg_CFx2SyA,_jq-6kt_DW1SLeeXdvXcwg,2012-07-08 22:41:19,0,Great patio & bocce ball!,tip
vlEHk0FYuIdiy-ZHBRs7tA,tbaO_yPfrZ1a3P1U99nRLw,2020-02-22 23:56:42,0,They have really good wings and a bang for your buck.,tip
lzQLHoJdaMNwiNt76wrc4g,YSRM9nWQn40eg49tSiI-_Q,2012-09-16 20:23:53,0,Number 3.,tip
6dbNSmdk0mh7bHmVXkdpFg,sE1Ai4wCYbBTjcDL2aQftw,2015-04-03 15:21:57,0,Not friendly if your child is scared of the clipper sound. We basically got kicked out because the stylist would not help me calm my child down.,tip
M5HoGdy-mNOV7EHhxB9P9A,RLXSjYZDB-CBGi5oUNH3kw,2020-02-12 06:44:46,0,"Always some of the best price gas, but also high quality gas.",tip
VMIkJva4xvOpHLmyEtQC9A,-ATiAtTikuGuqvaW2O6tNA,2014-04-27 17:03:18,0,Eat at the bar. Quick and easy. Nice staff,tip
Zu0XNq8YnVBNFfRXuv727A,mHmIoIGOfpidrS1fYQ9PbQ,2012-06-07 14:08:44,0,"Cute place, a block from the ocean",tip
q4MD_yuw3vjvWAMv4gMsjQ,p_qSQwShIgQnNxGcajI4-w,2021-04-07 03:45:49,0,非常值得推荐的一家书店，商店，美式餐厅，食品味道好，环境好，价格不贵。每周都会到这里来一次，吃过再打包，值得反复来的地方，在Tampa的市中心，坦帕大学对面。,tip
dNpOhluISXssXvK-Vxx3_Q,e2__bkb8kvgEuFHZO7iScw,2012-03-03 14:46:02,0,The expanded menu is great. Try the veggie omelet.,tip
DxlBWw7RTQfOxozaoP2EOA,2Yf3uGarCtGq7Expa0A81Q,2014-03-23 02:41:34,0,Lots of house made brews and full liquor bar.,tip
Tgt4aG1f51dVD6g-r6SjnA,IvybxQdG3_R9GQ-toQOirQ,2011-02-19 19:46:17,0,Just try it. You'll love the place!,tip
HSH_FjJq9jEka0VpM51EjA,flOzppGNYSMjTzPT9VKVug,2014-06-28 04:23:26,0,Amazing service and food! Feels like family! Highly recommended!,tip
Iq9YNSszFKmYfYwhuFv5Fw,b_aa5heHW9jG8gbAxTqo_g,2015-10-04 14:26:27,0,Doesn't get better than the Sand Pearl.,tip
dqucQwA-CHWhUczwqIxKKg,-PU5on8H21jZOqSXCmxLJQ,2016-12-16 18:17:25,0,Beautiful new building. Beautiful waiting room,tip
_Qw9VdgM9oV1OHR4zUA-5w,_qvpjnhtIg7ClP_yiN6BpA,2014-04-16 19:54:30,0,Philly cheese steak are good not dry,tip
20YivtbEDdTXGHS3WGe2ig,F1xE--Gb4rNFAwHkNkV31A,2011-11-10 01:43:15,0,Vegematic!,tip
wOSNjIemgZ2p_X_4T2HFmg,QpyvUColtSYH5VtkcrN6Xw,2019-07-04 18:32:48,0,The shrimp and grits is fabulous! Best to go when not busy though.,tip
SK3sT6o-GGOV6C8Z6V4FlQ,glWmYXhoD1HOJiAKp-4avA,2011-02-23 02:53:03,0,Disguised as a pimp I will blend into beverley hills like msg into miso soup,tip
7igTVTgqI3WiqZp8hrgaMA,d0kjsERgstlfSBfkFyhhcw,2015-03-25 00:06:05,0,Bring Your Own Strainer.,tip
tlIRHhRfy7Uh8oCbOxcVvg,6TNz9PRdx14NgL24f880dQ,2012-05-04 02:28:54,0,Waitresses go missing.,tip
htW35m4_TBVPG49G3bNpAQ,fQT4od5LLhDbdeTg7OzZJg,2012-10-22 01:15:28,0,This place is now known as Final Touch Salon,tip
BJq8O37yqmAAx0u7b38U5A,9X2rQUHO_ka0k7tu7wr_7g,2014-07-13 18:55:02,0,Fresh fields salad is good in summer; but is hit or miss with amount of nuts & cheese they put in it.,tip
x048_bcLzz9B1pKHn_d-PQ,PGd06nrseC2YAIqP6S9gUA,2016-03-23 13:50:34,0,The Marigny location is better,tip
a2BZP3YiYPE9XnC-g7UJUQ,lBmrBQlxJ0gkD3QKtUEVBA,2014-03-05 12:51:03,0,Today's coffee is fair trade dark roast. It tastes delicious with the nutmeg and cinnamon they have on the sidebar,tip
tK46o3b0060n7sFjDBLF3g,6JFTijOMHB46yBoyVOjPCA,2017-07-22 06:32:48,0,Free movie in the Sunken Garden on Friday nights during July and August! Bring a blanket and picnic with friends!,tip
S1-cbVcXw7PsW1GGl1H-xg,r1XrdSiWFp-CeZJ4ik7zoQ,2014-05-14 14:39:58,0,Breakfast! So good,tip
sVm7isJKQG2BMyGcIjda7w,yg8OzI6hKoWWkaeDBF3bpg,2018-07-07 23:27:44,0,See my check in,tip
2p7-tfFP_ySIZWkN05z5Bw,152JQDYumtZAFlTsmFAxaA,2014-08-20 20:42:03,0,Love this place.  Food excellent.  Great waitress also !!!,tip
56gp5RUwFLckqvph8E5R3A,cQIh4YJlVtZI9TLF5_smOg,2011-08-31 18:08:07,0,Omg! Just tried the meatloaf sandwich. Delicious!!!!,tip
AhuPdaesa_HZFVvSJyGqZQ,87YbRIonbwzYR-JmNEXbjQ,2017-11-01 18:25:11,0,Excellent customer service at their service center!,tip
5Z8S9OsHWCnE8wbxk1poQQ,Tozj3jTcnclmQKlNViY7SA,2019-06-24 02:14:14,0,Don't bring your appetite!,tip
EfW2wGuV8VCFkVfRJmQwng,BqTSoP2uKPGv7eDSj6Mf2Q,2021-04-06 11:53:51,0,Open 7am to 9 pm every day,tip
SHU7cY24ArGMTDMyY6DQoQ,2K75poiMupFTvpQq5REWTA,2013-03-25 06:17:29,0,Borracho's serving t Cajuns now! Yum!,tip
dU2FgvWpNIa4CVenldwGqA,JFteGsQlrJeJjur6cA1RhA,2018-07-02 22:19:45,0,Come try their breakfast!!!,tip
EzXDaJjdCwMtWdBJiRcC6Q,sMwK2RWL3vpkAH2nCmSV6g,2014-01-25 14:23:59,0,"They were playing Phish-band here.

5-stars.",tip
erLzFgNzjzFY5wv7CeTEQw,IkY2ticzHEn4QFn8hQLSWg,2018-09-28 17:46:22,0,Awesome. Inexpensive. Off to Pats now.,tip
xBtVzPfsV5GBV1yec2BOKA,X-ZgevJi7i3wf0RjsBLG1w,2016-04-03 19:27:22,0,Horrible service! They couldn't handle being busy.,tip
ET8n-r7glWYqZhuR6GcdNw,1UNorskttXSWuEcgzKzXcA,2010-06-27 02:46:03,0,"Saturday Late night HH! House margs, 5 doll hairs!",tip
2OPPq89LRawgFRyISi7wwA,my-5aC5CRRVGQMshq23z7Q,2012-01-14 00:24:43,0,Get here early. sitting awkwardly watching ppl search 4 good seats.Its like sitting at a stop light while a homeless person asks u 4$,tip
SMoP8x8zRd-jpc9av8H5rA,GAXuzDNbzfZbtZYxqrdHnw,2013-06-29 15:18:41,0,Great waxing at a good price! Staff is professional and fast. Definitely a repeat customer.,tip
dEvFqqQImRAaE1dT5wYMJg,U8NTSQowS3pcfs3KbR2jCA,2015-06-25 13:27:41,0,Great pharmacy drive-through service!,tip
yvMQhKw2_dq-bgf3lOCjEg,k8hFz4Gty5dHlDV4Wt8FqA,2014-02-09 18:13:34,0,Ask for a punch card!,tip
SXeMGP5lNgc03z7cl9Xihg,wNwNaaoMsaObsCwCENhs_A,2012-11-12 00:14:01,0,Good sundaynight winter mellow wind down,tip
G5AsmCh7lISlOBr1xDxuqQ,vOpVF1Ry7H4AlJ35qAtACQ,2021-03-23 23:28:43,0,Thanks,tip
DcMIxtBwXGcWzDq00wMF4A,WIXlHFRz-ngQq3pWcCmAYg,2015-06-07 13:01:27,0,Food is great every time.,tip
dhcd0-vjumNzq9F1aeK3uA,mGy0KzmeGIECUL0nZXUV0g,2015-12-23 18:17:41,0,Sriracha cream cheese,tip
m982bOXdBgpmVU3ROb1B2Q,VbgnG9ymyq_jyYcN0jFBZA,2016-03-26 16:08:33,0,I always ooh and ahh over the flower selection!,tip
m4uHs1KziG5vngKK2pLv7g,45VrJplsLEo9EYMvTjBwGg,2016-12-27 21:25:24,0,"This place is great, but there is hardly any parking. I would avoid going during lunch time.",tip
G6fzKzNt6PKU5NKJqwfyBA,wBEFqCQfjeUuibEyU6XSsw,2016-02-11 20:52:06,0,TERRIBLE service. Tip: save yourself the misery and go to Reeves instead,tip
ZkXBAFnVuEIOEau4nD0iMw,UkzBUVMDXi9iN3l4cGXpWg,2011-08-05 14:48:41,0,another Franklin fail...wrong order twice...cold bacon...brown eggs.,tip
eP3xKXSr7z5ZEsq9kWYo5Q,R9TBf8VqGQ83kvdIxkC9RQ,2018-07-14 03:13:36,0,"Great entrees, mediocre side dishes.   Long wait,  but  a legendary landmark.",tip
AWoClcvdd8vZa_vF_EffQQ,CxzaEZX7Zu8xHBqOBlzqFQ,2013-03-10 00:20:58,0,Sardines - getting your omega 3s the delicious way!,tip
5exOQK8FRpAfw5S8s2a6gA,yiGkvq3eQ0oPtoSrlItDJg,2010-05-21 04:19:42,0,Avoid the park nearby because it's kind of scary at night and there are lots of stray cats.,tip
g4aq1lxsaMM0pA9vdagBWw,n3JY3G7vfvj9M1Mcclirjg,2019-10-07 00:39:05,0,No issue's service fine,tip
aafyn28AE-1CJG9M7nT0AQ,HtHIZmIOEaEIKaCROPtnsA,2010-12-29 00:11:17,0,Excellent! Vegan food is always good when it involves actual vegetables.  Brussell sprouts never tasted so good.,tip
mkG7hD4ND6grmUUnhA1AjA,MK-kNUiYKf-Mkvbdtf7zNg,2013-02-26 20:02:54,0,Great service depart!,tip
h7GyjIGfBSlOTJI04hyzBw,HbIVj8hfVf2O4GlqCTd7-g,2010-11-21 23:26:38,0,Getting the Taylor Ham Sandwich. Just so @rizzotees will be proud of me,tip
sWwGRLwuuIuwBtITU1WjJQ,Gb5nFcTgOBWeMrmCIbxqJA,2021-01-17 00:51:13,0,Place was awesome! Great food and friendly staff.,tip
xN4grVCS-2v6eMiyqIF7Eg,gqmQA9TIdmKz3tCnz6DqFA,2017-04-06 22:55:08,0,Great sushi and customer service too,tip
b131YJ7dGRL5N56rVUMcNw,4x_DhrjTcrpieMkbrrCU-g,2017-04-29 04:21:39,0,The worst severs ever...cold food never again,tip
pj7iYvHmZUBZNY5dk0etSw,sjmQ8ERx9KqzHGQDoD95zA,2010-11-24 00:18:46,0,Harry Potter and the Green Lantern trailer,tip
o1PbIHBctIz4OEPZ9WMzCg,SBpuja7Z_xcmCiWtUHPaKQ,2016-02-19 02:21:05,0,closes relatively early! hard to get to after work,tip
EdTPOBbRfRIHlf8SB1bJRQ,zAKk63uJuzr17MKMR8AtJg,2016-02-22 00:12:32,0,Try the potato salad. You won't be disappointed!,tip
HoKeTAw7aHjori9-Zy7mVg,c_4c5rJECZSfNgFj7frwHQ,2012-12-10 15:57:05,0,Heading home.,tip
5hR3TKMZcXYeVO5_hPv2cQ,GbhicapJjtXi-VL-OMA2QQ,2021-08-06 17:41:18,0,Very unorganized and unprofessional. Would not recommend.,tip
4FXn5evsrPcGnYa1FsLGmw,jh40gx3wcYX0NL_i2Dip-A,2017-02-27 01:40:01,0,Really good pizza.,tip
DDj7RnhftzmDswF5CfZo1A,SOpGtBMY1LnYuHBWPjpV5A,2017-09-02 19:03:21,0,Worth the trip here from DC.  Best vegan pizza - stromboli and cake we've tasted.,tip
RPwWB8BQjBder2i2ulYpFg,XWqyoKSVyg4H8zqA8kmRBg,2021-05-23 13:39:02,0,Best,tip
9FCOOVWg0WqCBSFA9MkPeQ,RjTT7tn9BPTfRmyJagMN6g,2019-02-18 00:02:47,0,As close as you can get to California tacos!,tip
PzKx-e5Prx-OiSOImGhnVg,TJaImyntBu0ebKugcyj6eQ,2017-06-06 15:08:16,0,Stumbled upon it.  And it's fresh and delicious,tip
tz4eV6-OWT6dl0ME_qWSdw,p4hIzUXyP0ENRIEKcihhDA,2013-01-11 18:43:23,0,Got me off my list of yesterdays excuses - just do it!,tip
zg-IGl91igcvcNKzbVaL2A,kb2Zvig0OTEqlA1xS2lakA,2012-03-20 15:10:52,0,"Great stuff here! Super friendly, wonderful quality product",tip
HuB6-5n480bnhtV6SHGUgQ,3RMKHfID0nMCXYjtMTkSLQ,2014-08-03 15:35:07,0,"The best quality, quickest service and cheapest prices for shoe repairs. Before you throw out a pair of shoes, think to yourself if you can fix them because this guy probably can.",tip
DlZo12d5lH85aAOiyuGTMg,WWnRdTjwaTnsLSJX95j-Zw,2015-07-15 16:25:39,0,Mexican. Cornbread. All you need to know.,tip
-HrNTZyVs214lQ7ulFPm2w,kaqHXyEAVX1egxsVhoS7fg,2011-09-08 06:56:49,0,Wednesday is service industry night!,tip
k-vYz9Afi_13i_NO2fP8Dw,1ms7KiR-s-PXpOLvz21fIQ,2021-02-10 00:54:17,0,Zero stars if I could.,tip
NjtBGqh9xvG225_z-0M32w,l6cY2ndR-6GmqhVeuA0VgQ,2019-08-28 19:01:09,0,Thank you!!!  Fantastic Patisserie!,tip
Mk_nj7CQ_4GQbRgA9vvUkw,udIT5C2sOVd_OduBHqM8Sw,2017-07-19 19:55:11,0,Fantastic Biscuits and gravy. That's about all that's good though,tip
-nmTwBe8ITqGPNoImxWCLg,C7jw0oQLb1t3VkPqpteRbQ,2012-01-30 18:38:59,0,Mediterranean salmon salad was horrible. The website says spinach but my bowl was full of lettuce butts and the salmon was dry and cold.,tip
xxSodqO1WbPTBnTmmab-tw,MnfqewXhy_JtEGY8ENXRyw,2021-06-08 21:28:34,0,Excellent Pizza.,tip
f3Gy77MBaB428DD5_R609w,U4X-tzwvTzW8uWxs2KIPtg,2016-07-21 18:02:56,0,Excellent food!!  Excellent Service!! Mary is the best!!!!,tip
CADhesj7J_-U9PKVpPGq4g,cga_fZV1egLtyVSLb6TGhg,2012-11-25 01:12:41,0,"Very good food, and excellent beer samplers.",tip
2y3yEU8ZZn0tvp6T3uOAjQ,XU3Fe8I8dD3FaOmzAQXLnQ,2014-06-15 11:58:00,0,Must arrive early or line is not reasonable!,tip
J06FSIiBAYknk9N1J_hjRA,14Fe3B0g4Z6a_6NT2z0c-A,2012-05-05 23:01:17,0,Shop the Kmart in the City.  Clean and quiet!!,tip
wGJIwMqlbNqnM5shTQsdJA,0JlxuzzDo1Sv89S9ApI9Ng,2011-05-26 01:16:07,0,"good Vietnamese spot with even better name (Pho'King) in the back.  great pho, sprg rolls & noodle salad (rec the tamarind tofu). Open late!",tip
QF7HBXf3Q7G0LyMx0JmFuw,yS0TsUzKBQlHQCZZeBrxww,2017-04-10 02:14:40,0,"FYI, they close at 10pm on Sundays.",tip
NXUYqamg1hKTGfAwVrdgcQ,iOFbMitGdfU6i5xm4nZ8Ww,2012-07-19 17:59:21,0,Late breakfast on the patio. Great place to relax and contemplate.,tip
zza-gQ2jzjAAJkalUHuO6Q,U3grYFIeu6RgAAQgdriHww,2016-08-30 06:44:38,0,"YES the waterfront views are worthy of the average fare, although I m not sure what all the hype is regarding their food ...not great by NO stretch of the imagination. The service was pretty solid. Again great views!!",tip
brsRt1vkZAVp8MRgwUELuQ,HeIuCW7loBXVyBQlN4pQAQ,2013-02-16 19:24:43,0,"Trust me, get the bourbon pecan pie. Trust me..",tip
_5ZU2jXJbffdKb7p1RvVfQ,6a4gLLFSgr-Q6CZXDLzBGQ,2015-11-23 17:06:36,0,Southern cooking fresh,tip
I2XpWCHAom1JRyHXZQrnfg,F5TgTlCw5Zl-AJGGT5v0ZQ,2018-02-26 00:52:16,0,Buiness is closed,tip
maB7lLOCciLqoRoLpSEWlA,XylObKandNdgPcvqdbA64w,2020-11-08 21:39:11,0,Horrible food and the owner is a huge drunk...,tip
NOsec-61j9T4p96aEA7n6Q,5oRPyWYn_vjU3wNYHADBiQ,2016-01-08 21:44:49,0,Try the overpriced pretzels. The cheese dip makes it all worth it!,tip
pBPegDtnhGPMgrjvRgLp8A,01Vuw9VgqJVIwThiGg3sRA,2017-02-17 17:32:12,0,Their game is on point.,tip
s9DVRHYFLe2rt8fTFoPE7w,OfiXUQdnT8NpjhvyWNebwQ,2012-02-11 07:20:18,0,Chocolate Fountain and cotton candy now!,tip
n6Y1s_GR-CS9eMJvZB_3JQ,6OTy5-0NdmxgxqCLVuIJaA,2016-11-01 23:18:22,0,"Food is good, boss is nice but I don't like their waitresses!  
Not friendly",tip
XCWpuL4MEId0L-q03XRWoA,WtHNaPhVH6q1hKCvcjOc-w,2011-09-13 22:24:18,0,One of my favorite places to go in NOLA,tip
xNp38NDri2Xx-BQM7hU8Yw,b6_HDIygAfbG9SZWbZMD_g,2018-04-07 00:32:39,0,So far so good very nice waitress,tip
alF_72E35Q4bIsw5MXyZBQ,8ikj9GaC2oEf_leisl-Wrg,2012-08-19 17:55:30,0,Fun people checkin...,tip
QLl9zymWHokuAvVIqjevRg,AubKobiTtnvsjM7NEMmMdQ,2014-02-16 07:19:00,0,I love the beer selection at the bulldog. The patio is a great place to hang out,tip
QDSomMPb3koYSDbgwawV3w,ZtY9bMvYkUFoZjhHC5kshg,2013-01-23 01:10:25,0,Closes at 7pm not 8!!! Same day service available...,tip
nVbMHFLWnYO0WLEqLX5dhg,dvs-RLII_zdcxfjoqOFJzw,2014-07-20 01:06:22,0,The pho is delicious! But avoid the fried pineapple at all costs!,tip
1TEu6WQnBQhW_fj4qXfMOg,c_xAbBTeiIHqPm1zMOvQcg,2012-05-19 22:33:28,0,Prime rib sammich FTW.,tip
c0Zx9nLBcFLqS2mupuq1-g,9L-MR0arflwFMF9szEBOOg,2019-07-23 22:05:05,0,"Not worth the vip money, general admission had better quality wines and food",tip
SsI395nMp-tY1wpY8glQFw,eJaeTZlIdM3HWCq__Ve4Wg,2013-08-22 01:45:55,0,Wow!,tip
NuA8RmIGWJmFqwtoHa687Q,uFr4OHCMb0QOIHeoIrkeQg,2019-07-27 09:04:17,0,The workers are very nice and the food is excellent!!!,tip
uksU4UYhKqjJBj6ZSe2dNw,2GYg3liJ9-m6Z67L_4_BRQ,2012-10-11 15:36:55,0,They've got organic chicken feed!!,tip
Rr4cLb6Go91FT134o6RsKg,ZkLdxMHuzp9_LGPoiQ4dVA,2013-12-06 22:57:22,0,I haven't been here in forever. No brownies today. :(,tip
ADhmb7rUJQdxD1JfgDbqLQ,qBWOIod1dYHSitfWfWMlbA,2015-02-21 21:34:10,0,Great please. Highly recommend,tip
kn9ZuVGTGb8xmpXxX_XY6Q,jx-yh-gKeGvOmkS_guVYAg,2011-09-25 01:37:31,0,froyo!,tip
azbNtbUy-qKKNPxsbVXExA,oBNrLz4EDhiscSlbOl8uAw,2020-02-01 19:33:32,0,Jerry the food looks good thanks for everything you guys are amazing.,tip
IvbYXRmR56K7R6KAZ58e2A,qq6vsh6ZEshfv4mTdrjA0g,2016-03-19 18:23:36,0,Pho was great.  Spring rolls as well.  Would go back.  Need some TV's!,tip
_mkcrXRSnDhmCVPU6QUKTg,hyq0W0_Sc5PNyXBdxVki5g,2013-01-13 18:31:54,0,Most friendly staff of all the paneras I've been to. Great food and atmosphere. :),tip
ydFoZnCCEnSm3epdseFecA,BXpLIJbMuWZ939foxtInTg,2012-10-07 01:28:41,0,"Come in, order the lonely Red Head.  Sweet easy amazingly yummy. Ask for Miller!",tip
LQJ7jEWxBBLYiaGVWdN5Dg,2XK7ZqKSygxnn7iDpIeRbw,2015-06-13 00:32:52,0,Russian Food Festival tomorrow as well 12-6pm,tip
5hR3TKMZcXYeVO5_hPv2cQ,Af0RbLKk4U-GU8J9OsRfyQ,2021-08-06 17:41:48,0,"Fresh and natural foods, love this place.",tip
tz4eV6-OWT6dl0ME_qWSdw,6x9hcZ1CJ4S9avBgPGS7-Q,2013-04-13 18:21:25,0,The music & a lot of the time the people,tip
l_5iaa0MREofT7KIZIH4ug,XcxoQZHb7BAGV_5sgB4Xig,2013-01-16 10:03:43,0,Great everything!!!,tip
4wF7pV6dgDvXunzKsk3eZA,gfQmLdpBzhs_y1sQhIzjBQ,2020-03-16 19:45:53,0,Everything I've had is tasty and delicious,tip
ORCzruIT-MkZ015eZ9r1lQ,mcb8blqo4lWVl91Mrp80uQ,2020-07-09 22:31:26,0,Tastes good but their crust is too chewy for me.  Their bread is good.,tip
BVHMV_xv2Ur4Ih9_4yw0iQ,IQ-FUxpwpibrfOpj6d8Asg,2016-03-08 15:37:38,0,A must when you travel to Nola!,tip
kKPbWlBjpSL3Qzvtn_AaPw,KLCb0nSVjH5er1Ui6bZWdA,2017-07-13 23:54:41,0,"It's Mac & Cheese Day
NOLA's best found in Chalmette
Ferry ride away

#NOLA_Haiku
#RockyAndCarlos
#EatLocal #Chalmette #NOLAEats",tip
BMNavOf5mzewR4uU6KRJOg,ZALxLqcIfrW047KDHwhiDQ,2019-07-21 01:54:18,0,Best margs In the city!!! The steak was flames luh bih... str8 fye,tip
T8Au1_8tPtFPLNjzAhrXdA,w9_EQB0SuAFYxPMcfY_P_g,2014-03-16 17:05:46,0,Great place to read since they have cozy couches and the background music is not too loud,tip
VDqCXYWumRwj691to_nIXg,_4LtVmrCdz40l1DnptAmgQ,2014-06-12 16:51:15,0,"The DJ gets the party started Fri and Sat after 10PM. It gets very crowded (a good thing), so you get to keep the dance moves simple.",tip
tFSyyQ9kj0YQB11QLRx-Ww,_gG21n_hrzDkQEjn2OT80A,2019-10-21 17:46:32,0,It's located in the Pinellas Shopping Center on the corner of Clearwater Largo Road and West Bay Avenue,tip
xPFKe0oKTwBdYILb1ZIu0w,B488fOdx1eO0vWF8D0WcQw,2016-02-13 00:02:43,0,The service here sucks ass. I dont recommend and will not return,tip
nzJaJ6O1iMxSUWyQ7TIzdQ,oGMwCmV1EQZgCdylAbK9ow,2014-11-08 23:14:24,0,"Bottom line, If you list fruit soup as a dessert,  you're an asshole.",tip
8WWtZ-EEKBWiElYEZLaOmA,sTfVZ9xo36tU8R5DnaCGkg,2016-02-21 19:18:47,0,"Carnitas and Huaraches were amazing! Not super fast, but cheap!",tip
KMDt5KuThS2s3OdbnEOkyw,rhdzgIxt3PikpHXm_QNCew,2014-08-09 19:22:05,0,"Cool atmosphere and super fresh, delicious juices!",tip
mwlu23PE6NYrZ672az2A8g,yE6aDcbbK8pmvNroXnQYQA,2015-10-04 21:53:11,0,Delicious sea food beignets!,tip
qT1-N9hjbyjMW4Mvq4uU4w,ggNLqZxILZgGabRT_NPS_A,2019-06-13 18:50:35,0,3-7 happy hour in bar!,tip
vwpcXeH067odwNil2Uvihw,_8MkUoObdLpakXbCobbKxA,2013-06-15 17:51:46,0,"My new favorite lunch spot! Breakfast tacos were fabulous! Prices were very reasonable, and everything we got tasted fabulous!",tip
Yirr1ClKbwi8dbeg662hyg,VpJzlz3bKOJtiI1rb9kTpw,2010-12-30 00:05:22,0,Whoa!  Greg is trying Indian food. Hell has frozen over.,tip
vRp6jlO9M6wLi150CvX6Ig,mNlpB2CrYKaIM6Ad9bA0iw,2014-06-07 08:52:12,0,"Storefront is all emptied out, are they moving? Later the windows were papered over.",tip
qRZUhyRHeiipj8qNffzPHA,D2v3g5jLjPsaXnswYGW6Dg,2015-11-01 17:48:33,0,Self seating-wherever you can find space :),tip
3yKxvCVoKo9_oDZnnXwHLg,YUtYV7iXqiUX19gFBiy9SQ,2015-03-27 05:43:17,0,Po boy and debris,tip
PAqKZ1nKDsGvad3QVv5PXA,T_pj13mZUV_2YirOFlEMEQ,2021-02-19 20:30:26,0,So good!,tip
2nXEdrrNLuO0KVoeb5QdHA,Zmh2_OjtPX4fmoDI151jEQ,2018-01-12 00:15:08,0,Loved it! So quick and so reliable. Would recommend.,tip
fTM1PqXaY422W_xrMEZhAw,hHTo8EhV8nLPLcO4SHmQgQ,2016-04-03 16:17:59,0,"Nice drinks, food was a little greasy, but was ok.",tip
ihjD_d0WqMt54g2XuzdZlA,EtKSTHV5Qx_Q7Aur9o4kQQ,2014-03-22 03:49:02,0,"Whiskey tasting, burgers, some beer and wine.  Great place to chill with friends or a date.",tip
-ux27Gn4AtrQJU5HAMENog,9_m_iA3VAqGBJEW5XLc-5w,2021-08-21 23:52:15,0,Good food good people,tip
MR7IBqfvfoLFTPU6-s5gGQ,zYyVEC0IF86xSHF3GFmvkg,2013-12-02 00:47:20,0,I wish they had more of a Pakistani feel. I really miss beef dishes. Nihari,tip
yD4vmlcW9_s4WqywZyTipg,PweEiIooF2RSX2TLndn0dA,2018-05-29 03:56:49,0,"Expired candies, so how about your meat ?",tip
0x_Z109x7SHiFpZqPI6wgQ,4VXILCkeHxOcoljkQmIiRg,2019-04-21 00:52:52,0,Yes,tip
ZqYd3KDDwRJ14rnxpRndYg,iB3p_H5xAL1PkRKXnhIbMA,2013-08-05 14:30:16,0,I rarely get to visit this side of town anymore. The place is beautiful and crusted ahi tuna appetizer was delicious.,tip
X5aJnRNJ6QlYOlIyEQphQg,dpwkz52tHB2MCPv53I2aRA,2012-03-03 22:30:15,0,Best tasting pot stickers around,tip
fWGzwcgA1nB93S2s25AI3w,BqE1rOqopf1IQeO1LI4kyQ,2016-03-24 00:18:18,0,"Very professional and helpful, beautiful facility",tip
GzDlY6ozeZwru8-yjeBKZQ,AdT6vMVYy2uFFfnYbWoAsw,2016-03-20 11:31:10,0,Had a great pizza here.,tip
41LwWK76O6AVpGl4h5QJLg,JVDHxMnKjif8XdXVFWiClg,2016-07-03 00:45:07,0,Hhgfreddfrfddzdrewwqqwdfhhtrtddddsesdfrerfvngdxd,tip
LEGBfyFAi7wZYHJts7Zn1Q,Dc9UvOn_v9-BU9Rn6l4ejQ,2010-09-25 15:40:37,0,Best little year-round farmer's market in Indy. They still have the good new potatoes.,tip
TIeXcKbDeGBy-UsgSjRJQg,Pkvs0bMBlJJ0nMjX2iKFGw,2013-09-05 23:12:27,0,GlutenFree buns are a big winner for Celiacs!,tip
c3a8JOMHV9VgaqAvAcbQGw,nYPzsOjvida-ne7swSPHpA,2018-12-31 21:31:49,0,Great food ambiance and happy hour!,tip
5Y5KbsI5buMcNh2hTFaRpA,xEEUmM8gtHG4ZOFYDBmHJw,2012-10-11 22:30:02,0,Located in the old Virago space!,tip
Qnlk3IBH-sqtKmLG0qADpw,DPtdBtLp6ng9cAB9_rzB6g,2013-06-23 19:17:05,0,Can't beat this bar where most of the greats in music have played!!,tip
qYf08Xx2LlBmCF6uzcj5zw,sjmQ8ERx9KqzHGQDoD95zA,2011-12-02 00:29:19,0,This is now an AMC!,tip
uy0Rs_LQf13aBHdpgEywig,-OWsJkkKmcMA8ecGLSUg7w,2020-10-15 00:33:59,0,My fav spot!,tip
1pgT-Eeh-GIOlhOgHMMRZA,_ab50qdWOk0DdB6XOrBitw,2014-07-22 19:34:30,0,"Opened in the 1800's, best French Fries ever (Boo Fries - Cheese+Gravy) and awesome oysters.",tip
bvQ3ZUWc0LnbesxMtIl16w,mnwTbHyIgpMvOG9705zqWA,2013-03-17 18:25:19,0,"Banjo demonstration is slowwww man. Less talky, more play-y.",tip
w2auf6xIN0TdP1FWLWG2Xw,y9kq3hCzoySI9TzIS4yb7w,2014-08-05 23:51:59,0,"Burger Tuesdays, cheese steak Thursdays",tip
Kzz3TtAn-eO04Hhj9RcsQw,RvTHIKHaPVVp8S9cihpi5w,2017-11-30 01:17:01,0,Favorite bar in NOLA - great music and atmosphere- we come every time we are in NOLA,tip
tbAFfxRsb6FYz2eVODDRMw,8lao3fRZqAKJQNKqR3xbpw,2014-08-05 15:17:30,0,Great bar. Kitchen serves breakfast anytime... And they do it right,tip
ZfE5VbSyJLEM2DTOfB6sJw,wFES5bGDiPANW13hNHnXOQ,2013-11-02 01:40:47,0,Plenty of parking. Restaurant is tiny!,tip
A9SJjBIg6B_RMuopyat_0g,KRp5xFDLs8JzuqEQgN0oUA,2016-05-18 17:48:59,0,"A+ food & atmosphere
The smoked salmon crepe was delicious!",tip
Rx2351DgpGlhOp1lO9Hkuw,GDtcIsIfH9Up8E-Mls5XCQ,2017-11-01 14:30:18,0,Great tea !,tip
PYbhOHHGkQlCEHTZyQ5veQ,fqkEU1N-Q4Yxa1wbXRGpEw,2012-12-27 19:11:40,0,Thai chili fish sauce is in the bottom of the Coke cooler.,tip
CozGguiwx7JEVk7cAwdvpA,iB2iYXjbovqoKUsV2TNReg,2011-02-06 05:39:21,0,Go Pack!!!,tip
u9kPU0-GJU3hVxb1quTT6g,I2Yt74AzSQFfyQqgN7PSEg,2019-12-17 20:11:36,0,Great hotel and close to mall. Clean and comfortable,tip
EOiLQxOpXg-2kD4yQeuS8w,Pt3zysqPuQm0XKlN4h3rGw,2019-08-15 17:54:27,0,Love this place! Always go here and Tammy is the best!,tip
gRtIqKlpP_YNp45x-MmeQQ,PtehC6OlP6py7ZktCi4Yug,2016-03-05 18:30:12,0,insanely slow . took 4 girls 20 plus minutes to put fruit in a juicer .,tip
UJJFLUq9PY8uzzM0-9kiiQ,2vLwBpIqpG5Cci8K-xD8uQ,2015-06-22 22:03:23,0,"Nacho app is great, but huge!",tip
lPG_i3iaDu9HLvQ4xKLAeA,XixKy4AoVb-sAljtEeKALw,2019-05-28 20:38:48,0,A Must try!,tip
1FAKs3CAQQLBgdB23GeDIQ,5YkucjpFYEhg4gsWU4B1hQ,2009-05-23 16:19:16,0,You must try their eggs benedict. One of the best!!,tip
Is5kCsODInimo9-nZf0oeA,7gyFoLqapUSW94EI6pFekQ,2011-08-02 00:23:39,0,Pasta was not too creamy or overpowering. It had just the right amount of spices. Yum!,tip
iwI_JiG5onT0pbhbSWIACw,zgpx6YqA7KeY9-3xbNEn3A,2016-07-22 18:15:23,0,Food and service was incredibly subpar. Waitress completely ignored our table.,tip
0Hl2BwAIz3Gi3Jhlx7AYZA,MHRtTzAIU9RAnP1GnZr9vw,2013-11-19 01:29:34,0,Work it,tip
0bcxV3G1FsihSvFJu0ts4g,yU9IbNUud4W4g9-AUx7Ezw,2021-02-17 02:59:26,0,And another one,tip
RiaZQN4Y498cCTB1YTbHlw,E-nhxuu3zbt02oCj_1AFng,2017-02-01 07:07:38,0,Fantastic place to receive a Brazilian wax! Very professional and stylish salon.,tip
5DN2k3KWK9uzmd1lPWGHiw,9xdXS7jtWjCVzL4_oPGv9A,2017-11-07 01:58:51,0,This is a must!,tip
mpp03IEwfkdXqHRbT6Px6g,Pv0UQ6EIQokMLkrn-GDDDA,2018-03-24 15:03:57,0,"Ladies and gentlemen, Portillo's is a major food group in Chicago. Order yourself a Big Cheesy Beef with sweet and hot, and get it dunked. With fries. Rinse and repeat. Enjoy!",tip
y_PMpgAxTWUIYAmzfFc6VA,poviu-6n3iaRE4gdQz6OYw,2011-03-26 18:41:31,0,Shucking!!,tip
t5FhUn_K_OUZQT5dRHw2aA,5Ce3lZksYVkCbrihqylVHQ,2016-08-20 22:21:18,0,Amazing as always !!,tip
Ym9bClLm4BVtujNgOVIKzw,cp91vTKsJrn6HgTsJWgxdg,2013-11-25 23:00:58,1,Super busy with limited cell service. My version of hell. Make sure to bring a book!,tip
LdUhJfS50haBvzwx9ojuVA,VMhmOuo1BDg9SIkLCA0kMA,2021-02-13 00:31:25,0,Follow on social media for deals and promotions!,tip
xDgc43KO-moFZs6JhZebxg,fb7WERNeJ6KbzN-H5ImqnQ,2017-03-30 11:49:42,0,Awesome!! They're great! Professional in every way!!,tip
q2fj9pVg08cz28l9uOFh_Q,mXCc-htrMH55gdaWF7wH2A,2016-07-10 23:04:52,0,Food is always great. The place is clean and relaxing atmosphere,tip
tp4JsR3G6-7W9LBT6zEuhA,qdUx7wxwnT80MkaqGCTfSQ,2013-09-25 15:19:18,0,The Matzah Ball soup and Ruben are my go to. Can't resist.,tip
Lu9jT30pbrVdtO7Q4AeQUg,grjFEAN9gXOKQFEta4yBJg,2012-04-12 16:47:05,0,Hehe,tip
cEQkk4VtWj6XXa885-94lA,90LsqLbaoQpz_xNbSQsCFA,2017-10-07 19:59:23,0,"Soooooo incredibly slooooowwwww!!!!! All the time, crowd or not.",tip
cHN5SqaNgi3OzKz7jYqa-Q,8NqrX9MRsjql8lGiuxlmeg,2021-07-06 02:40:34,0,Very greasy,tip
ystOqHZOLGHIAfyplba5cA,4i4kmYm9wgSNyF1b6gKphg,2011-08-22 11:37:46,0,Wheels up again. Yawn.,tip
nmotI648CZApa_17PaDKvQ,0uLQR2naPnvMPrrvaCtlLQ,2016-05-30 20:08:16,0,Bearss grooves is amazing. Great produce great prices and very friendly staff.,tip
Ttn1RtATzZBtWsx6MoPGqQ,_gaOrkYtODrxY0JlWFe-sQ,2015-02-01 21:44:42,0,Like the hot chocolate!,tip
ftDp3yDprljTj6CBp32QIg,-6L_z3ftD1iepJb0FfJghw,2013-08-05 00:35:47,0,Great customer service and convenient locations - I will definitely be back!,tip
uNZVhDP8C8_yBArh4gqM1w,DsPomqfQZ44v5wD-My6dIQ,2020-06-04 18:14:05,0,SO GOOD,tip
OtXxJ7vSPophigPyd12R3A,kbEVlzQLcYS3JSQPG9QMOQ,2011-05-23 15:10:58,0,"What's Crackin? The Liberty Bell! ""Let Freedom Ring""",tip
sPupNHpAYBDwtnPqoNGYWQ,t1mWfxivNyGde5VxYYYhSA,2021-01-19 23:08:07,0,Great staff and food,tip
iTNoiMI2vjKctsUfZGpquA,3iUCCf1FWmjlFbGYvBgf9w,2018-11-26 02:10:09,0,The hottest sauce is a real creeper,tip
1LtHqGPonYJMZ5aBNKi37Q,KFfmCw3ODnR_plV8lj_O4w,2012-10-05 23:54:42,0,Love!,tip
pKbfG1PnQaJFVyksoJHq-Q,iH9fT2RCB0u4cVl2HLDtqg,2011-08-06 01:37:16,0,"Ask for #437, it has Guyanese rum.",tip
uGSyFO6eK8CFji8pxIEGEQ,pXMm5R9QEfGc_3w3RvZRxw,2011-10-20 17:46:19,0,Tried the cordon bleu and the pesto chicken. Both delicious!! Such a fun atmosphere!,tip
5tvH5oWGe6QjZkjR9NEqkg,UJE-f8gVEB2za5QPZd_wVw,2018-02-03 22:14:41,0,"The server added a coupon that didn't appear to my online order saving me $5. A small thing, but she didn't have to do that. Thanks!",tip
2d6yD5a0lbmkuWFQ52CuJQ,DsKzHnkLKnxZTVsFpts4oA,2013-02-16 17:24:48,0,Food is good.  There is a lot of rustic unique dishes.  Struggled consistency overall good quality,tip
REmj73mVB8Vq-xgQr72ZZg,B7WQ7wjnkJmdXgbGs4NQtA,2012-05-12 19:48:22,0,They allow smoking here.,tip
3JUC7dFE8sKBrDrbTtSkaA,52q3_FQ5uX43IayrQS7znQ,2019-12-14 00:27:40,0,Truly appreciate the upscale port-a-potty that one can only expect from Carmel. Everything just had to be sweeter in Car'mel,tip
xoY2chX_RMlchQUR1qC9lw,kV3_FJgXx7_03mx6cc4fmg,2011-07-11 17:07:48,0,"This place is stupid! Try calling, they'll never answer. Then you show up and they'll tell you to go somewhere else. Grrr",tip
5MOocjdb0_R2HfLXdgbLaA,qUH2FppY7RL96F5tXzA0hQ,2019-09-08 23:19:14,0,Iced vanilla latte is amazing,tip
A4bsa7ykYRVCnb4h2vZALw,EtM079Cj7-B3G7jPsGYb_Q,2012-05-19 00:51:48,0,Great Happy Hour! 2 for 1 until 8pm best hours in town.,tip
kSPUgAJEIsSzlsH--CSXeg,dlFdjPUJI1eqRs8WVPE3QA,2014-12-13 16:45:31,0,"As I checked in, Yelp asked me if it was good for groups, and if it's good for kids. 2 separate young families as well a a group of 10 are in here. They look and sound very happy, and more than content.",tip
PksW41lYyu9sqOB2YGR0Pw,3WDy7uo8g3bR_4IyYLXtWg,2018-05-29 14:22:33,0,I love this place!! Friendly staff & good food. Would definitely recommend,tip
L4KX7XLukcdUA1rdpm9-Sg,3ldp8B52AOzNSFnPMAY0ww,2013-03-15 22:38:32,0,The meats are approved by this southern girl. However. The sides and the sides selection need some work. And. Bottled sweet tea. Why??!!,tip
Tp8lK4TWERIJA-5dNnardA,lQfoxruhjhFQnJLOmILNAw,2018-02-27 03:02:34,0,"They open tomorrow, February 27th, at 10:30AM!!",tip
V-NUHyqf5gQ0-GjBkL3Aqw,D9wDoZIDkCQO-v1D0JI7Sg,2014-07-17 19:42:29,0,"Get the groupon deal and do a walk around before you drive away. Occasionally, they miss some water marks.",tip
KpLr02nOKhDBHwKWQtCscg,YVGvWVxodoInrKBTPCfEgQ,2018-02-19 01:18:13,0,Love Arby's brisket sandwich. Excellent service by the lady at the takeout window.,tip
A9cXP_K95FRor1qxuUEu2g,PBe7bee3Q4Db3Y89SdDgSg,2016-01-24 20:44:42,0,Accessible parking is in front of Jet's Pizza.,tip
H40wVbsl8Lb5nBATjJ0Blw,mcr1lAEdvGLMJhuPwI3I2A,2013-09-02 02:25:52,0,check-in to yelp and get 10% off,tip
3eYw4-2jDoyNkWeIem_cEA,3PGuOGZCbqdhgrTvikfRRg,2020-11-04 18:59:19,0,Food is good but incredibly long delivery times every time I order.,tip
cHj50J5IkfCKYYemaeSZ8Q,5ePmsZ9KKpwOb24_DghnXg,2014-02-02 01:40:40,0,"Flavorless ""Mexican food""",tip
X1nvKXUJ5Lp3W9Oe-_JrMQ,KYSFJum54BNdhX_A8kNMvA,2013-08-04 15:47:58,0,Such a STL staple.,tip
0eUvx_r6lfYz_yoReusL8Q,ODDbQCvJBFwLDimkT9KoYA,2015-06-06 03:32:12,0,"Excellent Sushi, great service and atmosphere. Will go be back again!",tip
GswREbI1fRQFB4S1jBoWvA,yk00rxP7MCuoVdIyvBddXA,2021-05-09 17:13:08,0,Love the bouquet I received from Alpha Floral!! So beautiful,tip
rnTZfKsQn-mW8RvIkjHPKA,aIoUwpy5ZFQXUDxWMnMZ4Q,2010-08-24 23:27:44,0,Females: go into the ladies' bathroom and lift the fig leaf. You'll see what I mean.,tip
9ToHEPRJV4n1U9k1nwkVhQ,AFk6UXFbH-idH31KhFQVCg,2014-03-13 13:10:13,0,Food is excellent,tip
MBuUnl4HXEUmXHV-UEwfZw,XBlwldJfMJPzgEatHKFx8w,2018-09-11 00:50:52,0,"What's not to love about JJP. Always welcomed like good friends. Great food and varied menu ( Best burgers in Tampa ), daily specials, chill atmosphere, fun activities (trivia is a blast and I'm so consistent I always come in last, but have a blast!), super musicians, 50 rotating draft beers (w samples +) the undisputed BEST BARTENDER, Chis Humphrey! And ask for Joseph, he's a gem of a server! And so fun for Lightning Games!",tip
1_Oc_w2U7dKw8tu8_cfjsQ,LXs4nAXIcKzwOTKE_Ke7Mw,2016-06-13 20:56:28,0,Sit in the middle near the computers for ample social atmosphere without all the talking :),tip
Y7cSqT7xbjMgoNsF-qJ2Xw,1_hDCN3iioFR3XnUr32ZtA,2016-02-27 05:51:16,0,go next sour and get a burrito.,tip
I2XpWCHAom1JRyHXZQrnfg,oToFygrpTn3OUpFkPFMxfA,2015-01-06 14:18:06,0,Prices have really soared.,tip
ROJ6UsUBoJov81mCIwMvUw,oBNrLz4EDhiscSlbOl8uAw,2015-10-16 04:12:41,0,Great Food!,tip
tJIMcm7Zj8iYHFsETl-Bbw,tP8wd-9CrI_RkHK424oifQ,2012-09-08 22:03:26,0,Free wifi and avail,tip
EIpX6_XS6wM1oTE2hcjT0Q,zj6wDLKIl4rrHcAWgb6oqw,2014-02-28 05:31:43,0,"Best sweet potato fries EVER. Thick cut, hot and fresh, served with cinnamon honey bourbon butter. I go here JUST for these some nights. Must get!",tip
VwiYJN6BxqtW_zF8hefhmQ,cGsewW-9GdycDS3YT_eUMA,2012-05-09 22:26:50,0,Dinner with Jess!,tip
HiTShUNk6MNjInUJF4IPpw,xW6anc3eKbijsELT7FLr9g,2021-03-26 22:52:28,0,J,tip
zATIlXpuHJLBREVzrtIpsA,XXRaYrNad94JXygq-zz7Jw,2014-03-17 22:59:24,0,"Corn beef, cabbage, potatoes and carrots. Start with Guinness, then a Stag with a shot of Jameson!",tip
0E3kMde0JcQUwxHvPxeYpg,d0CuJ-aWMTbozTb4fKxU_g,2015-09-12 21:44:25,0,The very best pizza in the area. The owner is awesome and does a great job.,tip
qxG-e6DO-UUy88addnenYQ,E7RtIisUoRMcADSebBgNAA,2014-08-03 07:18:13,0,"Fish fish fish 
And the Calamari is GONE !!",tip
Y5-FqLnqIQPtLid8wOJ0-Q,IA49pPUin16ZDPyuaoj1VA,2012-12-14 17:52:49,0,And now For The Other End.,tip
rnw8_5vs7m70oFQ1Up3ygg,iDrmpQwGAAmftLzWqxEomg,2013-08-07 23:30:13,0,Happy hour is always a must. Their speciality drinks are sooo good. Try them ALL! You won't regret it .,tip
Bofiz9C2LxbGfqtQIMc5vA,THXp01ZM5ZZqOep5AJIJ_Q,2014-12-03 12:45:16,0,Get the Peel 10! Dr. Lack is fabulous! Special viewing. Call shop for details,tip
hBrn1U0ZyholtkatcLBnEw,RqW9S4WG9UYZHKhHRHXJZg,2018-08-11 20:12:40,0,Bland,tip
TCOD3wGpANGyAp7mvyMtTQ,hC9FlobGGp0G2C59WzOfFg,2017-04-16 15:46:38,0,"This place gets really busy weekends especially evenings. Keep in mind a lot of people will be drinking, if you're not into occasional rowdy drunks! Come earlier if you want to avoid those crowds.",tip
rlG1sLt1SM_0lmAasBOYEg,wVrJOXjRrPKIfZbNnrl3ow,2019-12-08 04:22:28,0,Eggplant parm still da bomb.   Love Pizza D,tip
F5-4dX2PV7uJByMLHm3-lw,_cndcbuaqSRW5f-MeZasNw,2016-02-13 19:43:34,0,This place was the bom,tip
cRt0608EYB1iuKxbTg8h0A,Tt4byMYA7FvAkQ3MigcJWQ,2013-05-07 00:17:52,0,Happy Hour Monday thru Friday 4-7pm!,tip
6VjiqrAdhzZzym9E1U-47Q,p6diBHFqEXLb1m9MFt1j_w,2014-07-10 22:12:04,0,Super impressed with their service would recommend to everyone in Boise,tip
YXKhIt1DdND7xwTpYh-FFw,9C_aBq9VqoRF94N1TwjnQQ,2017-02-21 05:05:37,0,Free wifi!,tip
Z8XxkynEDmneQ2Rilyfvwg,nYsNsyIppe_DTueBha1x9A,2020-02-18 19:56:18,0,"Highly recommended!!
Outstanding service, food and drinks. Will be a do over",tip
zPgwS82fTEoprS1_dzU2eQ,-TSPsir3LSLO9vVBkvkqUw,2019-11-10 20:50:20,0,no parking garage but there is public parking lot,tip
QaCbRxUMAcTJl5YwA6inDA,Y95byaGVr4L10m8cZcbSiA,2011-09-29 19:09:05,0,Shakes are 1/2 price between 2-4!,tip
xNd7UACd0HtF0SqHnBedWg,2Yf3uGarCtGq7Expa0A81Q,2016-06-17 22:35:20,0,Fantastic beer..great mojo in this place,tip
8wYt2OfdHwpe2eaP2Z3Qsw,7xWa16c6ICI1piukbzoT4Q,2013-12-26 22:31:14,0,Visiting mom,tip
6Jrx4sEzyYLz4XWAMVokgw,ZBytyjSW6uOeKgDn7ELqhw,2013-07-22 23:36:24,0,"fresh, flavorful, amazingly delicious and you cant eat just one. Room Four is up there in the top 5 restaurants in Indy with the BEST tacos!! Gotta try them!!",tip
xBSFz5aZMQ8TUv3KgGwthw,FWL7gVwCg4q3ZTSqBZWGUw,2018-08-05 02:19:39,0,Their normal tapas menu is back!,tip
CMO04SMgjqiI_kF3FrswTg,dNmqRPHBys4dWH4nReO7MA,2014-11-18 01:22:55,0,KY Bourbon Barrel Ale. $1 per 1% of ABV. WORTH IT.,tip
qTe02GbMDYN7DpRBuDA2NA,v4lz71o76wWD8H15NsbZGA,2013-07-08 00:38:37,0,the busiest place in the funk zone for good reason.,tip
fCvMnJU1Z-XhAjKg99wK3Q,0bvtIbpsqBJZpRKSPwIfNw,2016-09-30 15:56:44,0,Completely renovated over the summer and a new chef was brought in.,tip
CqQEtaHtXGY-sFu6hGuEBA,VHA-b1NH4tIZB_IVEf_pmA,2012-04-15 01:02:52,0,Try the crepe.,tip
e1g5i_oZKM4Q-2QX-LHgjQ,zGXgO4L7UdRB5Z1fzYWr7A,2017-08-04 12:32:41,0,pathetic,tip
0q56c0-hhcAASY-jUrssFA,enCe1a4qw9OipQhrBz5gHQ,2014-01-10 19:55:13,0,Great food and great sushi. Love ordering from this place. Friendly staff,tip
CllLV_3SQcG6m-oE9JoDFQ,tkehxQ-wmJk7xZ_op1r1nQ,2011-12-04 18:23:54,0,dim sum!!!,tip
A4YsDUocwpqCjtaMS32R6g,fFj8iQ8eVZui5kcPzPVIJw,2018-06-27 18:19:48,0,Dunkin Doughnuts coffee grounds are sold here,tip
tQ6HM9ldSsYbuPugPUr-gw,YhRL2xPS-y2h90D2L4jKBQ,2013-03-08 15:10:19,0,Love it,tip
bue3UfrSsrG3fV2BDNcwlA,DXDoh8MNrqjtXsZnkuk4hA,2016-08-14 01:05:35,0,"If you're waiting for a table and extremely hungry, you can order appetizers and drinks at the bar.",tip
lK_K4sFJYYpvGiSgf62qZg,yl0yqngQGbW2hPmf5L427g,2015-11-02 00:15:14,0,Excellent bar food. Great service and the best wings in town.,tip
Ch-vqMPsp6CNi8NC3VgtCA,3sDSJK2zSeq-1rZtYCt_MQ,2017-06-18 15:03:01,0,Delicious pho!,tip
76omre_1qQC-r-Ifnq5N1Q,un0SYMwg2E_T1VLp7ANW7w,2012-07-04 14:20:46,0,Busy but fast service. Great food,tip
vdss7y3awQBDQ-_Cki3RBQ,S6za38QmbFX9pAOK0E_yFA,2014-10-23 18:24:48,0,"Service. Is. Slow. We have been at our table for 30 minutes, it took 20 minutes for the server to show up, by that time we were ready to order, and the hostess just brought our drinks, minus the lemon I asked for. I don't have high hopes for the service for the rest of our meal.",tip
R7UDduQKpN5WBwJeAmFzZw,evfBbxpCX8Ho-Hr0_Y48Nw,2017-05-23 05:17:37,0,"Incredible selection, beautifully curated '",tip
sybWIC5VtEyiWW2RtH8nmA,-eZ7NYqKCwIAY__MHkcGBw,2014-08-08 18:31:12,0,Fabulous sandwiches for lunch. Great service!,tip
Akf3aJfabb9DO3FufzebVg,0QV-pdd-2nW7vQNuXyYoQA,2019-03-08 18:34:08,0,The downside of shopping here is you've got to rummage through piles of stuff to find the things you want.  It's basically a trade - spend more time to spend less money.,tip
gyFh1Mh4j207t-ntwowj6Q,uIZwBkvWicqyWraXvYOipw,2016-02-01 00:05:16,0,"Great food ,great service  ,!! I love French food!!!!",tip
PG_0flHIfJnblib1xdgvcg,WMkiheTT-8kRslImVLWMVw,2013-08-27 02:30:55,0,the winningest outdoor drinking area in this city.,tip
iR1PHZdTwMFcLzth44PfwA,7DpxI5_OvGpY1bl4I_YYcw,2014-11-11 03:26:53,0,Great selection of party supplies.,tip
EKcDwl-1cmhqhhps8axkZw,E3pJ4rEzrJfv1ka51uwypg,2015-03-16 01:00:51,0,Two words: Fried Twinkies,tip
nvHvVc6ElF8PATXzZXkSKA,45siW2fI0Cuv5ZKCS23knA,2014-11-01 22:17:05,0,Delicious coffee and super knowledgable and friendly owner!,tip
0WZsDkq-bUZfOXPFAXDkkg,kcSgJiaI6rvwSt9okjX8sQ,2015-08-10 15:48:22,1,Bonus: Saw seals and dolphins on a 1/2 day fishing trip.,tip
3qJqlglcjESwiScZQtV8Nw,S_EYSW6QoJh8cKlj8BhfFA,2017-10-15 10:44:24,0,The Baby Meatball Pizza Is Their Best!,tip
-VIivZ5PnmzqEMGmsGWYlg,rOO6WIjs0AAOcTRz8KsZHA,2014-02-23 00:28:21,0,This map is not accurate!! It's actually in a shopping center near renders and dollar tree.,tip
CozGguiwx7JEVk7cAwdvpA,z9eFmhycVkKRoNj8PP9oKg,2011-01-23 17:25:49,0,About a 15 minute wait for two.,tip
jiVr7O5xTFsUCQlS_HPEKQ,tj9T7SUDD0SZZwq0LqKz4Q,2017-03-25 14:00:33,0,"Be sure to check out the Food Truck Fridays, last Friday of every month, March 31st - October. Food trucks, tastings, and live entertainment!",tip
lMY8NBPyzlPbbu-KBYfD9A,jKHlvwq40sghrR89pF_3Tw,2015-12-17 02:05:46,0,Got hot chocolate?,tip
dA0Nlg2Sghc1LPwkwYwiDw,COZbEsySsjS1d3mJ6cXeTA,2021-08-18 21:55:06,0,There were cockroaches making out in the bathroom,tip
4cmvAAJY2cCx08Q1e1wnpg,EKbb62ui8LgHk3B7OJMyBw,2015-08-25 00:15:47,0,I've been here twice & absolutely loved it both times!,tip
-UHtM2GTnzaJ0XYaYLXi9w,9EhERXAZndIinOJnrtcFmQ,2013-06-23 17:22:16,0,Always go with extra pico de gallo.,tip
7kEffAY02eNkgLjK6XRD_Q,bp5Mk2d0qofUeF5uLauIbg,2016-09-20 00:19:28,0,"I was a gumbo virgin, and I am now a gumbo covert! Soooo good.",tip
1eqy55tfazEXqDvGq2LDFw,N0xoP1D4BvtgMiY-SE5UTg,2011-08-21 22:26:58,0,Pistachio & Lemon!!,tip
NqWV5ftYPSgoctH9hNfoZw,iG784T4ALySu25M0x-9rzA,2014-06-22 01:51:13,0,Heard they had great burgers and they are!,tip
LT5ZuJ5X49uE3hlZ7teJPQ,ntiIq1FNqduOyyowMFGh5A,2013-01-29 18:02:39,0,"For reals, what is the big deal.  Unremarkable shrimp noodle in blah broth!!",tip
Qxv9i0qqUHaGi_86NkWlwA,RLlOK2fL6xU1sfIPiP2QBw,2013-03-16 17:32:33,0,Meh.....I think there's better seafood in NO. Table service is awesome & 100% kid friendly!,tip
ZOJHhTTR4oenQzP9nLHZQQ,dL8yaO7NtWpBar8CHh66QA,2012-08-22 21:51:57,0,The do pub food right! Especially delicious fish & chips.,tip
N5AOdv9EoNkA4p4MKs_fUg,az4WbjTUNkMS0XCSALpMtQ,2012-04-06 17:28:02,0,Once again being treated like family. These people are great here. Come check out the New Mazda CX 5... I love mine...,tip
bt2vF5DI4Y24aJw5a-Y73Q,UGRRI0KG9S8WI-oWTaPaHA,2013-04-07 20:53:35,0,The service is really slow...prepare for a long wait.,tip
G5HTJzuYXglHpb6BamwV_w,zzXDi0Pdv0s84M-oQaIa_g,2014-04-21 21:34:27,0,"The parking is limited, so make sure to plan accordingly and car pool!",tip
sLgekUp1uedWpnDsztvkVw,y4a2-KQ9IB9bdXbR_3gyog,2017-10-25 16:12:16,0,Need bags for leaves!,tip
8PmYg12cee5WiVvVwxOXCQ,jZd462wsUBOIB60UEjUOsw,2015-10-18 02:36:39,0,They will start roasting their own bean blend very soon,tip
lK5yAUFshmWQsywwwuLLEg,7TkgWz7fLbMBjkS_RTTOIg,2016-07-15 23:32:15,0,Dr. Nayak not board certified by the American Board of Plastic Surgery (ABPS),tip
Rz1hm-TGoFerUKUBEOt97Q,UWAOQGA2cPyGwPoei5uifw,2017-11-13 19:42:03,0,"I've already written a good review and I don't want to remove it because I do feel it still applies, but... they don't put enough butter or jelly on anything, so I always have to order ""extra"" and even then, it doesn't always work (so I get cream cheese most of the time, to avoid the aggravation).",tip
yk4RXXV2gd87ZD7zj5fO4Q,5nemb_RxxkBtquL94ZZYIg,2011-06-21 01:58:06,0,Great kids section-almost a toy store in itself!,tip
8TzZmmQV8yNEJa673ISWVA,bNssht6kNekjlmT5YErBew,2017-12-12 02:01:06,0,Authentic and inexpensive when compared to most Indian restaurants,tip
xoO_tMH5otyMfhQ39VjYpQ,8E2--KcyOrJx8my51jid2w,2016-10-25 20:04:36,0,"BOMBASS
 - Mermaid picture guy",tip
V2zP4qBUKkr2Mi73J3Ty5A,A0zZI5AnaeK4-vKoc9ABmg,2013-07-25 17:37:18,0,One of the better Thai restaurants in the metro east. Great lunch menu; just wish the Pad Ki Mow was on it!,tip
e1D_nqmCSm9Xb2Rjghy1NQ,n1i7yciuoS2_6_g7ix9jlQ,2012-01-11 18:10:58,0,Grinders!!!,tip
AJ-ujqRPUhYFpGVEkZRezQ,B-XsICEjA_FtZFyUlNhKCg,2014-11-29 18:21:01,0,Good food. Fast service.,tip
D8hAJ5EBK6zAuFXU0oYvCw,KxJRj3kUqIDUinnsQk9Saw,2011-12-30 19:35:51,0,Check on,tip
zS6IxYZcPG4RF5K8_zLTMA,gWPv2msBVzv8VuHIG8IHXw,2013-10-06 22:38:57,0,Great training and easy and clear instruction.,tip
HVdwpEqW4fcnMimsnRGw2g,rnDidItx4G8a-KWy5w1rrA,2017-02-27 03:15:31,0,The assistant manager is great!!!!,tip
wlO819ONEN2jBnWsopaQeQ,3db1R99-mdSvx3QwryJSNQ,2014-06-21 21:00:40,0,Good food and very entertaining servers! Fun place for people watching!,tip
bwSDeidr2bq0JjdM5xfFCw,t7r6CXB0l1_U_qgX-QX6xg,2012-07-22 14:09:09,0,mmmm yum,tip
XxFI5sK79imV13odauVw5A,8UuBoJmuIf29LqM-zm3Qdg,2012-03-09 16:28:54,0,Amazing vanilla chai... food is good too,tip
NLR2glwA5wu9dJPgJLYqYA,UAZXuGdugEZMHwD7nq_ubA,2014-03-02 14:24:19,0,Food was great. Just a tad pricey,tip
xH01dd5qS33nE51SgUvaig,BN3LFoIi1AFQ4IZhvrMXsw,2011-07-21 15:51:17,0,Iced peanut butter mocha - yummy,tip
m4mR8WezTH8nSKP1mwqKOA,bWJbqXuyEgGr7Q8Xf8HUwA,2013-12-17 20:37:34,0,Tempura lunch is delicious!! Yummy!,tip
Z4kAX9nVYXx8_L-DvDEdWQ,ihyiAE-CTr7V3HCj9hcQ9A,2015-09-18 01:44:48,0,I wish they would bring the egg salad back!!!! The best sandwich!,tip
RqBSgj_8HQMjUiIwc-CYwA,bhaaBv7YMTYYIMjx0rrO3Q,2013-05-04 01:28:34,0,"Great service, very fast. Always clean too",tip
B9iPTih0dmpZn6fRyZnLLg,sy7uEcDtctaeYqD7HGrPCg,2013-04-16 13:50:58,0,They are closed for good.,tip
KnWeN-B8XngG0BUoOx6t7g,lXgITG2Ji6mhAPOmw4TRng,2012-03-03 04:11:43,0,With Tini Duong.  Delicious horchata,tip
CSfpIOW_zfbKFUM5o2cHqg,HuSSfY2ABDfTI7pMdhr10Q,2014-09-06 17:13:54,0,If possible come in in the morning time that is when they have the least people,tip
51Ph3Ro4L1i6gjTo7IHMtw,PVieWiYn8GK9GSLnNFmOyA,2014-03-18 21:44:25,0,"Cash only. Sit outside on a pleasant day and enjoy people watching and of course, the view.",tip
EZh6uNpK5TU2rSAclxYzDw,kouFQZiu6lK59nxRLP6LsA,2015-04-26 20:07:13,0,Looking for something healthy? The salads are fantastic!,tip
Mg2ixqqXPI-VWwSWKX6cbg,_8bELjUz5tnftBbXAxKyjA,2012-06-22 15:16:13,0,Double tall caramel machiatto,tip
4njSp_UlXeiUaVAJtFE47A,r6dvcGaTEcvN4nUIeS15nA,2017-11-11 16:31:06,0,amazing,tip
2feiZFzICp_mLONEpzY0pA,Esf3-D_44pArPd9GqysoCg,2013-06-23 22:06:39,0,Macaroons are amazing. Great variety of flavors and texture/chew. Must buy every time you visit the duchess!,tip
JIRc_IpBGBJTa3mbyGqO0Q,TPFy-Bj2HID_gMw_UUxc1A,2012-05-06 04:53:08,0,Their 2 for $20 deal is better than Applebees but as good as chilli's,tip
vrCWDCpDygm6XtzQik2hYA,dXCHtPZ7VdAM98QS_JRksg,2016-11-01 21:04:24,0,"Great food and great employees. After everything, I still love this place.",tip
G0Mu95b3NXx3EO7gw6B1Zw,9RiIQA4M2Y0AU3TkASJn3A,2012-05-20 00:03:48,0,Go for the specials.....,tip
oDa-73UT61bZEyUEjvGYMg,vRtw_YYSwxszxonseZhWCQ,2014-03-23 08:59:29,0,Great choice. I recommend the quinoa salad. Great staff too!,tip
hREk8cuw6WaRaUUEU5I28w,MqrfqmuSgNyFAUSZ-YOToA,2020-01-25 23:18:50,0,Huge delicious  pizzas.,tip
SEd0fckB7I-P62bhpsxr4A,z680Aylt8wN2KAeFM1hy-A,2012-08-01 00:29:23,0,Watching a friendly match with my Hotspurs fans.,tip
azNDotvyn0lURYBzduYsJw,sF0QuOuySsTEbYbIbu3bww,2017-08-12 20:50:54,0,Love love love,tip
mJZLFXvW7DFxpqL1WnKYoA,0MEx9QE4UwII2hkxOtc8CQ,2011-06-09 20:38:26,0,My fav masseuse. Ileana,tip
rIPvFQrJDT88xJQ-jCZegA,5iyKubfNIKGjAq6fuWn_Rw,2018-05-31 03:22:13,0,Best margaritas,tip
OYybKmmoXfh0c6TolEUL-w,EqUsSlv2L7UIkZtgX8C8nQ,2011-06-11 23:12:36,0,Great sale!,tip
YdRA9W046hdnTQV8jIvo6Q,Eb1XmmLWyt_way5NNZ7-Pw,2011-07-20 16:55:34,0,Home sweet home.,tip
m982bOXdBgpmVU3ROb1B2Q,COIGymZ4YaKFqsrikYgJ7w,2015-04-24 23:25:46,0,The bread section is always really picked over.,tip
xXmtvRLU_Qpz0FT09mXGgQ,50mL3BPlNwn_CBH2hth9Dg,2012-10-08 21:42:36,0,Yoga with James A.,tip
KBNjH-D-xLKQ6fJwSZWQ9g,0h_8MRfrPTtYDenk3X8uuw,2013-12-21 00:37:02,0,Great fried rice and egg roll with meal. Good value and  food,tip
WazkjOc7j_RdpK8-0PCUAg,qaABlWyewmE_2VakFyYUtA,2014-04-05 21:03:10,0,April is Cherry Pineapple,tip
Dj77pkw_EZJvR-F4RIf_BQ,vHr8qhM4CXYB3Ol_9yS6QQ,2011-12-21 04:25:41,0,The best AYCE sushi I've ever had...and it's in Reno?!?!  I'm a believer!,tip
xFoNdQVA8dHxd_mZBFA6Pw,E_jnzr_iuZGeUeP-5VMi2Q,2013-03-03 19:50:25,0,Birthday preparations..... Treating myself to pedi and fullset,tip
rBxL-OHssOmoUwOBdBWSTQ,F-NlTcl5BHb07E7TFb2TJw,2017-11-20 17:00:26,0,defiantly never eating here again,tip
C9Sj1mK4CjPM9hwL_TFdbQ,x4p11p1v5cXJ4waelkHeFg,2018-02-25 04:52:36,0,Too much salt on everything. Hard to even taste the flavors.,tip
LLJouu80v4R4L19J-UgfKw,7AQ-UCLkyamF2Wg41wsw_g,2016-07-22 03:44:04,0,"We had a wonderful meal, each of us choosing something different from the menu. We were a large group and our server was attentive and pleasant. But best of all she made the best recommendations. Everyone of us was very satisfied with our meals. Fabulous!",tip
_RlOQ3XRbkFZIvU3Il3e8Q,mZ-eXBnwbxgm1UXuuq5d9g,2013-12-08 02:09:35,0,Try the Crawfish Pie!!!,tip
31N3UJj6j8D7zKxFaSVyXw,gI34hM-873fwF1XQ8hOaSg,2019-02-12 20:57:01,0,Several lunch specials for under $8 offer a freshly prepared meal and variety for a good value.,tip
xC3FMCuEb6fpkpHdZCRCPQ,OC9CjPaLNkRV1wULE0XHPg,2013-04-11 04:31:38,0,Ahn is the best never anything but perfect. Beyond perfect!!! You can actually trust her to do a great job everytime!!!,tip
UK0PnfjRFIqcE6z82wTQ-g,3JxuVEVcBk91q4N7YEhKag,2013-02-24 02:56:03,0,Peroni and Pizza,tip
fCvMnJU1Z-XhAjKg99wK3Q,lPOS2nfG4TuOFQmBEOiNwQ,2017-05-26 16:27:22,0,"""Expect a similar menu to the Blue Duck's flagship on Holme Avenue, but with a DJ at brunch and happy hour.""",tip
LNeUIkubMxRZxvOmzzg2tg,wwCjSM3bSlJ4wUb0KnOEdQ,2014-01-23 02:04:50,0,Download the Pima County Library app to reserve books and even check stuff out. Also check out story time!,tip
trLy8uRLjqU2jc3J4uC9zQ,mZvYtGFz7KK7PS8etxn2rg,2018-12-11 21:22:59,0,Closed at this location,tip
VHvmnMAnKvqZIxH63BaF5w,fsE2w3GzeO84tdIWf9TL4w,2019-03-15 21:55:29,0,Quick lunch time option even if you're driving from the downtown core. Good variety of seating options for families/larger groups the bigger tables to the bar stool & table height for 2.,tip
CQajIRkTexhUi6HLqCaOsQ,RHdEScVIAQ7xzFFMiQEnAQ,2019-02-06 18:23:35,0,Best quesadillas in town. Tacos too!,tip
NLXJc6L_RR2P2l9LqbilEw,Bg7D8LrsW9XbYlEhT9yekw,2021-08-20 00:31:29,0,Great,tip
1orfwtwIaqCbLgfs3W1i6Q,ZKi4F9BlA46rLvLyeIE3VA,2016-07-07 19:11:18,0,Slow service with groupon guests,tip
ABaDXhzUa0UFFB9YSrbGhQ,Y70T1eClNnw_PlBkr1IHqg,2016-09-09 04:54:17,0,"Food was good. The service was really good. The dining room, just ok.",tip
09E5hNzBSjtsK9TdXjDD6Q,GC75ZzoLxsfeKyk7vA3pXA,2012-10-18 17:35:01,0,Dip the fries in a Neapolitan shake!,tip
8yStSioe9M9uEoeqlZGY1A,UpmQ5hH-MDE2XLDBVqUFXA,2010-02-10 03:45:23,0,Chicken croquets!,tip
OQaneFUkS1rJJvqfUzjb6g,kOSRvn8QdWcE5x4dYxSkpw,2018-06-09 16:59:55,0,free wifi,tip
W9RU376D6Ny0GzFKtc7uNQ,FEXhWNCMkv22qG04E83Qjg,2010-09-26 21:58:58,0,mmm beignets & frozen cafe au lait,tip
iBi7DmFazYMJvdvwgHhbIw,AaWmckcT3O1iQSAIUmzwUA,2017-11-11 21:18:41,0,Always delicious and looking forward to umbrellas outside,tip
uP3tGV6XDjU8GNNqQuAl1g,uUWV5HDFKX6rfvU1SNB1-A,2016-08-07 23:40:48,0,Just had yet another amazing meal! Eggplant park was epic...,tip
T5KBc5QbwZ-Oj9ApE4vZJA,lgOa5IWyHW9_qoCSXeie9Q,2019-06-03 14:06:03,0,You can get a steamer instead of a latte for kiddos and those who don't drink coffee! My niece got a pooh bear steamer,tip
7Pxx2FehELyKthPj0OY1sg,miRxzEzV7OIShLQ5x_Lvvg,2011-04-16 05:48:23,0,shrimp po boy,tip
nHYnN1QH5sr620zFoz28Og,2R4IzhRPnR_cNKtgIfvymQ,2017-05-14 18:47:04,0,Great burger and fries. Great views.,tip
OQGylmAGV8S1ha7gT-ueCA,17MK8qagV374AuUA4sXuIA,2016-03-02 00:08:47,0,"nice view if you sit by the windows, good basics",tip
LIr6IJy0earXZPU61Ni9pg,r6Unwg-mxv_3JrEjQ24_TQ,2011-03-12 20:30:03,0,Lunch Time!,tip
5Y5KbsI5buMcNh2hTFaRpA,WcvE-1z0yLU7RmcHqsoe_w,2011-03-10 21:24:49,0,NFW Meeting,tip
rcSixYPHExehZ9Jig8S-pg,z4pCmH_yphNtse3ySNCzFw,2016-12-13 18:30:37,0,"Great place, beautiful view, right on the beach.",tip
1EJYgQ-ja_UbTWR_FDj4_A,SXtDZt0C3Z2QZ_4zNNp8bw,2016-10-09 15:55:28,0,"Beware: damaged a $3500 piece of equipment in my car, denied responsibility, then ""fixed"" it with a cheap film, and offered me $20 off a car wash. SO INSULTING.",tip
25Oo-MTC7OT0HkaedOZ4gA,720J1v3TX-J95cdTJbCpKA,2014-07-22 05:28:05,0,Amazing sushi amazing price I love it,tip
ILbna5bHQUydZnu2ev5qRg,xv_U__GI9gmzKIHT_TANnw,2013-08-03 21:56:07,0,Try the Happy hour small $2.00 Sake,tip
4foEsmMweI70CYWwCOvh6g,I6L0Zxi5Ww0zEWSAVgngeQ,2014-08-22 02:47:50,0,Take out is just as good as eating in!,tip
tj2bceFPuawNe_jW-JOoZA,eyQL0pS7agcZtdKYQ-tJGw,2012-02-04 05:17:32,0,Beer here!,tip
br3PidqAbd9uAD8fTueTtA,nvNphpmV5egeCOvjKdAgcw,2014-01-21 20:18:47,0,"They will order prescrip food for you with ok from your vet, if he happens to practice elsewhere.",tip
ATRzKqublnwV8K6jTrcl7A,Yb1lyq5dxXeiwm8WwzFE9Q,2014-07-21 18:27:12,0,Chicken cutlet hoagie is always the way to go. If you are a soldier get a large.,tip
k8y8sNAXTl6XMzg5Qr61rg,kL4sRwP4-Y12OG-W8YahAg,2011-11-24 20:22:30,0,Thanksgiving dinner!,tip
QVoy32vmYsjcusOu5ITpDw,CgjnN9m3BSiJcKS0DAJ2Rg,2011-01-19 22:37:19,0,Planning our catering!,tip
TfjUWvUvTVN1dI86mmdd6A,AaVhP2MWhU5ID63UpigYeg,2012-03-23 01:07:23,0,"$10 box....its about to go down lol (-,-)",tip
RWyQW-L5jGFnb3Tq3MqcYw,wifZgJ9IUjNxsmebpCRiRw,2018-11-17 22:31:41,0,"Expect to wait 25 minutes for a table, no matter when you go. Half the tables will be empty, but management chooses to understaff at all hours. They'd rather make every customer wait than staff adequately. ... now it's up to 40 minutes at 4:30.",tip
1rewoPJ5q5RHqF58ulXF6Q,thlBTjOkf9Bz_hW25OFQDQ,2013-07-14 00:03:39,0,They tell you to pick your bra & ms. Erica makes sure it's a perfect fit!,tip
lyNcVUmdHPAyM_RPhqhpkQ,oDETvkVkHw7CjZj7ZOZFOQ,2018-05-24 22:38:52,0,"I wish I lived in Louisiana so I could swim in their gumbo. 10,000 stars!",tip
XOBMGcNOR8CTmkNCO3I8ZA,9qW62K3qjFlIy_NrAVpA3g,2014-06-19 03:19:26,0,Love their Caribbean Way smoothie! Best we have ever had!!,tip
8Z_2UP6qY3ng_oxtcs75pg,WM3q-7scdPUei6fu4SJFYw,2016-03-22 22:23:52,0,Good food and it was fast!,tip
M36aMuK9Pnmgb5g6KsJChQ,a-FCyTYzjzlupxxTH6iH0Q,2011-04-12 02:00:37,0,Rude.,tip
AuCVv6eamuqqSWiBpGlxlQ,9HUpW8t-GfzZbEmfX_kWYQ,2011-11-19 04:15:16,0,Steelheads getting clobbered by Aces ;-( . Fight breaks out and Neil Diamond is blearing out Sweet Caroline....,tip
9qZVikoJoqfQK9SBSynAGA,6E9KjyDAdL_vDQCWwhj_KA,2014-05-26 18:05:41,0,Great coffee drinks...,tip
WGgQFw4K05YIVLiWazfTVg,exrVx9wtfy2B4YbHc6CD_A,2016-09-06 20:41:34,0,Friendly staff that quickly met my needs. :),tip
Fj0-FNQG0jct5FRwDWVUGA,TXfwLt6sKVneu9hEsBOZ_A,2019-07-14 03:30:28,0,Just another place we won't go to.  No reason.,tip
jR0pS576DXBZNuGHJXAbDg,lB8yEOo57zI3fIh2fZvKZQ,2018-11-09 12:57:24,0,Slow and disorganized,tip
obBHPc6tzAdWPIgJ52-K5Q,56pLT7QeoPsnpKRw_dtaXg,2015-08-08 17:05:52,0,"Food excellent and very attentive 
Chef greeting was nice touch",tip
VNBiZf9ro3K3L_HN6LGpRQ,sTPueJEwcRDj7ZJmG7okYA,2012-11-17 21:30:13,0,Long lines,tip
0-hb63A9uWjR1YIyVMu6rg,d2HazI4L_0T_4PJq1KiZUA,2015-03-07 02:12:59,0,Be wary of the bad smell. It's like the bog of eternal stench,tip
MYaLPtam_IrMnlOrD6uYWA,cc85fZFW8iHaO6SOdAYhVw,2018-02-18 00:41:22,0,Dont use San Fransic vet...,tip
viEDQUWa8GKhYgAAKxAYNw,TpfKgu0UN4BBzyL92nihTQ,2012-08-28 04:07:48,0,Great service. I wanted something Southern and the waitress went across the street and got me fried pickles. Danielle was her name. Awesome place.,tip
EkGA8mEl0xE2Whs0fPE_pw,p1IBOteFb67rlPjDFWzvkQ,2021-01-28 21:08:47,0,"Greeter wore a shield without a mask, even after I told him he needed a mask also.",tip
oeFiWvoOG0hpMOXXxblfyQ,-EHrU_DwtX2Jv4NbAMppTA,2011-12-22 01:26:06,0,The food does not even come with rice! These people are insane!,tip
h-yZl54pX1XYSlqhBTr-aA,d4llp0qNSbkSxGIMRvYprg,2012-07-06 20:19:02,0,Meeting a girlfriend here this afternoon for a first time nail Euphoria experience.,tip
Ppc5aeyxB1-3jzZLgBzWaw,8FRpZwJgsNhvn3r26cTXXQ,2016-06-07 01:47:55,0,We eat here every time we visit on vacation and love the food. Always good service.,tip
yrAX4ikJePO6eSN6_g6buw,zgBo9QTMbb2PrlIYgXjOXA,2012-04-06 23:42:09,0,My lenten special: spinach & feta w/ white sauce.,tip
1LtHqGPonYJMZ5aBNKi37Q,KFfmCw3ODnR_plV8lj_O4w,2013-03-13 21:23:19,0,Every Sunday at noon they have a $5 drop in and all the money goes towards a local charity! Karma yoga!,tip
mMtqCP82V8nOE0d_k-Rd8g,NcO-pWiZmNM5zBg8H9zB6Q,2012-08-26 02:31:51,0,"I had a pizza, best I have had in awhile. I recommend it.",tip
H1NtdfCKdyp5ruckQWUjPg,8S2hOkzWzpkJLybVOTSCLw,2017-05-13 22:59:00,0,Like a Chipotle for salads what more could you ask for?,tip
kRV0kgkg_aIe-cSyDxyaUA,8PlUYO_9Q_c2ehidBhgvFg,2016-07-05 20:34:45,0,"Good affordable food, service was fast and friendly",tip
oAvO0BOHOagOI7WVGXlWSA,OmQ4IKD4FikhNgC-X0ki_g,2012-12-09 22:13:40,0,I love their salad bar!,tip
xiDVj7FKvaFNosDVFqbobA,w9grvGu-5bHNucOeReHzfA,2012-05-21 01:08:49,0,"Ask for Brennan, great waiter!!!!",tip
XSlSBYjvAQ8EcoeXEv492g,nlkr2Pk_INTneJxNv6zEQQ,2014-03-30 20:15:07,0,I've found my little corner of heaven thank you very much!,tip
ge_mWVNVjGVKK-wz3eC1lg,3FPi2yKCIh0Hh3iBg8faYA,2018-07-03 21:25:29,0,I love everything!,tip
9H-MqSCsl40n9B6oZDEcHQ,QTjtz-bfm8Yrrv6t0PP0FQ,2014-06-16 12:34:26,0,Great neighborhood place. Very friendly and walkable from many points.,tip
fP4BeeM_XFbhn0-poUndnw,B3giIt4PJSB0HovorpHROg,2019-07-28 08:50:41,0,Y'alll usually wait 2 hours for a pizza cause it be like that some times.,tip
EabBbxCutfFTci3IOOZhng,1N9WC6FwF8MSc7BHbIP35A,2017-04-17 21:47:20,0,Delicious and nutritious!,tip
4EYBe7n-dMOjHsF3k8ug6A,NhXS2YbDi3N1IrIl0bcnpg,2016-05-21 00:15:52,0,"Tomato basil is the best, although service is low i highly recommend this place",tip
ioMFBaeUkid6aP6njp9Ejw,q-zV08jt6U-q05SMEuQJAQ,2014-02-05 23:00:00,0,CLOSED for renovation?! :(,tip
Qd4q2XX1driFeYyv4lItWw,IzYE3fXqNgHIOFmY7nVQvA,2016-01-25 04:56:33,0,Excellent food. Not enough seating though.,tip
P5S-DaIBQAuml96-9_Hp_Q,F8Y_XCZ3QT4BW5-_EwErzg,2012-11-03 00:41:46,0,Yummy margaritas!,tip
JnUObp6gj3HUvaI6ubTzWQ,6ajnOk0GcY9xbb5Ocaw8Gw,2016-01-03 01:34:22,0,"Very loud place (don't bring a 1st date here!), great service but mediocre food",tip
UbZGCQmujFXq29y65vxRtw,AAWxOn6jTOXThAFSzlXubw,2010-11-10 22:47:21,0,7534 Kylie's room,tip
a0DnfD31lNdiBTY2-YBBFA,_YfdFmhYhaelhlQXoGCktA,2016-08-14 23:18:21,0,"Went last Wednesday but we're closed but nothing had been posted on the account, you might want to call before you go if you must go.",tip
-aO-SAwPePFodj-PLLcraA,HiGSwE3dV_u5OnLok3jfKw,2017-08-10 17:25:37,0,Best Mexican in stl.,tip
V-3L8MrRqF7OeeqpHfboYA,RJ9YKjMngclQY7D9sTun8g,2013-08-24 19:53:49,0,Sinsusalia natural sinus relief we swear by,tip
rbEM6HihsJFFGYWSHmBxCg,uiK29Gh9OVX3kk9TOgP-Fw,2013-10-20 15:05:21,0,"Had a GREAT time!!! The executive chef is very personable, he even came out and introduced himself at the table. Food was awesome! I suggest trying the grilled cheese, the G's burger, and the fish tacos. Also the cocktails were well made, try the Bloody Mary!!! I will definitely be going back very soon to try more on the menu and for a fantastic time!!!",tip
ncQN8KfFNgahb0n9chobZQ,Do-vkrPnX5KmRaLZtl8xBQ,2017-06-25 23:10:17,0,"Gary Patel and crew did a great job, as always. Thanks",tip
cIWoWd9QVJaEZ9JhjhBeCw,OlOVRlcEstxKK_6hMjy63A,2012-01-22 15:22:43,0,Breakfast.,tip
zOg0wEW2adv_vwuYt1LHOw,OAhBYw8IQ6wlfw1owXWRWw,2016-07-21 19:47:54,0,Wash West location opened 7/20/16! Keep an eye out for Rittenhouse (19+Chestnut) in Oct 2016 and Fairmount (20+Pennsylvania) in Oct 2017!,tip
wJgskSGKkzvgEry2eIxFxw,zbrIMldF_O1ZQ0vpUaaa8A,2019-10-06 23:58:22,0,!!! !!!,tip
IdkM4BsgwCLlJfD6J1tPlw,QNq_X4ImJkPKyVll_k6ViQ,2019-06-17 03:57:34,0,Horrible food,tip
0y3ZKL2DlkJwAWSnTxh9TQ,wCe7fBpeDZey1VS_C3bxfg,2013-09-29 16:34:16,0,Quick and speedy service. No BS up sells. Prices can't be beat.,tip
lpzEvrvDhLH4hbHnuZX3sA,UQMUtySn2q9cSObiw5UVsw,2015-11-06 04:58:24,1,"Great American food, next time I want to try their grilled cheese!",tip
0du93EkEwKuxRG_x6hqVUg,a-1d7gNKRY9UwL7VLt-jmA,2011-09-25 18:19:53,0,Football,tip
9p25qFiERGnklxpgyjoLMA,K7KHmHzxNwzqiijSJeKe_A,2018-08-20 23:25:46,0,Loved the food but I loved the staff even more!!!,tip
5tXRxr4T24Awl7vjyCvIcQ,f64wvgLjQZEhSck9iYptSw,2014-02-23 03:51:53,0,"Apparently if you sit in the barber chair on Mondays you can get a shot of Jameson, beer and a haircut for $10!!!",tip
YiEBb5w4GuiYyFE3uk4r3Q,9xPOQKtIDVaI_fN3ns35LA,2017-07-22 21:09:37,0,The best wings in Indianapolis !!!,tip
wXaKqT6Eeh8dhoJg2mLl4Q,Oun4NN-u5yiHIxDqtJnxgA,2014-01-12 14:53:49,0,Amaze-balls!!!!!!,tip
J4tuQLiBDJaVgR7puYcLBw,ytynqOUb3hjKeJfRj5Tshw,2020-11-14 00:33:36,0,A Philadelphia Original. Worth the trip. Great food   Great shops.,tip
GyZ5qGLADCC1egV3chDhvQ,YCKSpB4YwMxSXSauN9WPCA,2016-07-20 01:35:08,0,Decent food- slow slow service!,tip
KHvITVPAb_uASn0qd7XU3A,7rxLUgFNwAWd69Y4iZnUCA,2019-03-18 01:24:54,1,Meh,tip
dupkbFxLZkSI40GnGICqPQ,WZm72JqVRfpw2Pu3vag9gw,2014-12-06 22:34:03,0,Never a disappointment and service is above exceptional!,tip
bJ5FtCtZX3ZZacz2_2PJjA,qtyNbCXut-RQnnEQNJ9UzA,2010-08-07 19:34:02,0,Unreal ice cream flavor and spicy veggie creations. Hassan is the man!,tip
sraTrYU-7q_bQ0TxQrLJvQ,HEnfv8ugaUn4dcdHGpr8Sg,2016-04-29 20:50:01,0,Only open Thu-Fri 6:00 pm - 8:00 pm! Make sure you call in advance because it's a one man operation! Lol,tip
3b_mI9XPvSPxWOPWtFJUkQ,vdCQoE2il097-vc_gIQzYw,2011-11-09 15:05:47,0,A bagel and free coffee with Jane,tip
2OiLpUzJs7xMDOw_kVSAyg,CepvOEU3FxgYWMkpzS12mA,2014-07-23 23:27:32,0,Great spot for a big burger,tip
7tHVXijJa7OlraqMXtE6Gg,HGnhZBsEmvlKHsmmhcWleQ,2012-09-30 18:58:58,0,All those bitchy slampigs you went to high school with and forgot existed hang out here now. Enjoy that coke habit ladies!,tip
3o2TmJJ3SC8UuN0zBrZV1A,2KIDQyTh-HzLxOUEDqtDBg,2021-08-09 00:37:48,0,Best thing ever!!!,tip
jsaN4TDygu76AGTiB3PpBA,G0xz3kyRhRi6oZl7KfR0pA,2010-08-27 18:58:27,0,Don't usually admit being a patron but today is my swimming day.,tip
VNwuJxSDCXLalcJNjlR03A,O286wXm4mcznQn_1JieD1g,2014-01-15 20:43:07,0,Aniko in beauty and Ashley in sales are both amazing creatures! Always so helpful and a pleasure to see! yes I got to whole foods so often that I am friends with the employees,tip
aK0XHwU3M4DmBwws5sIVLA,bM59bv99uFc36snocWRYQg,2012-08-02 22:13:17,0,"Cute place, hope it tastes as good!",tip
K7sKvnHRhMrYc-i59DbQ7A,E4OS_VH-ru2oER7W1Gk8rg,2016-07-31 02:29:51,0,The steak is excellent service superb!,tip
Zm5kmawL9KhARKmRZUKaoQ,lqF0Q5vVLxY-_Cth6LtEdg,2019-12-28 19:42:35,0,Delicious macaroons and egg dishes.,tip
UqVnFtX7ORbDhMW6Pd77Jw,X5WsefJP6neL3OjQsNLYTQ,2013-04-04 21:39:42,0,Come 15 min before opening for the best parking spot!,tip
w4rSF4JvCsHqkbUX6m_WPQ,7v3LpK_fNAOi_KLoMbt--Q,2019-06-06 22:11:59,0,Got the steak and chicken Nacho .  Super Fire .   And customer service was excellent,tip
iD8dvPlwuhZ9nDoDCO91IQ,Y1goKVvKvdU6af1zHeOtKw,2021-05-01 22:31:40,0,Food was delicious. Highly recommended.,tip
0tKAXMybT-1TI5_Y5chusQ,L3u4I6wHtwMQJ-ZtvfrkkQ,2019-03-31 18:51:48,0,Very slow / inefficient drive thru. Not worth the hassle.,tip
14LCarTLsEcl7kzVawgSaQ,PYnWk5rs30MQjwuBO5B1IQ,2016-09-05 16:11:30,0,best bbq in the world,tip
KdR6h3O3yBFkXxZqBQNbpw,ebjExMyGlSfz_JXwvBa27g,2013-06-28 23:36:31,0,The naan bread is very good and goes with every meal.,tip
haebF6ELoYWkHcwODPPBmw,kWHawNFXosP5KsQyM062Gw,2012-05-26 21:07:26,0,Yum,tip
WemlxLqdv96cWWPJgcvNng,V25Cq5aXcWt5ZAL5dkIQCQ,2017-10-14 14:54:04,0,Cash only! They have an ATM ($2 surcharge) if need be.,tip
T4luqLHT6waoNp4BgKJRXA,92wWa4niMhbLUej2cr_gHQ,2014-04-06 03:49:55,0,Best bar in town!!  Love this place.,tip
U6GoFj7lmxOqXOmxGmQm3g,TcNZXteosegb1RO4O5hREw,2013-05-10 16:32:21,0,Get in line or order at the bar.,tip
IcowqfUjDSmdwtT0vp4pRg,7gXV1qOAPZDR62gB8PGfZQ,2016-01-23 15:20:19,0,Restaurant permanently closed.,tip
LI6mVQhli1sVyQ9pMh128w,zLF72sJLRcQUAw6V_Nwfwg,2015-06-26 16:14:52,0,Very impressed by the services. Will be back!!!,tip
fCvMnJU1Z-XhAjKg99wK3Q,Xbx0B7y0MAKgR4tqQvWazw,2017-05-23 16:56:01,0,Now open.,tip
SSv0wYJubl-ucKD5pmuszw,-VvMsFD0W2nQuO9buaeC1g,2011-02-03 19:09:08,0,"The huevos rancheros are deeeeelicious, as are the vegetable smoothies!",tip
Sru74jmh8G7Ny70RVUnU1Q,szinYOD56zux8l-VQo082Q,2019-02-10 15:56:23,0,Breakfast is half price today that's a good deal,tip
s1BO6E0Sg-L7sj-ghRq4dA,sWWyNOnqROewCZOReopLMQ,2012-08-25 23:04:20,0,Awesome plain pizza and great salads!!!,tip
oEc10VgOgDb2h3GpDeSAlw,vee95xeac7fiGe8bmkJquA,2018-06-17 21:39:15,0,"Great place, clean, inclusive. Service with a smile",tip
1yEtjPoIQxgRElEb6rQE3w,mqJ5wiIbrOfEpbahzTIl5w,2011-07-27 23:52:10,0,Skewering it!,tip
DayTBAsYBAlLX1Pjqo9yvQ,shjYgM8hmhW8JmHd82Ng0g,2014-03-21 17:36:20,0,Pricey...,tip
nOo3OkNJ_BSNjsKQkde2Og,jR3sTUWCPuOCWpdm8Pn-wQ,2021-06-08 21:16:42,0,Get the Volcano Roll! Amazing!,tip
u6yxXjPhPBge0AkDOrAegA,9ggiKdqsyuY2pqVcbIQ-tA,2018-04-08 06:43:02,0,Another email,tip
WbTEsQpTuMCFg56ih_cMxQ,HI1zbZuujFH9yPBKP1GH6g,2014-07-20 16:16:45,0,Great restaurant with consistent great food and service,tip
bJ5FtCtZX3ZZacz2_2PJjA,oqYUDzhTzsw9N_Z8f0Q9IA,2011-02-20 00:55:10,0,Open until 9 tonight. Could just be a test drive.,tip
buQcAscLzb8r0O4omk2m5A,OxBZqeYH5xuusEPp9ml7-g,2011-08-28 19:40:26,0,Amazing food. Get the Sonoran Dog.,tip
EcFszULX7-X8eaCagwLYPw,wJcIX3OUTQ0DleS9JJyX9A,2015-12-25 21:28:33,0,This is my favorite sushi restaurant in town.,tip
amUW6lfDly_T342qhwZE8w,xcqMot-yz8qMeb31cBL9fQ,2020-12-28 02:31:41,0,Quality of food not worth the high prices.,tip
o2BGAiWVNp-ZVe7I0Ddf0w,pllvqx8yMnLnQVFjj3oYGg,2018-05-31 01:33:31,0,Old school Italian done well,tip
eIKP-0R6IKGh4CqxXvDQnQ,HNXpuOxyh9XPm9sM98Ao3A,2011-01-29 01:03:17,0,"Just cash and check, no plastic!",tip
vtRh_Zqyl_QVck-iRvF09Q,u-8sFq05DQ6PYCR5HiKZ2w,2017-05-17 00:14:43,0,Great pizza!,tip
w1F944UMHw1KfwKflIe2mQ,MI7cUsPiQGYQRuQmn3MbtA,2015-04-05 00:07:15,0,Delicious!,tip
C_lC1USAF_lbJsQwjuCfRw,h6e-09OGlR0HKe2ChBO24g,2012-11-30 20:23:03,0,I have a tip...get your nails done else where. This salon is atrocious.,tip
2y9Psox3g9sTJbYXe7DPCA,V5tCeElfEgLsWN78eJgKhA,2013-02-15 00:17:50,0,Great Steaks and Seafood.. Kevin and staff are always on point..,tip
sN44UhpgeeDEj_IY1Z3TFQ,ab8i075-Tjju3WvcsXTp0g,2017-09-20 19:56:56,0,Great restaurant. Friendly staffs,tip
lAW03ccfMEuRZiDqvVgc0w,0PLMCoP4hPcbPfHY6uG8uQ,2014-09-15 03:00:46,0,Closed Sundays,tip
nGHW4FsQmDUQt6O3FhN-Qw,MKN29e2Cg3zyCuzmbSk02g,2016-07-19 01:54:50,0,Friendly staff. They are thorough and do a nice job.,tip
RKULSOrIvvYpDmtuYXEXzA,aDQgvXiQmEiiHeSlqz1djQ,2017-05-12 18:59:00,0,Donated books....,tip
e1D_nqmCSm9Xb2Rjghy1NQ,u9che5TW6BzR57PTIkQgxQ,2012-04-15 20:49:07,0,"Take the Elevator... Trust me, you'll thank me later!",tip
oxJJ0N82GFZeBCxBi6vH1A,gmZy0OJePPCQfJesIXYxwg,2012-07-10 02:08:37,0,Chick-Fil-A no longer donates to anti-gay groups!,tip
KZXdbIgrNQ9j6-DMI1_1rA,sYlexNuXRw7L1UDn3P-EkA,2016-10-05 14:01:06,0,Bring a new butt because these seats will ruin the one you've got.,tip
UNZigUAr2hlp84FCVmBv7A,-1B9pP_CrRBJYPICE5WbRA,2018-03-08 22:15:17,0,Great service and great food.,tip
qJf9gwHhwaPuNXsL427itw,EASb5k7y_w3fEaKEvpt1SQ,2019-08-06 00:24:00,0,Small space but food/ coffee and smoothies are all delish. Parking was tight.,tip
9DOAjpme_63zW57tlAFxHQ,MlEhwiOJpKe7VuO-IDCZqg,2017-05-09 21:27:49,0,Sally IS THE BEST THING THAT HAS HAPPENED TO HAIR...unfortunately she isn't accepting new clients at the moment!!(sad face for all of you),tip
vTprcHGBn9asRfI349M1Fg,3ZV1zaRKJg-xSiZU3DZ3XA,2018-07-12 20:58:23,0,Here fir TAG,tip
JyqwYNUnAVQJyEVyAFSqPQ,OxQK9EMUXqynT7dbWAP9wA,2016-01-01 18:41:36,0,The food is really good and definitely affordable. Try it out!,tip
yqkm_bQuDxxmufosvcLI9g,oBNrLz4EDhiscSlbOl8uAw,2016-03-31 17:03:06,0,Try the Bloody Mary and Eggs Cochon - you won't regret it.,tip
u0UB-erue3RHkQPD-4gVPw,KzaDjVvbAB7589sdmRQD-g,2011-03-22 19:39:48,0,Free AT&T Wi-Fi,tip
9Attp7Aw9FDBqy9jBqNwnA,vJdsF2pRH6pZZ16snLHSaw,2016-01-10 05:22:40,0,Went for dinner had warm delicious  bread then a nice salad with homemade mozzarella  the had chicken Alfredo with artichokes followed by tiramisu. Great food fun atmosphere friendly professional  staff,tip
QzCEzH3R7Z6erOGLr3t55Q,vsdYVJC_1FU7yGrKVpYQyQ,2017-04-22 16:40:10,0,I love eating here always fast with my food and always treats you well,tip
3lTxEirpmYVsjH7k7n8aiA,Ha6_3VTMlnc88g1anzplhQ,2021-06-30 01:08:50,0,Cheesesteaks and fries are always so delicious!,tip
AGL4hjtLTpWNrO7uGIik9Q,O3T7fdeCQx1smsXMgTP8tg,2013-12-16 17:10:39,0,Vanilla coke is always a good choice,tip
__QLyY_W06q10ZfBQg7Dcg,ReVpjIDupK_VMPn7ZxPvOQ,2014-11-23 22:12:47,1,Ask for Adam as your server - great service and he will keep you laughing your entire meal!,tip
gmO9AZRIBhSWnkgQ__lxQw,awJk05Z5yyjAFxzyfKdbEg,2017-05-04 19:55:14,0,Authentic food. Modest prices. Friendly service. What more could you ask for?,tip
s7cUp9ma9h9FYN-fa0FtgA,jCn4Osn19PHj1oUEk5xjoQ,2013-05-19 19:43:59,0,Try the Sweet Tofu Pocket,tip
XlRL8oTsdWxadxaGjvaJjQ,iRIHK8-EwpeffwvoO4nzIA,2012-01-29 05:13:43,0,Cornbread and rockabilly. What a combo!,tip
uMSNu0Mq8s67yM8l1Lgy0A,oT-JmelJHnnOP__rQhGq2A,2014-06-29 01:54:57,0,"Awesome pizza! Great atmosphere!  What beats pizza, wine, and Sinatra?",tip
tz4eV6-OWT6dl0ME_qWSdw,6x9hcZ1CJ4S9avBgPGS7-Q,2013-08-27 23:24:02,0,Oysters are half price at Happy Hour,tip
CV4BMLxPSuC5V92JUfQlsw,580Yyv_kzAaZSkHCj1LhBw,2012-02-14 14:23:34,1,On a quest to find a great Mocha in Nashville.,tip
BFZ8bXIFZjMxu0tH3e5TxQ,5JlCcbVjVqt_F6WybYOKyw,2011-09-23 16:30:12,0,Don't ever go here! I had to get a new altenator belt and when I got my car back it squeeled so loud then the belt popped.,tip
5hhGQEj5K2urQ1BcstuapQ,nyQbp8DPZjIKOwV12s2G1g,2013-01-30 01:17:38,0,Happy Birthday to my honey!  Yummy! !,tip
cjotiAHFSbFuvbxTWmGi1Q,gY4kIh8f9uCk-XI0FPH1fg,2013-05-14 00:30:26,0,"Don't get suckered into the U.S. Airways credit card offer.   The stewardesses run up n down the aisles pushing this on u 1/2 hour before landing n don't tell u about the $89. Card fee. Why would I want a fee card when all my cards r free. Plus there is other things they fool u with too. Like the promised 50,000 miles",tip
wdNTfRMdKZqpOo1G4YJGbA,DsQw8P9fU8rfaKj2OFHZEw,2013-01-23 19:41:45,1,Sweet Fire Oyster Dawg tasted great but was extremely greasy and sticky even on outside of bun.,tip
WtQR4q5bVu_Uw86OaKQ-QA,SF_EZGDPq7WayLKNJdIeMQ,2012-12-02 01:13:26,0,Trying out there corn/crawfish chowder & PO Boy,tip
IR70s_z44hkeZHuGKisvEw,F88yRsOo9Eqo-0oxs8U1OQ,2012-05-29 03:00:09,0,Free chips and salsa,tip
Od2Ev0b92eKrciDJIRVNpQ,vl4uDnmI6lM9zBcAR--84w,2014-01-17 03:31:24,0,Good spot descent BBQ.,tip
KCTJ79d00NfYrKxTnme2Cg,AP_sb7dETsflRNNkJinYUQ,2021-06-12 19:19:29,0,This place is a Must Do! Food and service was unbelievable.,tip
RTKN-m4TMkGMmVQOyNqhQA,7cRXzXHKVXZ88-b6lamP3g,2017-01-14 19:19:32,0,Brittany was very helpful answering all of our questions.,tip
WAmQq0Fn-gy63bdIqpM8BA,B3JF06ctShiYJeg1FyJ5jA,2014-01-07 03:18:06,0,"While I love their chai, the place needs a good old cleaning.",tip
-arFUdzBRXIYPTb1XT8uQw,6FfvGK0ULZzFH2LmyOd0Kw,2021-03-28 22:25:21,0,"Cute place, cute way of serving coffee",tip
Xm8NigA0lMslLNiTuNiIBA,F8IW53IPxwfk0hTu0ikdOA,2019-01-20 15:54:55,0,Never have my size,tip
JQTrInBEFroObt_nTJpW3Q,09yzPKqhvm_kJo6S5vsS3w,2013-04-08 17:34:35,0,Sale on Canadian boneless skinless salmon. $9.99/lb.,tip
hLsXVZ4ammtb9ZrdwA_zTA,UmvaGV-2PrLQExz7v-eWDg,2012-01-13 16:17:15,0,Fresh LA navel oranges in stock,tip
1s0srA1YtSjS04leQHi1qA,9yxl1mB9Cx_dZiSWUsdXrQ,2018-11-30 22:21:06,0,Best Pizza place around,tip
UiRx8jyS6H957ItwFsP2nQ,IvIItKgPAhsgbxwRczEQeA,2013-11-17 18:14:18,0,Ordered from my IPhone,tip
qxAuRCEnMQr_qPPYFT3h1A,_f3JQU6IXpGmTLaSqGy79g,2018-08-19 18:12:15,0,Potato pancakes and Schnitzel were terrific!  The waitress staff is thumbs up too!,tip
5hiAYAJUGfCCiZgFn5f22w,PkwYdhFuoL58waqvTgqTJw,2011-12-14 22:45:08,0,Good vegetarian options,tip
H8BA5G4139YnjXcXImSFNg,Rw2Aw3vyj09BLyKfz-V8fw,2013-01-22 16:49:22,0,There buffalo wings are really good!,tip
1EMi0crHSyHZ2RatsaHVnw,TkupWfgSwBd_h05HAORDJg,2012-01-01 02:30:41,0,Bang bang shrimp is always good and the Ahi Tuna never disappoints either.,tip
Dn6zGa9HXNLr3a71PhMySg,WJ18ZBgyCAgMDJibj_saCg,2015-04-15 04:55:19,0,"Dirty 
Hot
Dusty

The end.",tip
k_muz40jJaiY1PVga6NDXA,4Am_sbP0WDw0Q7aaAy6XhA,2011-11-22 20:41:12,0,Incredible sale!!!,tip
oZGx1a_6f28rxCxUVliSMw,ZCUygqx1Oq-08wOTF3gDqA,2017-04-06 23:32:09,0,Thursday's are Nod Factor Kick Back with Rick Ducci from 5-til with Happy Hour Prices,tip
AFGff0dOyb7aE7V_vj4Xjg,wtQjpUDvMooNr7eZY1mbHA,2012-06-13 15:49:45,0,Ugh - what's the point of the merger?? Just so you can monopolize prices?,tip
FslZc2jmxQ5hQFjXnWlirg,QYA0axOfmU8l5rhyn-sgkw,2017-10-14 07:40:17,0,the best place in philly for a vietnamese hoagie. period.,tip
-S-Ng8iJ9HCP8Yo-99Uc6g,SVgRxs5owXy1pExKqwAp7g,2016-03-24 00:37:08,0,Denise is wonderful. Have had several facials and would highly recommend.,tip
5QRQJNdt3p6E7FWR9FEX3A,gadHTtm2cEOfxWMQSYCUQA,2016-02-21 04:21:09,0,Avoid the fried chicken! No flavor and it's awful. Same with soba noodles.,tip
-ZX23Xk-6KAKAkCrwKsjpg,Zg83olSjsdXAhE5EEy5IcQ,2014-12-07 01:25:10,0,Great food. If yotell them to make it crispy it is best.,tip
bUgZUNLHXLPhoHs9hjpqVw,t5qfe9lOZiMyvHfAqwnAlw,2016-08-25 19:52:39,0,Excellent service. Jambalaya was surprisingly very good great beer selection.,tip
xQymuGF6ClGq4c7diq1boQ,EutlEgdwZHMhDzxG5ytV1A,2020-09-18 02:35:43,0,"Terrible!!! The drinks were watered down, the food had no flavor.",tip
4eVyclBySBE_VDTvVSR17Q,-09Oc2D14vRnmirPh0vlXw,2016-03-14 18:25:14,0,I guess it's a bad day because the service is not good today.,tip
18CkLZLwg9tl_ERIwNq_3A,o1-58MK_KJJrTPXvxKbxNg,2020-09-28 13:35:51,0,Excellent service. Will be back again for future maintenance needs.,tip
0g_jgkWssMBabhDjGBIhMQ,y5nl-lRDlphGQ9XiwDNmtg,2015-01-17 04:01:22,0,Excellent service the food was great! Best outback i have been to!,tip
SvAl-my4Euu6nx95zMzmuw,-KyQ_Bu21JNphNtxz-Jj-g,2013-09-18 22:04:26,0,French atmosphere. Average food. Portions on the small side for chinese.,tip
HR5TCqAjP9rlM_n_BA0JfA,RZhBwjPW6pISCZsEK9r9og,2015-06-13 17:34:40,0,They do detailing but they won't take out your seats. My God kids have dropped so many fries in my car the seats must come out.,tip
bd7sCmbFURGW4iqrrPTWBQ,LwX2vbzttWYAdoBoVtfvRg,2018-10-01 23:04:27,0,"Great service, good food and knowledgeable people of the area. I would recommend",tip
HSk8A4zEyRrHoAfkLIY31w,L-Stayf726lSU3eung6a1Q,2019-09-30 23:48:09,0,"This ""restaurant"" has been closed, its is now a burger and breakfast sandwich place",tip
rLqzi27iiyNUUYUe43B9lQ,nk9t5dqNGaBCnX73kNiz1A,2011-04-03 19:38:06,0,$12.99 Sunday Brunch,tip
uMYlj8dIJ-YPKhx8CuQAEw,RnURR_OfKGejCsEshpS0ww,2012-12-01 03:19:34,0,Sushi is decent rest of the food is good.,tip
zSYtDYAY_yGCkXKXwVTvXg,8NyDM-FDoWEEeEG9XUwnbg,2012-01-07 21:13:26,0,Authentic delish and cheap!,tip
ta3la8wvVSb8R867mraUvA,m_kvoXITBvYDofmcKpWEmw,2013-03-18 16:35:26,0,All about the burgers and fries,tip
SdJ9oxQ0qBasdQEnTD1-og,o4IiNbNybcy-L4vzTSoDJw,2011-02-03 21:44:04,0,Buttery bread and delicious iced tea!,tip
97j05m__0M3VCzX33oWRJQ,zjK8RGYyEAhP010Wno9FVw,2013-11-25 02:13:50,0,Its all amazing! Delites taste like real pizza,tip
XLwxyqK-uC9OtCBA2xq2DQ,YqI4lnijkgkMiAKB7DzLIQ,2016-11-27 01:46:45,0,"Great, attentive service; good food; fun place to watch a college football game!",tip
W5uO2M0iFMpDQgTQKY9ISQ,ty6H-2zkK-8IQbhjUfs-8g,2014-04-09 00:50:42,0,If you get asked how spicy you want your food to be and you get a scale from 1-5? 2 is medium spicy.,tip
2ffnhDHJMJr6zFJdLwEqRw,chUeS0h9C8KGfyJO2Jqgew,2014-04-26 17:18:18,0,This is sandwich heaven!,tip
Y8wN5PXQCK8z42pzWbDfpw,OVbuOxR3zXExZCKLXewaVg,2018-08-04 19:53:08,0,Closed. Don't bother....,tip
gccS8e4SvL53XxZOG856Wg,Mm9zXIgMQMzgDt4GShSWrw,2012-08-24 18:18:46,0,Great farm to table lunch and dinner spot.,tip
sZJyUAyqUvKBQ-FmNf9qaA,9AYJIH69QmqyZ3qvNhvEaw,2017-06-19 03:13:52,0,great place for nail and SPA ..  great nail design,tip
j14WgRoU_-2ZE1aw1dXrJg,ytynqOUb3hjKeJfRj5Tshw,2019-08-27 14:13:05,0,"There's not a well-known or renowned cheesesteak place here. If you have time, go elsewhere, like Jim's Steaks, for that.",tip
V3alMhjWa3x0v8DlDp49Sw,UO3Sp2fogKGkqo_NkPxHGQ,2011-08-29 18:05:25,0,Very good mararitas,tip
0OSVLcbr61UrNkbq450XHQ,Dv6RfXLYe1atjgz3Xf4GGw,2012-08-15 20:45:28,0,Preshift milkshake.,tip
z91EIwc9ju3jqXi5lv82EQ,_ya_aN-xVK3-LElgEM_8tw,2019-07-04 00:46:08,0,Just go to subway.save yourself 30 mins and $10. Very disappointed.,tip
bfpdkDQfWjWoJRAsbtfATQ,q_PFmdGcKx2H7z2ze8H26w,2015-01-06 17:01:18,0,It's really not that busy if u come by 11:30 am. :),tip
hpY-3hEiAFPYQGdEAhVspQ,gr92Z3UnSBsdJuU47n94DA,2010-09-28 22:45:28,0,Outstanding service here,tip
UxmBpP5gSHr3bKP-dh39cw,CqvSL_VPlESfl7QzfBGqwg,2011-10-09 02:00:04,0,The new Cafe is AMAZING!!,tip
vHoRRmvyd9EMNv-FHI3zhw,2CrM7eYAT_vnEQnd2zTf6Q,2017-07-16 05:13:03,1,"Not the same Hacienda as it has been for years.  Meh food, meh margs and worse than meh service at a higher than average price.  It is genuinely sad to see an iconic place like Hacienda be allowed to become average... or maybe even a bit below average.",tip
1LtkNXow4aGiiZPsenNEBw,tOBpyk5SKKgU4MAgX2xaEQ,2016-03-06 00:19:19,0,"Amazing food, love it. Got take-out and was not disappointed.",tip
6nQZy3agHWItZeVpYIhWKg,OwAX9v-cn1kXptUmt2oIaw,2012-09-09 17:54:27,1,Just bought another of their sourdough loaves-best bread at NFM!,tip
Ty68c6Ehzh6ngyC9ZDzRCQ,YHxJjmPj7XJVTBZFdiXw2A,2017-02-09 03:17:31,0,Very fun place for a team building event.  BYOB!,tip
0Dr7WsXVrtDd831KgOZNKA,JwKs0t30KXFg1B-Pnm5FKA,2012-06-24 14:32:20,0,Good,tip
XtVNwa5QsnauAT9yHWN3hQ,hIMR1Z-LfFaTesiKudli4A,2014-02-27 23:30:23,0,Good for pacers games,tip
hWOQEvK65Du7N7RnQ_tNSw,9Ys1CvuL7GFwRdhudvWWfQ,2019-06-12 01:07:58,0,"The food was great,! Just be prepared for a crouded atmosphere.",tip
j5YS-J6kytVelaMYUKFNlg,_lUAgtSsMP3yEjtD8dqn-g,2017-12-20 17:29:55,0,"So as of July, apparently you must buy their socks to jump ($3 a piece) and a price increase :/ $34 for two kids to jump for an hr. May do bounce u next time- much cheaper",tip
yPj2J1EKoEOsPXS1xY6Shw,EUu9FqaXxIwhRxLgEJ6WiQ,2011-02-05 01:32:23,0,All Black people love this place lmao,tip
ikWD8meznb14w9yNie3bwQ,whbDvrMP-3N-tFRM35YD-g,2018-04-22 19:45:51,0,Day drinking on the patio starts NOW!,tip
K3aALDXCZDUMZoak1jStiQ,vfD5568Nt1B_ImDC75fBIQ,2019-10-09 12:20:49,0,Use the app to order ahead!,tip
CuLUEBost9W9mz7zvJBq6w,z-9_8ot2TnKL9DX4k3MYMQ,2012-08-11 21:19:39,0,Getting full off of the garlic rolls..delish!!,tip
UeLETJQwByfAkGu7qxCyew,LCitqsu9DV1RjGn7EIzzIQ,2020-01-23 00:01:25,0,I ate here with my Husband and the service and the food was amazing we will be back,tip
axJtxy1H3PJ8anUrcKfo0g,TFqqlGA-uz24lVs4j6RR4w,2015-02-07 01:28:09,0,Awesome strawberry cake,tip
iiu3bqTQyXy2Eu-jzO0T2Q,XBwxCXPE8MX1aMs-zT1-Fg,2012-01-30 23:03:56,0,I'm going to Pilate so hard!,tip
A4YsDUocwpqCjtaMS32R6g,dC8P0SXwAH_UpblW0hP4Wg,2016-12-29 21:47:17,0,My son is shooting for a mail in tournament,tip
nJov-0HAx2H76isnHhFaVA,e1C9_rhD8nYK3nWWKnizMA,2011-11-03 19:20:07,0,There is one in Emerson trying it out let u know,tip
aRYk2snBNhxAk6hBgWD-Aw,MUTTqe8uqyMdBl186RmNeA,2019-11-09 00:33:06,0,Excellent!  Good cocktails,tip
iAMvd7V4kZn_nLf5H8B60Q,fQknpOKcW_JtfE6oIoGkKg,2019-04-22 19:55:00,0,Daniel is the man. So fresh and the food is awesome!,tip
okMyONZ9CCvtTHhcOiqOgQ,Btm9ODncqCqYsnpawaHioA,2018-11-03 17:32:34,0,Our new favorite spot! Delicious food & excellent service! A+++,tip
8M4_nA8e9VacrirvCwrl8Q,bUlmX5ehFcy7vzli2tbaMw,2019-07-28 01:35:41,0,No longer serve pineapple with al pastor6 tacos.,tip
ohCPZjmvxqTVXXVbhsfZBw,BBQg4nLtw1po64JVfm6SFw,2018-09-19 15:41:15,0,Friendly Staff. Will be visiting again,tip
TEGlUdYR2R2ZAHLo3jQ6TA,DU8PdyQtHBm2ldi9Sp4K4A,2018-08-22 22:49:10,0,Fun way to eat pizza. Kids cones available. I had buffalo and it was tasty,tip
SGFs8A-HXsrC1yrrnaTJRA,GBTPC53ZrG1ZBY3DT8Mbcw,2012-07-08 14:37:48,0,Mimosas and eggs Benedict!!! Yes please!,tip
7eRr9Cu5M1ZbgXcRjloQtg,o45O8DI0MJXYsHnoIkP0jg,2017-10-02 01:36:51,0,Love it. Definitely gonna come back,tip
K0ONEEKWWPAaiOUZg9hQ5A,K06XzePUYtlT4Qm5ry-jBg,2012-05-11 17:08:20,0,Great lunch spot.  50 for 50 on great food her,tip
RY0ipwD-osCOAZxJAbuo4Q,1YfILky5n_7V3MHs8gzwMw,2014-12-07 14:27:48,0,Strawberry cheesecake was good,tip
9k3_JP7BFtyxk6bpMLgS3Q,mCRa6o1eEVQr1bqV4Wy6KQ,2019-03-25 21:52:51,0,Save yourself the trouble. Go across the street to Burger King instead.,tip
5ECQGC8CcjK49R02Fj3wWA,iTtpjd-zG7osm9CDQwMzbw,2015-06-11 23:08:12,0,I'm never disappointed.,tip
EWqL48JnT7YWP5YNfWjKrg,gY4kIh8f9uCk-XI0FPH1fg,2012-04-11 13:42:18,0,Vegas bound.  The US Air employees seem knowledgeable and helpful,tip
Y168y3YkSgY_ptXwp0E2Eg,i_pg8Wzx1u4wfGgDHZNMuw,2020-12-11 19:07:37,0,My wifey has been using Lash Envy for years!  Jenny is the lash Queen of Northern Nevada.,tip
5LoTn4NZ8wcfTVPSv7J86g,2GLQjV1-_KbWDVqa3sVCjA,2013-05-11 00:52:38,0,Good pizza and really nice delivery guys,tip
8UFFoBGH_s5wHU79Ti7dRw,iMqoAux5nfccxIZMHj3dIw,2013-04-02 02:58:15,0,"The Rosewater Icecream is an acquired taste. The ""florality"" of the rosewater flavor was way too overpowering for me.",tip
Tv0nXlxIm601ukBs_h__Cw,5QCLmv-JrdY0ZGc_D5__iw,2017-06-11 20:34:09,0,"The week of June 20, 2017 they're going on vacation for a few days. Call ahead to make sure they're open before you go that week.",tip
ICIKmHi1EhLqmbhuDEySGw,v4lz71o76wWD8H15NsbZGA,2018-10-28 23:27:38,0,"Awesome brewery, the beer is awesome!  Good place to chill. Love it!!!",tip
hBxkLfqx-VoS_fngzhoB3Q,1xsBRB203LiYLcC3mktfdA,2014-08-16 19:12:57,0,Syrah Thompson yummy,tip
zfD3xhVNkGJs-AOOSslqtQ,aI1uVR-RPsE2TmrLJfcZ0g,2012-04-15 19:17:44,0,Directly across from Six Paupers and Hockessin Crossing,tip
Hi7_9ZD9Mo-HCopZeg48nA,yeLtEpR34PtBeUFrDVbWFQ,2011-10-01 01:51:19,0,Love their wings and margaritas!,tip
W67jwtvoa5KHWTt7PMYxRw,4lT3LIMRWCDrpxsjHWscIA,2016-10-24 16:37:14,0,Great dive bar!,tip
2OiyOHo7CQY05bFwY55HjA,2fJ-WxJlUN6azp3bzrJ0zA,2012-10-01 22:51:34,0,Super fast to bring food out for dine in or take out.  Large delicious portions and very inexpensive!  Love this place!,tip
kFbFrSsqG-M6rvG8XiYBtQ,dgEvzJHBA35xZG2DYfFdaQ,2010-06-16 23:36:25,0,Yum,tip
zLv3bqR6PFfjf0dba7ZCGw,2b6BvccVTtPwElQreRtFYw,2012-04-25 01:01:49,0,Trivia night for The Office is fun.,tip
5C6fugUkbQBPh80hljtoSg,sVZb87xjhbCWHQ2UXOGLrA,2011-07-15 01:42:16,0,Get the salmon,tip
kkyR-tBikGWs-AYW7vCxCQ,Q_Wo3rX84Dy-YdQsiDmrWw,2015-07-06 02:29:37,0,The Best Chicken Wings here ever...... omg...loved them we had to order double...,tip
kwPi3pXUBelNV0eQg0QU6Q,ctHjyadbDQAtUFfkcAFEHw,2011-10-23 22:54:23,0,Absolutely delicious!!,tip
Az6IZUQep9FOI3NTERKWxA,SdU54YlTaCCFvtcfouoBpQ,2012-06-30 19:03:39,0,"Trying ""the bomb"" special...don't get cheese on my poboys so this will be a first for me!",tip
sTastn3wioNDUUREZlD0TQ,3Pg5OCtihG3ThU_aDjkkHw,2018-06-14 15:36:53,0,Produce,tip
z5JCSe0KXBeCZprihjkPqg,eBxc95u_Gcs9bLST0UntOQ,2017-12-16 19:29:14,0,Like el pollo loco but with flavor... tritip is good too. Will def. come back.,tip
G-l9ihg3sRAiGTuZLDmJTQ,eCHeuIPt_Yj0DQtIs3irtQ,2014-04-26 06:18:36,0,Friday night fun and laughs.,tip
zDmZ3--DU1s-uvbBdgJ-hQ,FDzhgPXS0fM6SM7xpkO_4w,2015-03-20 06:19:27,0,Their 8-sided pizza is just like Pizza Hut was back in the good old days! I'm definitely a fan.,tip
PH8jKQEeIhG0GNUbwPL8NA,NjSLlXCI9s_I2yCgPLBb0A,2014-04-26 16:30:39,0,"Trying the new Bianco Flatbread followed by Shrimp Scampi Fettucine. And saving room, of course, for the fabulous Butter Cake!",tip
YAQY2FUChCk_tRwlmW_4_w,yHfowdGEpZn3VCcK9ar3mQ,2011-07-02 18:21:25,0,Talk to Michelle here. She has helped my wife and I numerous times and is always professional and funny. It definitely feels like family,tip
5EIpO_tBUGik_ngK4cWZLA,R41oIvpXmZPpMT6IxIWgzg,2019-11-29 06:15:44,0,Walk to Broadway in 5 minutes and Bar hop your way back at 2am. No DUI's or Lyft fees:),tip
RTQwN4mjLuOzO13MJ4PrJg,rhaE10v_bxQFRZqLgin0KA,2020-07-25 21:35:50,0,Great beer and pretzels! Love the atmosphere and staff.,tip
QuZKJnltihmZ8jhwfxPeJA,u8WvITGLSvg0bUltHpSUmQ,2014-08-02 15:26:10,0,Love this place and be sure to tip your stylist in cash!,tip
D3Y46XtVjgTq_jMgBvwd3Q,f-tNQy9msUEaS1p4ReUUiA,2018-07-17 21:22:15,0,love this place! The food and service is great. Cute Family owned restaurant!,tip
ub_ywHKnXIrKxkP1VNLAjw,UcorNvEG--ggnUk4vjdRZA,2020-08-31 00:45:30,0,This restaurant is closed forever.,tip
xqvEYVOrpzDMPSX1C5M1WQ,dNR-b-CsrFGYhMo9zLMrCw,2020-01-09 19:02:56,0,Does this place ever NOT have a line to get in at lunch?,tip
WJcIqmT_zHCnFZuOEiTmvw,zGXgO4L7UdRB5Z1fzYWr7A,2015-05-25 00:12:18,0,Awesome customer service. No doubt about it. Love to go again and again.,tip
uCnVbKZWDGxxANXHhlSvyw,iNMdSi5bmvGSGeRQiUW4dw,2011-09-13 23:48:23,0,Chicken sandwich,tip
bGbVA24hlGhQALbHkRKs-A,jNbGTU9RJ_HK-O3tdo3hKA,2015-01-23 04:05:26,0,Yum! Pad Woonsen with tofu was delish! I can't wait to try something else!,tip
RMxvK_J_Pn3qWUxug8-8zw,SZNnDfhSryMHfZCfifHl7w,2014-01-19 20:44:29,0,Time for the games wings and a beer,tip
LkXNQQaIc5yrKu9Ap87RrA,jl0QetAu4Tgf4mq33ZN9VQ,2013-11-05 01:18:26,0,Bring your love for a Romeo and Juliette crepe.,tip
X0QkEBbV1xsL50gQ8NNqqA,BE7efGAH9Eb2aGbMGFfgQQ,2011-10-09 19:06:17,0,I hate this place. Too crowded and too many people.,tip
0E3Xaa9x70jQo22hwTGhLQ,O-tLzrgCWcWLswlpqHt4Ag,2011-04-07 22:33:19,0,"Dead-Thursday night, me, and 4 wait staff",tip
g2YnG8VUb9opaWF6fx6viQ,6MUBU342_J6fetRYaV0HvQ,2010-05-19 19:49:02,0,Check out the roof deck.,tip
jigIXcrAt3sj_gYgRC0WZg,wMjhYGNuruojMdT2Zjtm3w,2017-09-13 05:13:52,0,If you use the UNR Wolfcard to pay you save 10% and you don't have to pay tax.,tip
LXRzoQgc6c88BWBjXWF2VA,RKoOl8BbYHbki6Fn5FjViw,2014-07-03 01:35:23,0,Food is good. Place is still new. Service once you get it is great and friendly.,tip
s8C7D6o_KI199rZYSFWjKw,a9iThKhl8YUQHhCWC7QjvA,2015-10-20 02:17:56,0,Very clean and loved having a two bedroom option. Breakfast was great.,tip
Do_FjRVpWyvb1M_aJgT9yg,ZNCLp9qBG2VN96MAjRmJ2Q,2016-01-01 04:12:53,0,closed,tip
Kt90G5hY7GE_wTR2IabZVA,3dQaEBDWOyqDYhP3-ac7NQ,2016-11-14 19:29:46,0,Friendly service. Food was fresh and hot. Cute tea cups.,tip
M00UYAh2Ik5PRIpuI2GAsg,ii3sibaLyYb0vj2jYQK7LA,2014-04-24 13:37:44,0,Very clean office and the staff is extremely friendly,tip
frC-yFjuB54rCaaPiTMsSw,nRKndeZLQ3eDL10UMwS2rQ,2017-11-20 01:24:27,0,Come here after 5 years and it still tastes the same,tip
sgbLjO0CujI-poITgfzBmw,YxZJXr_a-Oie6O-Lk9C6zA,2018-02-18 15:17:06,0,Delicious! Shrimp and city grits! And shout out to our waiter Austin!,tip
qh6PibZTthm7CvodmcN_YA,0KTwW1eC1YAjR-zDr8w4jA,2016-10-12 04:11:38,0,The fkodcsasl,tip
O4fMesAW6Bfc4Yke2mNjiA,WVziAitDqKd45V5APWdB-g,2019-03-08 23:33:05,0,"Good dessert options, or hit the Baskin Robbins Ice Cream store a few doors down.",tip
-SZnVdeZ2A8xNvtwOPH1SQ,XnQ84ylyAZwh-XfHGGNBbQ,2016-12-10 23:36:22,0,My favorite localish late night restaurant. Rabbit jambalaya is excellent.,tip
3Lf2IiNkZUvBvl0xY-y7iw,Lw156sSsmEwvY-PJkr3uXQ,2013-10-16 01:55:18,0,Great mixologist. Made his version of an rye old fashion &  spot on Sazerac. I'm coming back with more freinds.,tip
79GuW7HQkm_JnaQ4VN7VPg,cn43ZIZaEdl_Gz5_Oc_wqQ,2016-05-19 23:40:16,0,Love the tenderloin,tip
B-uTtgCg0NpIUbR8p49VgQ,8SlHynYA-QN3UYRpKvNDgA,2014-07-02 23:48:37,0,"Their boneless wings, delicious!!!",tip
Ndscq0Sy8PZopaHw78ZQ_w,ex8RrhAhVVexndFhmNfG1Q,2016-05-13 16:16:27,0,"Fantastic, great woks, always, everytime...",tip
6uPK8wjVDflLXcyfaLIKMA,QBbK9CuhCUG9NpHmypmoyA,2016-12-24 03:32:13,0,"Typical Greek restaurant, lots of choices, good food and daily specials",tip
rnWNIdzWBKueb3E5DIsKiQ,yw8LY8Zm1YXR7yLSpKEpCA,2019-03-18 22:20:40,0,This is my favorite italian restaurant in edmonton,tip
jI81bT1b_vz8aloD6sY6OA,He0fcp1LRP0HL5lwUqY8ZQ,2015-09-18 13:35:05,0,They have good wings!!!,tip
vRp6jlO9M6wLi150CvX6Ig,nRKndeZLQ3eDL10UMwS2rQ,2014-07-07 19:32:09,0,"Frozen Custard St Louis style: egg & honey base, pick an extra flavor or don't, it will still be good. Since years before Chicago '33 & Wisc",tip
a4PX0M-sQRxg6Fq2o6HQiA,KkpAwKzn5olmxH2K2GauNw,2017-04-23 22:34:29,0,Bad food high prices,tip
CPJLdu3GB9d_utOGhU4ydw,mYYy0lS2TkzhPtLNP-Fbgg,2013-04-02 13:26:27,1,Best omelette ever! We special order ours every visit and our son LOVES all the pancake and French toast options. Devils food cake is to die for and the ladies are wonderful. This is a weekly tradition for our family and will continue to be for years to come!,tip
1DPqAfdderptd1l60drkQA,rPkZtnp6Rw8eL0E4CjYVvg,2014-03-20 16:48:50,0,"Well, it's better than it used to be, but there's still plenty of room for improvement too. Glass half full.",tip
q-7otX6pTEyKkBJk_lYlGQ,AvjvbJ411VeeAJQUdXTUlg,2012-07-23 17:28:27,0,Sultry sounds while opening wide! It's soothing enough to almost ignore the drill.,tip
IMP3ZmCznJ83mbzdlT0JcQ,UUpwoAAZcJyUWOqp81_3mA,2016-06-08 23:56:44,0,"Inexpensive Tour!
Spectacular views and wild life!
Captain Jacob was amazing!",tip
AXlUeyM2MTfz28CeW6KkvQ,iUZEGx29miZObLd6_lt7Vg,2011-06-26 16:47:18,0,2 hour wait today,tip
7Nb9-kimPbvOJ-W3IQ_YqA,JyDpriUoqv9kUU3VroNfAQ,2015-07-29 01:27:17,0,Love the smoothie pop's! Definitely stop by and get a yummy treat! Delicious,tip
TwJCpgJiTvO4aam6Njhtbw,-EHrU_DwtX2Jv4NbAMppTA,2012-12-25 22:40:22,0,Open on Christmas!,tip
hr88ohH1FG0y2BhbGsyErw,FyAvXke2wFHmbWg-O-NICw,2019-01-30 17:31:26,0,Great unique food and vibe,tip
paNtPIcJtA_7TqwC8q27-g,HTSsRjVLvqa07O-N98EM-w,2012-09-22 18:39:32,0,Vegan Burger!,tip
ZmmtRCpHrOy0of1s8enW4g,FCfTUUTYXfZchPvx7tkoWA,2019-01-20 21:03:28,0,Open For the championship games and open for superbowl!!  $4 tacos!,tip
zi5rcGPcfWRSNgbVuDhjEQ,g5-CoFqXBZ2SlIYACjwwQw,2013-10-01 19:34:46,0,"Love the food!! Sooo good! And the waitresses, Are so nice and patient! Two thumbs up!!!",tip
gHVdGL3Bb_t6-Tckf6loaA,1Hd-0f0gWvI7y9CI_3kFVg,2016-04-16 04:57:32,0,"The seasonal cranberry 1904 is technically a beer, but great for cider lovers looking for something less sweet.",tip
AXjHVxklbeyrZwcP4oge7A,QEOauqqX1vsGcJeN0FwyNw,2016-10-25 21:58:35,1,"From now till 10/27/16, medium 1 topping for $3.99 plus tax. Coupon code: 201",tip
F6kgU3QthjiQq6HYA9eIqw,MGXIPVN409ilHG-UMPtc8g,2017-01-02 22:14:36,0,Ugh. Waited FOREVER. Heard from servers the front house management should be fired. I tend to agree. Hope food makes up for it. Hostess was sweet.,tip
PccjyLLmrBoc2ZNI2pVU4g,0UJqTczta018RoktahC0jw,2015-05-23 15:35:30,0,Just good to try it for yourself but it's way too pricey!,tip
9YWc084ScDK_OUS74SDM0Q,b3tI8ODMieXSflFHLFA92A,2014-03-18 15:27:00,0,"Must agree with other ratings. Great food, great service, beautiful place.",tip
cwzVxkBZWuz2wKXlH2N3wA,-QI8Qi8XWH3D8y8ethnajA,2013-06-14 16:31:14,0,Free wifi and Chickie and Pete's...can't complain!,tip
F2rNdh5ruSVDSm4LvU5-6w,25QCMQkYrl5przcOTF7s8w,2016-12-24 03:17:56,0,Simple delicious food!!! Reminded me of mumbai... Manchurian is the bomb!!!,tip
DK2suu_rRfV1jKWbgwj7XQ,Eb1XmmLWyt_way5NNZ7-Pw,2011-09-01 15:25:40,0,I love you,tip
7nq09jiKpW9xw9J9iKUbpg,AGlh4ZDv6jnoiYfz7At9mw,2014-10-22 12:29:43,0,Eat the soup dumplings while they're still hot - they are much better that way!,tip
-_Y8Mal7S750TsB6yMMDHA,clwjLY7PdYJpe7IP9lrqEw,2016-04-09 19:19:39,0,Lunch is Monday through Saturday until 4pm!,tip
LoKUzu41upELqcZEuXc4Og,itAhmbhHOyQQparfwicjDQ,2016-03-26 16:16:43,0,Great spot. Owner was there making drinks himself and they have a fantastic tea selection. Give yourself time since they are hand creating everything.,tip
btYAu3p9RHHthNuXTjcuSw,dy6CFu1VHjykmRkCH0y9_Q,2015-08-12 01:38:57,0,Good and clean,tip
PDAIgx51Tf_ZeeX8zHgM4A,-kGUmgyeYcNDcuEr4FoVeA,2015-12-19 22:46:44,0,Definitely not the place it used to be.,tip
4OYu3k0ic5P3X9iSARL5-w,qjXqWIBNvMcs1s4iMezNag,2013-02-03 21:07:30,1,Great local restaurant.,tip
j7pCFTZicTbS-C7h0N-Hvg,8FRpZwJgsNhvn3r26cTXXQ,2015-04-08 16:47:04,0,Taco Tuesday was awesome !!!!!!!! Service was terrible!!!!!!!!!! Food was yum!!!!!,tip
yXqVMBhlZqalqq4GHVsEmA,CbUhPPCH04V668zECkZlJg,2019-09-20 22:35:12,0,"My biscuit was oddly moist, but had good flavor. XoXo Joe Mamma",tip
nA400dUtzFDotNlP8iwRXw,_K2XFYkn2HYvGf8Bk8KL-g,2019-09-04 04:19:50,0,Great food for a reasonable price. Serve is pretty well. No complaints.,tip
ncLaWmlWH16l7coT249J9A,EM0jUQn-SEnttG8hf-Eq6A,2010-10-10 04:02:14,0,"Reuben is so so. Fish tacos are bland. Bruschetta appetizer was great. Not the best food but hey, great atmosphere.",tip
Hy_ko_2hkLTxvO7G0pIGsw,uNrcxIh3EOPunPg2cZ_aIQ,2014-02-08 21:42:24,0,Great seeds here :),tip
ikWD8meznb14w9yNie3bwQ,szBmJgf3-fh508J0XIPzxg,2014-08-04 21:52:49,0,Corporate discounts & sliding scale fees.,tip
u_WpgFGGESfFjO_uhEI7og,EHLpUDRf_xeF-6wpxoGf2w,2011-09-07 15:37:58,0,Eat everything.,tip
Mg0QBCt8f3T1oykfcwDWPQ,pDOmFcUzaCzh2ETvx6z4BQ,2017-05-20 23:39:36,0,It's pretty good but did not exceed my expectations,tip
AvAlI0p-B7I_023cfq-gkg,zJmp_J8SUNosLxk6borpFg,2013-12-30 22:09:32,0,"Great food, light and fresh and crispy and a bit pricey.. Not overpriced for the quality though.. I liked the servings size!",tip
cHNxWHK_W8CsfJSTPAq6Dg,U1NMk4jlp5cVkscRE_Vu0Q,2013-01-16 20:43:15,0,Ask the mechanic to check the tread depth on your tires to see if you actually need a tire rotation or just new tires. They are cool honest dudes that'll help you out.,tip
-y4O_E79Z6QwEI1p4OU_0w,XU3Fe8I8dD3FaOmzAQXLnQ,2015-10-10 18:28:59,0,Decent bagels. Also the most expensive bagel I've ever had.,tip
pQe1F9FZHGJ4mYPmddDH4A,FEXhWNCMkv22qG04E83Qjg,2012-03-16 21:02:55,0,Table service is faster than the mile long carry out line! Beignets and hot chocolate...,tip
Wme_XX7CkO7hv8H2SPMWlw,zMy3Pr6j2ZndQyD0Q0ToIw,2013-05-31 21:28:56,0,Closed,tip
yXnLtX7NEnO3wF8pMm5x5g,cAbdvzqtFLaAAMFIyPf2AA,2012-05-10 04:23:05,0,Great seafood & steaks.,tip
cvC3dQsUS6SpffHOBKPD2A,z680Aylt8wN2KAeFM1hy-A,2012-06-13 03:09:46,0,Very excited for my first hummus pizza,tip
Oby7PjVJJL1erVVlWIn8DA,pUZtLtnoNmXsfdji4ms0Pg,2021-01-07 14:56:25,0,It my favorite pizza place in Reno. It's delicious!,tip
tpfRn3Q9Wd28gwx9BDON1Q,bPGzgqDIbFAhSLo4GAT-Kw,2014-07-11 02:31:25,0,"Just got into Tampa area. This place feels like a local dive bar. 
Interesting!",tip
OJhpLDyEpwHca3PH3EeTiA,w2aRLfmCtvtuHIexk08gYA,2012-04-01 21:03:54,0,Cool Sunday afternoon spot when you don't want to fire the grille at home. Luv the salsa and veggie quesadilla's here.,tip
JIiO4JJqNK1cZTG2IsxX9A,tcAB1Q_NLd5uXpq4Pe1aQg,2014-12-30 07:20:44,0,"1) private on-site parking (valet, $38 - cheap for here!)
2) refrigerator in every room
3) cafe 
4) small convenience store items to purchase 24/7
5) 24/7 hotel ""gym""
6) free wifi 

WHAT MORE DO YOU WANT!?",tip
8K1LaOEc6yEEAjv85wFQMQ,AgcJCv6R9d40ByHZrDJ62A,2010-12-31 04:25:55,0,date number eleven!!,tip
XIcWo44Pe88v3WzpM13IZA,sx1IM3IpJJwNWS6dSiWzhQ,2014-09-19 21:32:32,0,The best grinder I've ever et. Lol,tip
LZa_nUCeW7gPdEIhLIhwkw,79PsTPa-1DBLKhNytfAkYQ,2013-09-21 00:42:17,0,Best bachelorette party ever!!!,tip
CyCeUv5VCWR5L3JNCfxaCw,ntiIq1FNqduOyyowMFGh5A,2011-01-19 00:09:00,0,Get it with a fried egg,tip
MEYgLM75-2QpDMycAxQvoQ,s4cgAVmCt9-IFeWEJ5rA6g,2016-07-27 05:06:35,0,I love Boscov's; you can literally get anything here!!!,tip
f3NyIEF2TkNg6j2T57omJA,R8QfbttGgcWOijWb8j-W_g,2014-05-04 14:39:24,0,"TV eerrywhere !!! Love the white pizza, good selection of beer as well.",tip
sNeIEDsCcf6wQRRiqvtjTg,yI-ahfduU45_bZa3ZgEx4w,2013-02-23 01:57:32,0,"Sausage, mushroom, extra  cheese n heavy sauce. 
Carry out is easier on a busy Friday night :) Za Forever",tip
FurBxq51dZD6SPT2llHeww,M9s1QoMF8AHqsB9j58bKtA,2016-11-12 19:35:59,0,Super good food and excellent service. I will Be back again.,tip
a2BZP3YiYPE9XnC-g7UJUQ,FryXEasH74MQDnj5Bvz3QA,2014-02-22 19:07:19,0,"Lavender latte? With almond milk? Decaf? Yes, yes and yes!!",tip
kVzh_k0MFxIReqrplRyHTQ,f16XBh0ZDktiWNqWsPYphw,2018-12-23 17:18:03,0,Relaxing hikes.  Quiet. Beautiful.,tip
YnfaO6wXW0U7uFRmTRIT1A,znlrxrY4InSx7ekPZxoHRw,2014-09-28 12:15:36,0,Black coffee chip with churro con leche. Coffees and churros?? Yes please!,tip
Ttn1RtATzZBtWsx6MoPGqQ,zXgksmhdzgL4Xx5FylbP3w,2017-12-04 00:17:13,0,Fabulous draft beer selection!,tip
lKZcSf7xyn3h7zpjN67LIQ,hFK-VVVTo0ovUjAKTQsYoA,2016-04-25 22:55:21,0,Love the hoagies made here! The lunch meat is so good ! NE Philly rocks for delis,tip
9CD8dVWucwaWHBihso4XqQ,sB4xcTwwCO8IHiK15VDC_A,2018-08-25 00:00:36,0,"What a team ! 
Will be back",tip
y1DGsGpCWjykUY9MMwBH1A,gz1nRaB7g2TzQHpqiCldHw,2014-02-13 17:45:46,0,Best margaritas in La Vergne or Smyrna area! Awesome service and great food.,tip
N2CK5jgIv7rIkiiKT1eUQg,ZgbB7jSGP_MJZgHpoiGujQ,2019-10-13 22:13:38,0,Good authentic Mexican fresh definitely a go to spot,tip
UHmMIHvbZwiM_63x_v4_Tw,1v5n-Sb3HW_2Uhaq1X1PdQ,2013-10-05 20:32:49,0,"Wow, raise the prices, much!",tip
houyW9Vr1OWG1OeA58ZECA,_yIbTW0sD9kfkLt-QuN9uw,2015-07-15 18:08:46,0,Don't go in expecting coke or Pepsi products. I know many guests that were there became disappointed. They now have stubborn brand (yes that's the name) colas.,tip
nnImk681KaRqUVHlSfZjGQ,zf9_8CskW6Vzakg6V78S0g,2012-08-31 22:13:42,0,Just opened a week ago in mid August,tip
lpFjvAPlvp96288Al7dVhA,1CRaUspmxoegNBUnLkBAyA,2017-11-10 00:25:02,0,Morons morons rude.    Owner,tip
0oB6T_30B8oOHDhSuiXFqg,8CrbW0uO-wkIs8CLORE-yw,2014-02-10 23:48:16,0,My new favorite past time,tip
qp1cJEUxDpGQ0rJlkeAchw,bomWt45sZoEe7P5L5I5SgA,2010-11-16 20:56:58,0,I'm a huge fan of gyoza (potstickers). They have some of the best I've ever had.,tip
bwq4VuSXz4Xx1P9CPQIwCg,TT2qS7pGxv4J7Jm1zGriyw,2011-05-11 20:04:43,0,One of the best mexican eateries around! No menu and very little english=great food! Just go and eat!,tip
CnjEM8ltuXD9PrpvYPzMbQ,gsyyVQmvT9A2nAgUi7VUag,2018-04-24 01:20:45,0,"Amazing food, even better pricing!",tip
cg5i9jpEx2DXfQg-Wvn6RQ,Ip44jRF1HPPAoJp7HR7ReQ,2013-01-26 02:25:51,0,"Yay, food truck rally!",tip
mz9i9DUTO60Zrh-CaX8G5g,vHgtIxUNujLbloMyOMLyEA,2015-03-08 04:12:10,0,"Everything was absolutely amazing. Scallops, gnocchi and the pasta of the day.",tip
slOXiLnFiFyEgHMWQyhvXw,lCo7sEuxlfFeT-nAOR-sbA,2012-11-20 21:09:39,0,Getting my geek on,tip
GJ3G9NcziDGJkVr2IzDZJQ,5qYX6iR5qFsGHrcjYlLMeg,2012-09-01 18:15:48,0,Fun. The video on YouTube got us here. Burger was PERFECT. Service was very nice. Damn good burger and free peanuts.,tip
rdysF0ymVkMX82Bu_8x3nA,d9T1Jgf4N2vY3dcMlnCgeA,2012-02-13 19:32:40,0,Everything smells like cheesewiz,tip
g8y3DG7hZVfQUrSsVmrsWA,poruVZH9V5p3u170Pi3iYg,2013-12-16 17:58:26,0,Inhumane treatment if terminally ill guests and you should be shamed.,tip
lqfUvsBTxSbdRIiAnzUIbw,qxDVtIq0EtvOtVKDwbYOiQ,2016-12-05 16:11:29,0,"I wish they'd retro the music. Current top 40 , mostly mock R&B using auto- tuned robot voice & drum machines, horrible. Put on 50s music at a low volume, that will suit the Image / feel of the place. I like the decore. It's retro, but hey Tony Roma's started in the 50's I believe. Why should everything be chrome & black . ( Ugh ) That said, the food is good, prepared with care. Many, many places don't manage that !",tip
5I3jW2waGZxRQcZC0xbyZA,DorCmYVDR5wcCVvbCAvzEg,2013-07-09 16:58:08,0,"Buffet type food, not much for meats, more vegetables and salad. Everything was good especially the sweet tea!",tip
gCSDCQIQp5A4Rfo0EltbVg,wopwoiKIllIzcggK7HkTmw,2013-09-15 18:08:05,0,Cafe in front and brunch restaurant area in back. Waiting on my food...,tip
Mj6EXs_loqGzhWw2rDZJpw,j6mfz4aKayw5bMdFzlftfw,2017-07-30 03:47:21,0,One great tip is to call ahead and place your food order phone and then pick it up.,tip
wSu_XxeRULCMdrrPYrXm0g,NqVky9-t3t9HXdlf7F150Q,2018-05-26 01:44:37,0,This place blows. I miss Sly Bar.,tip
E5tPgQWt4O5s6qtF8CE3hg,ldnLiewiq3sAktFo0QgizQ,2015-05-10 04:38:59,0,"Came here for the first time today & so glad I did. Amazing service, very skilled workers, & great prices!",tip
ZD-jYEYc9ql5D4szAxmvNA,1_ZVtdiZpBNsXaO4ObPtbw,2012-04-03 16:55:12,0,This place is very small but nice. Very enjoyable!,tip
EBdM9GLYLVeyuHT5AEzr4Q,UH87t9fT_oTLMZfr5iCbQg,2021-08-29 21:13:29,0,Great drinks! Wish the bar space was a little bigger,tip
YeMfEjwWEximYv9f9zkC1g,L69bxbfNjOQ5yDA1Wtxoqw,2021-08-13 17:00:29,0,BEST bagels in town,tip
4hmufMQSUZ9lqxbKbLU3sA,sJkUmzdBW9K9JC3IiFP6kQ,2016-04-17 15:42:14,0,Beautiful trails and a great place to run!,tip
tBtznjabJnuzXZ56CaRpSQ,TlvnDLrM4p2udHfeUwL82A,2013-09-09 03:47:20,0,"Awesome pizza,  best in Reno. Flavorful sauces and crust. Great vibe. Will be my go to place for pizza.",tip
vHc-UrI9yfL_pnnc6nJtyQ,vXhrovlPWEnPKCbZMcsZDA,2013-12-23 01:15:05,0,The ham and scallion is not to be missed. I also love chicken mushroom and the dry pork.,tip
YFVYGXHtHUqCZ2Q4BQs0jQ,C6KP0hSutumHzLDCFyjvJQ,2014-08-12 07:52:53,0,Cute place lil pricey,tip
QBssX4AvONAcLwscyPdAuA,ld_H5-FpZOWm_tkzwkPYQQ,2013-08-17 21:48:45,0,Great place,tip
tLFwwA9WSX0J42C3DagW8Q,Dh4JJwndZcan_1DTCi3skQ,2015-01-23 06:18:35,0,Great work the best service hands down and costs less than the others,tip
jPPxE3M9Wgs4vLgywF0qKg,-tDmeO1Q5aqThVY3AFJJ7A,2019-02-25 08:34:07,0,They have the best sushi in Reno,tip
IHSlHoetGtEQPNhpWnLMzg,DIrgJzwHt_Dio8djuP3dPA,2018-12-07 14:46:19,0,Gave me food poisoning last night.  Never going to this location again.,tip
kYNAdzk9ofmaZYmTciYxCA,uYMVRPYEqpmVXWN2xOs5KQ,2018-01-13 04:20:40,0,Awesome gluten free menu and one of very few restaurants that has a family restroom!,tip
j14WgRoU_-2ZE1aw1dXrJg,4lT3LIMRWCDrpxsjHWscIA,2018-07-26 14:03:01,0,Paradise Park is closing by the end of this month (July 2018) to make way for a new concept (unreleased at this time) which will utilize all 4 floors of the building.,tip
doMzvRTEwiuvXETmG-P0HA,6_4b2-5XdieRFJZ-SqF-Gg,2018-04-27 21:16:22,0,Very fast & reliable. They made it very easy also. Highly recommended.,tip
iAk617lLNH2M2FRxMHAxNQ,ChlcxTEoWBQJXJ2Xb2vm5g,2013-11-05 13:13:14,0,There's a reason why there's only one yelp regular here,tip
Q9kqLjcSdRsYeVrVcXxfIw,VKgK7Z0WR9YIxtAAC63eUA,2012-06-09 01:40:09,0,Waiter so nice!! Food great!!,tip
zYFGMy1_thjMnvQLX6JNBw,cq2zq3ItzUwvlzs_ugFpsQ,2020-10-05 18:35:13,0,"Every Wednesday Seniors, 55 or older, receive 50% off an entree",tip
NbIW1v1nLExf6u_FrcYWKg,HF8gKF3UDiSc94YWd03kkw,2016-09-04 00:00:14,0,Ferris wheel inside the store.  Also a nice aquarium to keep the little ones occupied while you shop!  ;),tip
ETsc47q1QmviLpv8sdi4eg,Mfvk9uEEhdCqj8S2u7dWgQ,2010-11-14 18:47:10,0,The duck salad is back. Yum!,tip
Dk7Xmnp5rTxXA1lM1Mm9Sw,Tzdq49JjkBZB4uSoYv5Ozg,2014-06-25 22:14:32,0,The sushi is really delicious but the regular food is so so.,tip
y0FjsgrwtrM3KQfCpqLXTA,KD9-X5AykKmiZszrMepjhQ,2013-09-15 15:28:37,0,I love this place!,tip
rFtaUS6l3DHnGmbhP4V2lw,RGtMrLcbsss7lbZsdVYrqQ,2021-10-08 04:05:21,0,New in Tucson!,tip
azjxAUK3qOqovTi2Afvi_A,JJRRJEmis9QlmGnE5WZk8A,2018-03-11 15:01:52,0,Food is ok.  Worst possible service. I will never go back.,tip
PVgujsRzC2UgPWanCMdJxg,OAhAl2P-8tmc1-1QaKhInw,2013-11-01 00:21:25,0,This place has the best. Persian. Food. Evar!!,tip
zq2nd0H1dVzi3bta4Zepuw,79OES-kMb3VGsdy0nG6G2g,2015-05-26 05:59:00,0,Nice wrap around porch. Good coffee for a good price.,tip
0KQf-Ojt6Dx-r_izRHt3qw,GyWxMEMzRZJ-mb6OAq7jyA,2015-06-04 02:44:31,0,Horrible food....never again.,tip
I4BbW4a19h2IItNOoToDgA,lWPQeVAZInbNntRu6eFkbg,2010-07-28 18:07:58,0,Lunch!,tip
vDtB2FTolP7QtZf7JyxOqQ,YPLfRswyryjjW3VJa-SdaA,2011-05-29 23:06:43,0,Grape + lemonade = win!,tip
hOEEn5I8KihIfotticBd4Q,AM0TA-5mW3-yZ5WrMYYPtw,2013-01-27 17:33:17,0,"Don't come if you're in a hurry. The food is the same as I remember years ago from being stationed across the street, but the service is hit or miss. Typically once you get your drink you won't see your waitress again until your food is ready. That's my only complaint about this place.",tip
sdAjCJ71MJt1t_PucfYAXQ,BnprLJ4Lr33--YjTmgk9Zg,2013-03-01 00:40:50,0,Triple double spicy tuna.... Best roll in the city,tip
jRVs6KNh30LgOcAcWttJMg,y3LlrItb8nrzMYYiqQee3g,2020-06-10 18:35:23,0,Outdoor seating should be open as of this Friday 6/12/20 as I was told,tip
eRAH1FtPh7TsQmBzcx5cpQ,TJA_u-AsRC8P_NtVZirmgw,2017-12-31 18:19:50,0,"Great pizza, great prices!  Looking forward to trying more of their menu.",tip
YG7ExuKxByTB8MWaOaaBew,iSRTaT9WngzB8JJ2YKJUig,2010-09-27 12:54:41,0,"Sign reads: Helen Waite is our credit manager. If you want credit, go to Helen Waite.",tip
J0m-dplXEkInse5yW1LWAg,CgTAh_rUYtGImJiFel4MCQ,2012-10-21 15:12:52,0,Amazing service. Theses guys really want to help you and care about the customer experience.,tip
UAGVBn3RfpUch4RMmk1CUw,mQ8qDT7Y4X7e45bSHOqL_g,2015-05-12 19:29:36,0,Don't be fooled!!!  This is no downtown Patachou :(,tip
Vi8Eu7Rw5NI8o2rNo4F1gw,L0ru_-lAmjb97duMeAhJHQ,2019-04-19 19:14:41,0,The crabs were fantastic! Heavy and meaty!,tip
GpT2JeQjQ8lS27fE7HcR5A,8lKmq3q0sxraES0p0uZINw,2017-08-24 06:24:35,0,Best burger in town! Love stopped here on the way out of town,tip
YtPWIGyTzg9UWO44os60-A,iDCPPrnKb8wTdx_HbGxj5A,2016-10-25 14:43:35,0,Great pizza; bad service,tip
yrAX4ikJePO6eSN6_g6buw,orXtmu7JLqVy9LatRd49Sw,2012-05-24 23:32:10,0,Cheap gas!,tip
9TLz14kF0P4RCDsQmrI0rA,SbdL-8NSmTWgSwdGZBa7WQ,2017-02-27 19:52:21,0,Great pizza and wings. A little pricey but will order again,tip
BE2R_I7JTu7VARITOsCZPQ,Kxgrqqy0RIEEabBCeizxgw,2015-01-11 20:51:35,0,"NOT a good place to get a burger... $8 ale carte, mine was over cooked and under seasoned",tip
Z8-W8i8_ZHJth24R_wBnLQ,lMQVZQDBNd2NeH5cIjsUyg,2013-01-27 19:42:42,0,My favourite is the golden bear sandwich. Good mix of sweet and savoury!,tip
rDy5a0ZIYxVuShBzX96jYQ,cBiHULO8B4gTEav8eQJhuQ,2012-07-27 11:36:13,0,Tuesday's are family night. Balloon twisting and face painting are common attractions.,tip
CJXkxjoV4VbJ3fagz2ZnqQ,U4yrxSpqLaPrGqcqok2vJg,2012-07-21 03:46:07,0,TED,tip
EouCKoDfzaVG0klEgdDvCQ,Hxv4jl0S17izRqyliOLVEQ,2011-12-27 19:05:44,0,Ask for Loann to do facial threading! She is the best and very meticulous.,tip
BywvYfiwwwli1RSiXVnLKw,0_J_SEJLxSjHcFfGgWeWow,2011-11-11 01:29:19,0,Love the new decor. Dangerous drinks!,tip
00R8ugoLVbPwHCQzTe3HNg,znlrxrY4InSx7ekPZxoHRw,2019-07-11 05:23:58,0,Sea salt cream & cookies and double peanut butter chip,tip
Unl2mGezYScYpfiSmtsuQA,XlIuTI1NRLzLlp11x-PTHA,2017-09-30 07:52:32,0,Everything was delicious,tip
tNx5cK6Ch83GyVwXItzEUA,h4RaM9E8C0d20Uw-nLR5aw,2011-03-27 16:48:03,0,Mu-zam!,tip
-HrNTZyVs214lQ7ulFPm2w,Hh-LHf0bUYoyOnm3DITuXw,2012-01-27 09:35:48,0,They have STRONGBOW! :-),tip
TnCGSlJXhU88PWCvVn7hHg,Wlvr5wT9ztlJb4eNVAKxIw,2019-03-12 15:42:42,0,This spot is in the basement of the hotel - you have to go inside and down! Just FYI!,tip
ET1EHTjE-pSO6mvn2cngoQ,10Bq-D7cUzwvY5pUJPWhmw,2018-02-26 02:58:32,0,I want to understand how their margarita pizza is so good. It's the best,tip
7wF68Mk9NNYrSZmOV5iwZw,PGd06nrseC2YAIqP6S9gUA,2017-08-30 00:34:54,0,Try the stuffed French toast!! Try the stuffed French toast!!,tip
T93aO0RxsKk1Zq2lHvP5sQ,14QP5lOdrTAVVCDDuHIAUg,2015-08-01 20:44:45,0,Great food good prices. Can't go wrong when you want good food at a good value.,tip
V1rial53zLecglzJl9cIMA,IQ-oFWxp1BA9gBjXYdpBcg,2012-01-31 18:20:49,0,Awesome chicken gumbo soup!!,tip
nqQG-CPl5C2PESy6uOtsBw,Gc4xXtm5VxxX3CLBKdMmTg,2015-07-20 15:09:43,0,Delicious! Decently priced pizza! Skip the chain pizza and come here!,tip
-doYBxcOjqWkUcPjc29otg,koZwgXnblruggL03061DmA,2019-04-25 23:13:24,0,Love this little happy place,tip
LBXLWlYVfMANushEny2CYg,a7AX0Dp6nvluJWxhzd_SJA,2019-11-06 17:38:42,0,100% satisfaction,tip
bpf_l7bnDs96VsEgS97f8A,XCY5mYQv-6Y-uOZEOgOhiQ,2016-01-15 23:23:13,1,Very few raw items on the menu. And I don't think there any sushi specials in terms of happy hour half price type thing.,tip
u5hdoAR1yzYqBUUhQ6Wlug,vhDWGF-8BfsxvS7Zo5Wv2w,2017-11-08 16:40:43,0,Mostly very good Jewish deli food!!,tip
zAMpV0uFt9XpqRDFNLWPrQ,yfuUzHnKKQwJ5Dc7HQl-MQ,2017-02-28 20:17:13,0,"They have their own bus stop
#s18 & 86 will take you to the stop",tip
ICTj6_s8a1ZrhI0oPt7Z6Q,eoBRnjQDnDBHiPPdcsP7aw,2019-05-25 16:16:45,0,Had to wait 10 minutes even though sales rep was free... Not good service,tip
j2wlzrntrbKwyOcOiB3l3w,65FBKSLEBeHz5Yo_64pMmw,2011-11-10 17:56:37,0,"Not all shakes are gluten free, make sure you ask",tip
8mP7FhDX2_TKtz3oNwJo9Q,6n1m1XaSqZcGsBUige13rA,2016-03-01 17:35:46,0,"Last day,  $30 Groupon for $16. Eat your kimchi Damnit!",tip
j683ac_pY7vg_0HFat9zvA,eYvnYqAvoGk5VT7squFtUw,2012-10-26 19:15:47,0,Out with the Moore family for recovery & down time!,tip
8P6_dLE_BI4a4M2lzrtIPQ,1ig2AJg8A08_XA3pFAMiRQ,2014-01-04 01:13:47,0,Mmmm lobster bisk,tip
Gl84NAPLME6vodnkVOgXIg,IxlIgLbIbynzJdzeqO860Q,2021-08-06 12:09:57,0,Hospitable service and delicious food.,tip
TWDHHv7fZZvD78dGwNz2UQ,Ru2baEL574xgX_-E1AJ-eg,2013-11-02 18:09:44,0,New owners and new management- existing menu being tweaked,tip
SLT-yAmqEOQ5cnA9RVkb3Q,K59I711q4mFXw7ZBxdwBTg,2014-07-01 01:53:12,0,Great music every night. Burgers are great also.,tip
Z-OaFyS-xCbhMqfLnBTNeg,aKSrWtsJsz7XiZog1lepuQ,2012-03-18 01:50:02,0,Hang out for St. Patty's day,tip
4z66ooOl9ToO3_k9epjVBw,s-Ff-8M5-AR-5jl59lCj1w,2016-05-21 03:35:58,0,Lost my dog. Please contact me if you find him!!,tip
7KnLBaQ_CEDKZWG2Q0vyLg,--ZWv8kGlM2YL58uKhGJDg,2015-07-29 16:18:37,0,Owner is extremely rude and condescending...will never go there again!,tip
sraTrYU-7q_bQ0TxQrLJvQ,IWUcc1uqbhler61IMVMKuQ,2016-06-15 17:06:38,1,Update: checkin offer no longer honored for Free glass of Wine or Brew w Yelp check-in!,tip
bNKSWpRTLJqTBNvxB4F35Q,2AGVnWOgOHrUSCvtTXJscg,2015-01-03 07:50:16,0,Best time to shop is after 1 AM. Otherwise this place is crazy busy,tip
BgrbHx1j8g6C8NHIo2HPYQ,cO-EBH0LC5VZEc007C8Gng,2020-05-12 14:13:23,0,Amazing coffee and great concept!,tip
LlIZmwJLnw7PMDktDiy6sw,jkGQQ4_LgJx3hwPtCFkzbQ,2011-03-15 22:16:17,0,Hanging with SJU folks for a collegial NASPA dinner!,tip
Z-ee4V5_ZFsI2ltccSpqyw,vz7-mdYrOSnpeWvncE5eUQ,2013-07-26 01:56:25,0,Lentil soup is a winner!,tip
alUlVVMx9NtfrvK4xAQy2w,7CRox7xpb3vNCEe7FZ6zgA,2015-08-02 17:13:02,0,If you can't decide on lunch and are uptown this place is always a solid choice.,tip
8fCosp-LaH41AWHg5HgOPA,yRs15dgEYvxGatbDyeVXiA,2021-11-24 01:37:08,0,Amazing,tip
x96AFFA6nQrlq3-mMTQZjQ,30cpm1uq6xcQCmN6JTrB8w,2015-06-29 14:06:22,0,Nice drink,tip
XOxB_rKAUAbymQ3qbQFk_Q,8uF-bhJFgT4Tn6DTb27viA,2014-07-08 14:03:10,0,This place is amazing...awesome food and coffee,tip
lMY8NBPyzlPbbu-KBYfD9A,jqIaj-TnU4HiK-oJn4o_5w,2016-05-09 01:03:15,0,"Pet friendly, but please leave the Pits at home  ~Brody",tip
QsUZ5G10k1yEM6MXhSJIVg,iwDX85LRraB9vl6J3Oo-uA,2014-06-10 00:19:29,0,"Excellent dishes: grouper and shrimp with basil aioli.  Fried grouper is always good, ad some coconut shrimp. Shrimp scampi in a creamy lemon sauce.. not bad at all!  Service needs improvement,  reataurant 50% capacity tonight.  We'll definitely come back.",tip
lb_R8cMWxoip-TpajN2EYw,r1N7zlfX6MgcweowNOt8Qw,2014-06-13 15:25:56,0,Best place for breakfast any time of day.  Servers are the best.,tip
s-pBr0Jd8oFieKAbPHd04A,1QQTCX8HOdIiCkaGJzWFpg,2016-07-16 19:24:55,0,SLOWEST Starbucks ive ever been to. Disappointing,tip
_iYyZtuWMmEMF-COKRLYgg,d3dw3YihB3WuU1Sb_i74-w,2012-08-06 02:05:50,0,Service was really pretty poor. I wasn't sure just who was waiting on us since it was so disjointed. Our area was too loud and cold and the prices were on the high side.,tip
AdkRWtgSQIQnuBM46zIOyA,j-qtdD55OLfSqfsWuQTDJg,2014-04-16 00:34:33,0,"charmant, französisch, weltklasse",tip
OoRgQPwhx1UEiya0SI8kwg,NhIa6lf-D60Tgdj4RN3gjw,2019-12-19 01:40:52,0,Very good Mexican restaurant. Great food nice staff. Very inviting   Would return,tip
hwtFKmfLP2MYP_4D-s3TuQ,QlLp71EFPVN_F3qWX38hSQ,2011-12-30 01:09:14,0,Very good service and the best shrimp poboys,tip
bqHqs6JaWmZ2LpMbizMfaQ,oDETvkVkHw7CjZj7ZOZFOQ,2014-05-22 01:52:34,0,Bring hand sanitizer,tip
JrLoaIxF1DrYQJ7mfeD-Tw,CLUKvU_lTOcCQi6_24lzOg,2015-03-14 00:00:04,0,"Take a copy of Old Mr. Boston  Bartenders Guide if you want anything other than a beer, a glass of wine or one of the foo foo drinks they have on the menu!  The bartenders don't  seem to know what they don't know!  Sweet vermouth in a vodka martini?  Seriously???",tip
kA7sIBVKgWXVwWbpXsUHQg,qppGA9vCUPfw9ngOy_R90w,2012-09-19 01:15:11,0,Sadly the service was much to be desired and they had no clue what the yelp check in special was about,tip
_HZRuj6kag61elBWfD5TwQ,VLPb9RjYi2CWL2moseHERQ,2012-01-07 02:54:53,0,New extended bar!,tip
A_u1sIG2bk2wmGFYMgqFhg,JNBuXPEjE3eavcIUvUc49A,2017-07-28 20:40:59,0,Great selection of beer and great  service,tip
aoyw7k0LuV7-epY_NfN4vA,ECOUuwE5H1HHE8xBfNAjFg,2014-02-17 03:41:58,0,"Overpriced food that wasn't very good, beer was average",tip
iy1dW4OYOZX4M3IBzHo7cw,9zrNqMUgFABwNTSLqDlj_A,2013-12-21 01:26:24,0,"The actual address is 1915 Gallatin Pike N, Madison, TN 37115",tip
rBp2_3HUqON1-IHz1-8-nQ,EfylzvvNYBuYAYjSXZF0lw,2011-10-01 20:31:03,0,Plan on spending some time perusing the awesome selection of sporting goods!,tip
lfG4WdLkD968EJOm14M9uw,2-vIWlqdrRsnhkOj2JS0jA,2016-03-13 01:12:24,0,"I wrote an 100% honest review of my experiences of being a former employee at the Ship Inn. I was disturbed when it was removed from Yelp. Before writing a review it is stated on Yelp, ""a business cannot pay for a review to be altered or removed."" Apparently a business can pull some strings for the most truthful reviews to be removed. 
The owner couldn't personally inform me I wasn't welcome on the property after I had written my review. I guess the truth hurts him, so tread lightly.",tip
YI_FVsfcpZveNVqixWPibA,JozdEQAPQPzafLC8guMzfQ,2012-07-16 00:36:35,0,Mac and cheese casserole with Parmesan encrusted chicken... A few Bombay Sapphire Martinis.,tip
iCaN6GlQfuLgRIOvAJLbVQ,Y48swatqDZVRbWy16ecR3A,2010-02-02 18:50:32,0,Got a hot tip that tickets would be cheaper this way... Forgot to ask.,tip
qx5efk0vShq4vwclapoK9g,YIbHDmrm1VBxwP5a9-GqSQ,2015-02-12 05:16:34,0,Ask for extra pickles and au jus for the rosy beef sandy which. Also the roast pork is a close second to the beef.,tip
CUhN4Ba0IqouM-YcOE2KAA,PDTart2-ChFYdNjECtreQg,2015-02-28 01:02:33,0,red neck taco. nuff said!!!,tip
TWDHHv7fZZvD78dGwNz2UQ,vWP_L5d_1F3cdmEueL7yxA,2013-11-02 16:02:12,0,They have a little bit of everything here (including a large selection of comics)!,tip
mQ5rOZq4kybxIbh9f8vlsg,HabjOG3X8V85QWkULx_vBA,2016-02-21 07:43:24,0,You MUST ask for Diane as your server. She is absolutely amazing.,tip
Lmxlq6g3baSBasFqZmdElg,7hJvSejJvI-ESVyH2gMO2Q,2013-06-16 21:13:21,0,Sunday menu is different (brunch),tip
d57TDBeXFLSCpBb7KZE6Yg,oBNrLz4EDhiscSlbOl8uAw,2015-08-30 14:23:27,0,Great breakfast place,tip
roGoHGWTkYrerml4wr6Wmg,mwY2fRc4vuyG1CyofJjqfQ,2014-04-15 15:44:12,0,Atrium is awesome and they have free wifi for guests.,tip
PdNOVb1ZXbPsvmUcWstPRA,-OKB11ypR4C8wWlonBFIGw,2011-09-29 20:18:08,0,Best Spa!,tip
AWLGIjTxO1Pun9s9z3ujdw,U2hkeMI-q4cS35QolJYN0A,2014-05-07 03:42:17,0,Tiger melt... Too good,tip
kBbyUAoA83V_4L3EebwhVw,QhYkr3FO7fz65ULwDPCeEA,2014-05-14 14:00:33,0,Very nice place great atmosphere the staff was great food was awesome cant wait to go back for more !,tip
vl_JjhD7nHzLzZ68ou0-uA,a7RobRBScR0SVQVMKwkJmw,2012-12-31 01:37:38,0,Getting my daily dose of coffee! Yum,tip
Q4bwPyE9Z-KeKd6BfLXeVA,LmRyuir7orBNN43fyp8buQ,2013-01-20 22:44:41,0,"Great interior & atmosphere, haven't had any of the issues previously stated... Pizza was great got wheat crust but not NY style.",tip
pPACKUeXGyaAPS3_ugAYgg,pEYs1oVeJ6YM2SG5WEr5Pg,2021-11-15 13:33:03,0,Great food and service!,tip
amsslRffqSutX3kuyrF-MA,eIKjxqdMduIeIqzPg7yc-Q,2017-03-17 18:56:25,0,Delicious sandwiches. Love the Dirka Dirka!,tip
MhtddEg58eEtGnOD1IIccw,0EAOJCapF8aQgXChl-kQfw,2014-06-09 20:42:59,0,"Ask for Julie, she's the best!",tip
fCvMnJU1Z-XhAjKg99wK3Q,Oun4NN-u5yiHIxDqtJnxgA,2017-11-15 00:19:48,0,Inside Whole Foods.,tip
kKPbWlBjpSL3Qzvtn_AaPw,NFeR6n6QM7C-3ZgjbVoqTA,2012-12-30 18:29:26,0,Welcome to Jank-town.,tip
2yAozBtoQuWjsSOG19XzBQ,Yee3PQp7MCBAxuJep0qBUw,2015-07-24 14:56:11,0,Great place to get all your needs,tip
6EQnbzrr0cBZuTUi_MACzA,PmBQGUseSjhxWCw94kCOXQ,2015-02-15 02:37:44,0,Can't. Go. Wrong. Everything is amazing!!!,tip
y7cDm-XGGNnoJTYX-1nSdA,t_M0P9WZChATql3PCemHHg,2019-01-27 03:23:14,0,Very Fresh. Very Good Food,tip
G0hBRUILvtCOemqQP_kG-A,ZB61gANpKABguPC7kG6bzA,2013-10-18 23:58:43,0,Yummm Yummm fajitas at great!,tip
a_-cGctRb1Tjzkzw8Hp3_Q,H26zRyQkXXYzUZUOtppFcA,2014-01-05 03:14:44,0,"Make reservations if you want to skip the wait! This place can get packed, especially on Taco Tuesdays!",tip
PMSyhSJw2koD-qgA35U-xw,_P4ZlE_3h97jt9o7-WSXmw,2012-07-06 23:42:18,0,Apocalypse cow on tap!,tip
MTFOS6R3QI2DCKgVR3kBaA,5fSPNlVUBGMExOy9lgFn0A,2017-10-03 18:50:18,0,Great food and customer service.,tip
uzUBRp32IncMrZukqpD7bA,M0Cb0ufPxOSHSrZAKMmUmg,2014-05-13 16:02:44,0,Everything was great here!,tip
Cg6JPa-KsHUgDiU1t-W9VA,tc6jKQiRjFO2M7BylwHVrg,2018-10-03 20:35:27,0,Best Chinese food in Reno.,tip
mMWjXez4COIIzRq7EDZ2pA,NHb6QTrJOnyIj-Zd0fYzFg,2011-12-17 18:38:38,0,sausage fatty!,tip
PT2kDWAaJ7Hubcgun5-nAA,hN4B1kS8J5MQykKxrYXB_g,2018-10-01 03:01:50,0,Pop up vegan chef on Sunday's for brunch!! Order ahead for take out or bring a seat because it's limited.,tip
dTtHZqKOIRxYEO2Axn_DBQ,y3SNJdB1afxDIUBSIJkJ3w,2017-04-24 14:56:08,0,"Outstanding professionalism, thoroughness and quality of service.",tip
-DYL8dDsz34a7jm1Thv8JA,3b3Vc43mOePXEY0DaZcIdg,2015-08-16 17:27:24,0,"Need groceries but hate grocery shopping? Thursday nights at about 6:30pm is the best time for no mucky-muck, in-and-out trips at this location while there is still produce available.",tip
Us37_Q8rIcA8EFU9bYz_OQ,iay91CweEOzRIW6wjcOjuA,2017-06-12 23:47:11,0,Likely the best pho in the midwest!,tip
nTNc3PrZgIYkvJ9-6X259A,0aJHRh312jMrXOPbZ8Hsrw,2013-06-15 15:07:25,0,"The always have amazing vegetarian options. Also the atmosphere is fun, and you kind of feel like you have stepped into a speakeasy.",tip
qDCqJxWxNiQPdAl5LutMRw,WXgV2lOUgas7DzTLeDau-w,2013-08-20 21:07:21,0,"People rave about Taco Tuesdays (which is great!), but you're cheating yourself if you never indulge in their Damn Good Nachos. They're big enough for you and two friends, and you'll leave feeling like you're Having Rum House's food baby, which you'll be happy about.",tip
RV6GqlrcVqvViwy9FHRE_A,oEwmCZknUHgHfEBdKA2SZA,2016-07-31 00:58:42,0,Try the Pho Soup #31...yum!,tip
Zg8TrfS6W75GUmx1Uq6Gmw,WkKfqNbnL6oU_xJblmtN_Q,2017-12-17 03:17:37,0,Fantastic food and amazing customer service!! Would definitely go back!,tip
CSIZ7CKCYkJHTSx-s8wBog,JMHVCpY0PAW3MiCIGaU-kA,2015-03-05 03:19:09,0,"You can't tip on your card, but they have an ATM in the shop with a small fee. They will validate parking, too!",tip
Kfb2gBZI8TMUWDz7s9K9lw,fKrmWy4GFsrgdOYhN9pyZA,2016-11-08 02:36:55,0,The food is as great as my friends advertised. Very good.,tip
ic-w_tW3Kf2TZBKVBrctgw,Cd6Dfli4JBpHGgh0LVslpQ,2016-08-18 23:03:12,0,Cheap and delicious lunch.,tip
lEdJdUxDa5sq6VHogtdq5A,51CcS4n4XGI-vVbYzqTtew,2013-11-25 05:31:51,0,Beautiful hotel.. We stayed here during a brief visit to New Orleans.. I love it,tip
Y-HpR79F_ZqRtGMjZnhwVg,P5yulkthm6nyunOLt-rEVg,2011-12-11 06:06:06,0,The neck massage is worth paying for...but it's free with a haircut!,tip
V6caiO3KZg8VfmF87DNrww,oqbhVgliVJH-iRa3AnD-3A,2011-06-19 12:57:57,0,Nice cold brew!,tip
Ybwu3RshK0_4jetB1PDPjg,bbcm6YvVQR7Efj8_6zUBjg,2016-02-10 19:35:15,0,Be prepared for not so friendly service and a rude manner of answering questions. It's really a shame since it is a beautiful facility but who wants to have a party where everyone is treated rudely.,tip
brEw4I_oTwY_-BNkIKSMpg,AEOd0wRdjeLIXb1usSp9hg,2014-07-19 18:43:07,0,Will be posting pix next,tip
4_mUWwbwbYMyVgqVm6taFg,Vz_z-lbpV3luKf8-YilQzQ,2014-06-16 13:36:50,0,They open at 8:30am most days. Get there early for quick service!,tip
6jna5W1aqs4amKwBoCH2YQ,jHydJjohvKsK8Imh9f_Dwg,2017-01-29 18:40:58,0,Another coffee with the wife.  The cold brew here is really good!,tip
87S0AGlgY7HDU_KkTbMHHQ,YNgX5_SYHCXSoL9IMdVboA,2016-01-26 20:36:55,0,"Single slice with one topping  $3.50, side of ranch is 0.60 cents",tip
Ku5YMIVv5ZnSL8jKIKJ7lA,u6ymLCUNz0WQwsSIJ21BAg,2017-11-11 02:31:50,0,The cheesesteak is amazing.,tip
LkApm1UkqX7llqIKApcH2A,vAoOqMPwfw1vYNxEh5pPxQ,2015-09-13 23:57:52,0,Ok,tip
N1sp9wXLotuufQuRANhPGw,n5WLHgbSdtyTXcwkrzaj9A,2013-08-08 18:51:20,0,"Sweet ice tea, free refills all day, how sweet is that?",tip
RZLEy3x76eTtlYpi8De7zw,YLZ6XqKo-cixzMtNMHKEvw,2017-04-06 22:30:59,0,"A three way baked potato.. Potato, chili and cheese",tip
uwyebEV7uilKUPW8HuKvcQ,zjTBfbvbN2Ps6_Ar0w-fuQ,2015-04-13 15:51:36,0,So gooood!,tip
FewOog095KFPHUNVxCIncQ,tL4a6CqHGuAG4eahLh9Tsg,2015-07-31 17:49:51,0,If only the staff would refrain from sweeping and mopping right behind me while I eat. Dirty mop water really churns up my appetite!,tip
BonpbvUXknc-8aasAPzsvA,oU-vzdE38Nk6gAr4yDy6ew,2013-01-28 23:38:53,0,LOVE,tip
PAwPXri9S4DtR0lTg_Ffow,7ucIWFoUUYYuW1pGJcA6og,2018-04-29 15:30:26,0,"Good food, served fast by friendly people.",tip
c9_Y7oCylJ6tfdz8TQl3Tw,g2vD7sTD5Euhhn7q5Gba8Q,2018-02-25 21:25:55,0,"Staff and Dr Applebaum were stellar. Very happy with the care and explanations on post visit care and rx's. And no long line, there was one person ahead of us. They were all professional, well mannered and thorough. Since it was the weekend i was tempted to wait for the dr's office to open on Monday, but my Dr. pointed out they could do an xray on the spot. Well worth going here. Very satisfying and easy experience. When you are sick it is so nice to be cared for so promptly.",tip
ee2fA4D4sx_DvLvuIR5oeQ,Icu-z8o386uHuj0bB345Cg,2017-02-26 02:01:14,0,"I had an amazing filet here. Highly recommend, but make sure you have reservations during conventions.",tip
S_BD0m7gsYAHqBDqOK5EEA,TE64IAxANkdUu9OkRoq0JQ,2018-03-05 23:59:22,0,I think this stores closing,tip
qrP5lq_NM4Q2YGltjjX4Pw,ldr7iDtxFXX-q7tJuXqlGQ,2014-06-21 00:23:47,0,skip the drinks.,tip
70lE1kOeVGdWCSfLJOeT1g,IyjBKGdomz7c25NhtAjolQ,2018-05-02 17:29:53,0,They are closed on Tuesday and Wednesday. Disappointed. Should have called before driving up the mountain.,tip
oOWG98AolJo_AGGOmFpPiw,s-74t4aQKL2pWeQmIB-c1Q,2017-03-02 18:37:57,0,Nice decor. Service good. Food seems overpriced especially 3$ coffee and 4.50 $ tea.,tip
5Y5KbsI5buMcNh2hTFaRpA,lsGZzXIJbjrWtcFGLAW5sw,2011-10-11 16:59:29,0,Yelp Helps meeting,tip
cvA8vHPR0Gs0zsPnyv6JEQ,dN7AMKUhwTa4Kk0bdMRPgA,2017-09-09 20:41:56,0,They don't sell Tej (Ethiopian Honey wine),tip
M36aMuK9Pnmgb5g6KsJChQ,rPFVu8iYLeyvy_qhY4U-Hw,2011-03-15 19:15:05,0,I'm so excited to finally try this place!!,tip
nq_HpHfF1M_NZxfcI7VlvQ,eUoV6GeeP3GPm9Q3LK3apg,2011-12-10 03:24:23,0,Just great. Worth every penny,tip
X1BLV_L_kuS837Rt6o3NEw,uMyf6tfLnTSpi2LdB-R84g,2018-01-15 01:08:05,0,Try the Fish and Chip! Also the Scotch Eggs are delicious.,tip
ZY3qAqQe-HictO1pqyxUfA,cVOC5jLNpP78yf5kh-gx_g,2011-12-07 19:41:25,0,It was good!,tip
-2UC8Zxln1r4WpY4NIw9zw,_zzNQl6ImFw_B64cSdaoGA,2018-02-19 01:03:38,0,"Very friendly Staff, the food was great.",tip
oTxxmlv_fHf6XBgFi3yT0g,MiBsTEUaR6svmvGJnieVCg,2011-03-26 02:35:27,0,Tempura strawberry cheesecake is a must try :),tip
_ADnCcFfZrKuCUdv2SD-PA,oIA-gfxJAM0gjb0C39d24Q,2011-05-23 20:11:53,0,just grAbbing a soda.,tip
1IF53-X6_NxS9CbvtkkN2A,E48H5Zpw3ndlu7KLHGRyHg,2017-02-02 00:56:48,0,Best steak in town.  Great atmosphere and the staff makes you feel special.,tip
soE807MzRd16qyzb3pjmmg,EgZH_qXEQH_WJyNFgRaWDw,2012-03-22 17:39:48,0,Nashville fashion week!!!,tip
jPfBBjQuhlICZuDaRpx4vA,WVziAitDqKd45V5APWdB-g,2011-11-07 23:59:01,0,Chorizo etoufee...shut up,tip
nOjLLQFKUCLHyuKS6nTcJg,gwUJdtb5vdVEmpa75yPDsA,2011-04-27 16:36:43,0,:),tip
dGT0g7kHt9IzryiITiP2Pw,r4eDzodjjoxk79ydS7V67Q,2013-04-19 04:23:10,0,The wings are so crispaaaayy,tip
6UsMM-rKqm2tMju0RTGnOQ,cAuOcHxf2nzuTFIUsDfmsQ,2013-06-14 17:12:22,0,Impromptu lunch :-),tip
oE8Lu8fTBiTt7yp7j661qg,Cdf1-VQAUrp5hlT-rZzc5w,2014-04-18 18:15:48,0,Hand rolled chocolate croissants!,tip
e1tWToJw9y-aOxpqan7osg,0d1dpaZqcm7litFOJl7atA,2019-04-28 22:36:34,0,Yummy,tip
_gnnLOXFS-89LKgkrk7ypw,eCikDKFbaeYVNdCD2beX0Q,2018-05-06 06:58:33,0,Very busy place. Great for late night snack! Crawfish dog!! Very noisy but friendly,tip
bUfqPLXIZsCB55JunVK_5g,rCeVt_FTqM1yI12CD3a-Tg,2013-01-05 01:46:34,0,"This place is your typical urban hang out. Nothing to write home to momma about. Strong drinks, fried food. R&B/Hip Hop Music.",tip
daLdG7ML3psG0INpMC5qPQ,Qjib-PCjkZPyHOADAgPNYA,2015-10-23 23:04:57,0,LrL,tip
JgoVmmrmK0dwDUPyues49A,SYL6bNTsT9P7iNt3A1Cwqw,2018-08-23 21:41:47,0,The staff won't mention they don't serve food upstairs until you've already ordered drinks.,tip
xz3x8liFOUx1FbqYWOZDOQ,JjXEPAR_tf3VCdngVS9GMg,2012-07-06 15:33:27,0,Guru on sale for 1.89!,tip
aRIwtRfgPx4Acdfc_9Uh4w,GbhicapJjtXi-VL-OMA2QQ,2016-07-26 10:18:38,0,"A 60-minute session includes the time you talk to the therapist and undress, dress, etc. The massage is actually on 50 minutes.",tip
KAcwxzwWtJm-OfgjdjPYdQ,QTh-3Tj8FNe5wpWXSpabXw,2015-07-03 00:07:56,0,Friendly people work here.,tip
5A1n7f-V2tI30HoWF7vY5Q,_-XYJgVGrNMtn_S6nPm-GQ,2014-08-22 00:01:17,0,First time here.  Had a gyro and fried taters.  .  Very very good,tip
wdin9fDkG51Z7WhkfjnZlg,QN38TkkGzF5vB1urbvi5nQ,2016-12-27 03:12:49,0,Authentic!,tip
Y2dK_GN380uKkkAnb3hyjA,eBsi-A8Xazc7QPifTN8e-A,2018-02-23 02:35:17,0,Great job. Very fast service.,tip
JkNE5DEEIZf7LajBHwAeUg,wMQkdK2aNMvq2xoojC98Mw,2015-02-02 16:41:49,0,Great service and atmosphere but the food was just so so.,tip
iMcO4AxkXipfG1RUECL5vA,2CeOmfi_biYRZ6-AJSR-7A,2017-05-14 00:39:02,0,Excellent food and service.  I would highly recommend this restaurant.,tip
D0DZVavnscX9wG8Hrk-f-g,lCBLhf37pnkyZ-1MWNF3ag,2015-08-15 11:28:10,0,Over priced!!! Stay away!  Really not worth it!,tip
-F_g2JrGET9vwVNkFNN-Bw,7zA6VfZnT4eoPvmo42IdSA,2019-09-11 00:20:45,0,Worst customer service,tip
BqVIFPGFI2jjd49N7XDeNg,O27CuPoWPFbYbNM2s-4xSg,2018-05-31 12:51:19,0,Incredible food and customer service.,tip
IotO7O3kJn42t5AuOX00MA,-ad35BhAZvtgrccfWI2kuQ,2018-07-01 19:12:58,0,Cash only.,tip
nJF_WNBUZs6gZhXD33oXhA,1ig2AJg8A08_XA3pFAMiRQ,2012-12-21 01:55:24,0,Gr8 Steaks,tip
cigDxklpo3s-MBqdsv0j0A,bRkR1YBXijVpQaXqWpJfXw,2015-04-11 17:41:23,0,Everything is good :),tip
BuDPQcHMDvvFXMPdklm72Q,Ji8_dSNb9yYxXl6YWl9KVw,2020-10-25 04:23:57,0,"Good atmosphere, wine, and socially distanced! Will return for sure :)",tip
YLoKCkXqKzujUM2H4muJlQ,rt2QbQ3DqyLrwoXskidn5g,2021-10-19 13:15:12,0,Used them for a handbag repair- perfect!,tip
u5uHsKvv4foQ5oByT2gu6A,scZ4wwY8oaVH9qjzosb1gA,2012-03-14 21:14:51,0,Where's an iron when u need one,tip
WcQ01IBbW0ID01EE7bdH4g,XRkzSBTroG7kIdI7Z8ic6g,2016-11-24 00:06:33,0,Love the carrot soufflé and cornbread dressing available for takeout!,tip
PS9E676Br1yhGvsTjJ9rkw,rE35KDAIC_nIAhurQCaCMA,2012-12-30 02:44:09,0,"There is always a line here, and it's usually well deserved. Steaks are seasoned and trimmed well. My pet peeves: there is more toppings on the salads then lettuce and they charge a dollar extra to load your sweet potato with a marshmallow, that's an expensive marshmallow!",tip
nxC58RDdJMS_WaOpGkBzTg,bsDQPkHQ_cy7D6r2Sr-4ng,2014-12-01 06:51:19,0,"No Hot Water. Monday, December 1, 2014 from midnight to 4 am. 
2nd time staying at the Delta City Centre. Amazing front desk staff. Friendly house keeping staff. Hotel room itself, a bit run down, even with a great room view.",tip
uZ4aSRiIX8fjiXOcpUXrWg,Eb1XmmLWyt_way5NNZ7-Pw,2011-12-24 12:20:51,0,"dear tsa people, it doesn't hurt to smile or be nice once in a while and not act like we don't know how to go through security :/",tip
5AicMbBrs93tdQm0KSPJDw,Y-woMivHkCk4W3tTl1ktTA,2011-08-12 17:24:26,0,Really nice staff! Great menu!,tip
KkSFV3a5DbtAh5OyiksmIw,Xk6GSFf8KGGZ3cyYijwRcw,2011-09-22 01:03:22,0,"'Tis a pleasant place.  They've warned me that I've ordered a ""huge"" salad.",tip
AzHAE_MFdPGrBp4BwEPgOw,r-Drt9uX6Oob0iNKJoW3-g,2013-07-19 23:27:04,0,This number's wrong :(,tip
A4TzXaIaLRwi8AEWPpQcjA,lXCFcmhoRsyW-mnzzl6fkA,2014-04-27 20:04:08,0,"Our favorite spot to end the day after MOSI, Busch Gardens and Lowrey Park Zoo. We love the staff and the food!",tip
aGI_wfhcJ86DJ-67Lkty8g,irXywqvfXj9maLLOBQMYvg,2012-04-05 23:27:36,0,baklava is to die for. yay for book club mtg!,tip
sjxbZT1S75KO7kh-FMA0WQ,QRzaTTTE7QrqjW2GOQIrtA,2018-10-11 21:47:06,0,Service and food were so excellent. Love the location! Will go again for sure,tip
QKjeEV7gsd3-yM3zIfFA2g,vWjME92WddneF98IqzaNfQ,2021-11-15 01:55:37,0,Not a lot of food for your hard earned money,tip
s1E6Mdx6hgYE8MC4TNZMGQ,tvSeV5tst5W4-o5wHWIkbA,2012-11-29 12:53:51,0,Everything looks nice and clean,tip
wPQtVVoTrlCYVyJ3wIfpzw,LDt_M0pnRA-YxOidX5f4_Q,2017-02-03 21:51:21,0,owner passed away. The place is still open,tip
kgY-1_4UBY8J71uMA-Uvzg,b-XcM-IyX0mNDlGC41jrPQ,2016-01-15 18:09:14,0,Top notch wish I had known this place sooner,tip
O_55gqjLqCA6V5thXLQegQ,24f-qQokEN2UvBNHMWLm3A,2016-02-24 20:21:31,0,Excellent service and food. Great brunch...came with a free mimosa!,tip
UpGDs7RlbOTmKn4esE2x2A,xxvgV_6FrRzXPhpT8EWXUg,2019-01-26 21:54:22,0,One of my favorite places to eat a variety of different meats and sides.,tip
5f98SLiAUQ5tAM1eQSyMCg,BY-du320SIHBR9MYUrZSZg,2021-10-15 21:21:44,0,I had the Amberjack blackened. It was great. I will be back!,tip
kOXBWfYSrwKsiNalc5nR_g,LigHJp25YWNmv22RjhaI-g,2016-01-14 18:37:30,0,Ask about the specials. And make sure to try the grass fed burger!,tip
Og_y6Y_yPBzFktVu-GUvNA,YjLMWlHoBJHtYMLdFXfvVg,2021-03-23 16:07:12,0,Best tacos!,tip
Yq26k-cmFfnWqOd1IyyPmg,vSRdQJkcExJqR5l3QPmy5w,2019-11-24 16:00:16,0,Love their ice cream! So delicious.,tip
49w4if9erft8io12ziWQtA,hsU84UpInlNdejDpp-wNKQ,2016-08-18 23:41:06,0,Nice place!,tip
0Q1FC3rbRJeHIsYsqxuuww,moYBNw4iGAeTKpj79fkr8Q,2016-03-26 23:26:01,0,Operating hours in one of the pictures are out of date. Check Google listing times.,tip
UOSmwd126KJqfSYANOaovw,oxzQkW38yRDxn-6oUB9QmA,2015-02-14 18:41:38,0,Really good wings and draft beer!,tip
TBuboUsOjyZfKF8dsv47dQ,5LiLyIyj08vMAfLnXa8AEA,2012-11-17 00:51:14,1,Best Hawaiian Roll!!,tip
jm6zCII7rtT6y04csSUUfw,fhoqmnw5sXzj91-7yBW0Kw,2010-10-16 02:44:14,0,Don't go here!,tip
b3KM1i5Au2HhsP7ujuobng,8_qvuXiucAYjZhDfLNwupQ,2019-12-27 19:54:31,0,"Wonderful for wine in midtown, with firepit outside!",tip
NhynPQyIUPAHQWht9kr-2A,aUoMG97DMJG4nmwhT6z1zA,2017-04-23 19:11:48,0,"Excellent! Nice job, Steve (our server)!
Great Wellfleets!",tip
0ArE-6fdLH5I8P13OCjQzQ,jziRKhtHxeJPAPWS21jRYw,2014-01-07 22:44:56,0,Lord have mercy,tip
9WsvGXF84kqJ0IIg5l6pPw,duLq8r01gjdPNucyyaJg1w,2017-02-11 07:18:31,0,Still waiting on in Ice / and somebody to read X-RAYS 2HRS we are the only ones here,tip
84iamoJ4oX6osPgcCQ2ZrQ,SzSLKafTPOQzp3pfzPjEVg,2016-03-27 19:21:26,0,The sushi was fresh and delicious!  The tuna martini sashimi was awesome!,tip
-45jw1q3Wzwd73bXuX6NfA,m-yIC2eqc3KewIlhPedahQ,2017-10-27 18:01:25,0,Open up some cash registers for the love of god this continues to piss me off,tip
aYt6yemtPLX1RbX7UT6KCw,D1OT9vuepvXJrn5VDgm4YA,2011-12-31 18:00:02,0,Foggy cold day. Still a fabulous way to spend a leisurely Saturday morning. Beautiful organic produce.,tip
to__qSoh8vwrDknq-_8Wbw,Xvzf0ozJKZvAIb--rVN9JQ,2016-03-11 01:19:18,0,Great salon ! Love the atmosphere! Kelly cascinai is great love her to bits!!,tip
I8OwxzokObJ93NwBPXWgPw,QpyqdzfNXgS08Q2BFzjhDw,2019-02-17 12:46:54,0,"excellent service and attention, 100% recommended",tip
oxJJ0N82GFZeBCxBi6vH1A,tMLxlEWVqPMIhZ8wPpIp5g,2012-07-10 02:09:31,0,Chick-Fil-A no longer donates to anti-gay groups!,tip
rBxL-OHssOmoUwOBdBWSTQ,Rl42JbSMsmNW3LRjsTMYAg,2018-08-01 06:57:55,0,Share the nachos!! Very big portion,tip
vDpq2qZUp0vjwrEK2VRHLQ,6t0sNev22mcbvOB4gYVVOw,2020-02-29 01:44:53,0,Wonderful atmosphere and great taste!! Can't wait until the next time!,tip
-SoEvYuuZ2Q8Jnlcf9be_A,ZCF-HvfbITnNcaomqT5XRw,2014-05-15 23:46:40,0,Have a seat and relax. Good coffee takes a few minutes. It's worth the extra wait here.,tip
WKIW7tWyMq7_XN0V2ouo0A,99dN-202N0EzRqdaOA_eRQ,2017-03-07 06:10:16,0,Great spot to catch Mardi Gras parades! Check the routes,tip
JyOmSeBbpMgRX3OK3li6cA,-z0RlL4IaXa6ssgZTXPAwQ,2022-01-07 17:28:00,0,Great Jo's on the QX60,tip
z-4yMWsXLjZDxR3VxvAcPA,FrQvAPe4zxgR2IcsLjrkTg,2014-07-13 16:05:34,0,Get the peanut coffee cake!,tip
Clf0qdMGRof31n7B5_lYDA,yYwNi8Ul3P3JK605fVUlDA,2011-03-31 17:08:12,0,My home away from home,tip
qdOy1SaLUAORVQPJyjKOQw,_5YKKrnxZ60H_VqtX3k-jw,2012-07-07 02:55:18,0,Free pop a shot,tip
AaVhP2MWhU5ID63UpigYeg,gzMlFR9ViVCr_HUYPgqqVg,2017-04-20 04:06:24,0,Yummy pork shoulder and grits!!,tip
PEDMV_yM5nvqhDdCXzg_SA,j8feOxyJqlIJWOi8su2qzw,2021-06-27 06:05:30,0,"Soo good, love the calzones",tip
UNah5YaIPRZkjm7k3BalZg,HBRykmL1Mi0DZ9T9TATyQA,2020-08-30 13:51:54,0,If you need a last minute vehicle to rent out and the pickup truck isn't available ask for their van.  It's the same rate/price.  They should tell you that right away but they don't always.,tip
OlydvzaqW1QP4mBSTbfKkg,9V0LMtO1riRw9-pUuG4NFg,2021-03-04 15:54:43,0,Love their food and their service!,tip
c4gjYdd3u8vc8eE63xyCpA,_jMizEj8rRWEpvJnfqDDlA,2019-02-26 13:09:10,0,Aldi's even has a selection of fresh flowers to brighten someone's day! :-D,tip
s5qlwXum6pPF-ADEK5nvjw,RLlOK2fL6xU1sfIPiP2QBw,2012-04-28 17:03:08,0,Great bar and another dozen oysters. Also on the prowl for beat BBQ shrimp in the city,tip
SMwpRw05_GGKXpxhJL0OQg,H6Xs7cFxUe-WfINaL4mVyQ,2017-12-05 23:52:11,0,Love their food just wish the queso wasn't so high,tip
bNnybHi3m1sRPQD2fMHQLw,ESDLKMdkZ5MY8f53BrRfCQ,2012-10-13 18:04:18,1,Great deli food!,tip
qexgfkeIVmkRrtHcvrnIlQ,Gr6nYrQ_-3p4LcE4M84lTw,2016-08-09 20:18:55,0,Still has horrible customer service . Management just terrible.,tip
buB7GCC4cxml4Jhs1u-5mQ,fCDMLD21ypv1XZ_EyafCkQ,2018-08-17 13:47:08,0,Great food and great vibes. If your real hungry get the lechon plate.,tip
a_LyfloiWizHNo1VHbMW0w,pIjYZSGPqorSL77I4MaWvg,2017-04-27 22:11:52,0,Best place ever!,tip
XwM6sPOt_HB9TTZoyUdVJw,MptP4Zxq3ZLbeGB4cY772A,2018-09-26 01:53:26,0,"My husband love the monte cristo, they are quick with the coffee refill",tip
eL40tFd-zR3doqgoO8sdQA,q42148YbjrQxFaOH0avLaQ,2014-10-26 05:49:55,0,Love this alley!  You gotta try the wings in the house sauce.,tip
O3bUEeY8Lc4-IVJ7RCM9cA,MeMioeVFFYtFltwlkC_-pg,2012-10-24 02:29:47,0,The spin dip is great,tip
AmtkSv7hbcPR0Iilnyf6ag,HF8gKF3UDiSc94YWd03kkw,2011-09-03 21:47:22,0,Rib Cook Off shuttle location,tip
SLtbt66hO-SSVQp7S39spA,qCOr-SXLYq5zT9H7jwBB_w,2020-07-16 02:08:01,0,More sugar and sauce on the meal,tip
ectt5zA3c7NhgRdvzYJIVg,qrn9ARB1gyJgAULFEi1Z1w,2012-11-29 19:18:54,0,Just go here,tip
6VE0U5EpyatJATplyKt_EQ,E5HJqAUxzRuBaZUy034M7g,2012-08-31 16:53:26,1,the everything sillet is enormous,tip
0DFfV_M1NfZki5RELbf_Zw,3jm8wl6bt1sytsf_xH0l1A,2016-02-17 21:23:09,0,Bring your patience!!!,tip
mIkKE0hs0A2OISIG4EAS7g,QHWYlmVbLC3K6eglWoHVvA,2013-09-02 15:17:01,0,"$8 for one pancake?!? You have got to be kidding me, Datz.",tip
A1wbOetCB-E6Om4WuLJS4Q,bL1qAhdZX9a2-jbg10ccBg,2014-03-16 15:34:37,0,"Super place to stay!  Clean comfey rooms, with great views.  Also, they serve a great breakfast...",tip
KcblS8ypoV5mFhtyJubmaA,yjcIKn2T2QY_DjXWACsAFw,2018-03-29 22:18:29,0,The BEST movie goer experience!,tip
UtTSDy3kHlx-sZDEYh-Elw,8wrxLNNgLIaiMPN5Xc7nug,2013-03-01 00:05:28,0,Pretty sure this place closed a long time ago.... :(,tip
Ym9bClLm4BVtujNgOVIKzw,cwERkpnPopn589ugym6ucg,2013-06-30 05:54:36,0,Lots of TVs for all you sports guys!,tip
h7uFMK8N67at45ngpATJ-A,mpTKUG5U7rq2yYP7u3719w,2013-08-07 00:06:14,0,They have Yaki Soba noodles!,tip
yelLiiJQfMxk-zcrahuQlw,UZNmqlGoP21yt4hBfqCD0g,2016-03-30 23:13:28,0,Excellent food cute lil bar good atmosphere best bar food around,tip
KDJPQJM7byWe1ZXyygGaJA,eXcup4Ido64oXy079m1-EA,2014-06-20 06:44:32,0,Word of the day is NO!!  No to nasty  summer rolls with a piece of thread in it. No to the chalky pho noodles. No to the charred and tough grilled pork with the weird tasting sauce . No to the dirty ice tea cup !! And No to the old tasting banh mi. No no no no !!!!!,tip
qkyDoOJ4h6pmbWWdbdPMrA,s4QmperO7u5flVDhlTcC7Q,2012-03-04 01:05:46,0,This place tastes like Mexican food in Ca n Az. It makes me miss the west coast I'm so happy it's here. Everything else in Nashville sucks.,tip
gqRXyIYJUrj-uRFUjIbAeQ,wRRO7URS0Sdq5-BAkJRTBQ,2013-02-09 06:28:04,0,"I called, waited 20 minutes, no call back. I called the company and the gentleman said he had no idea where his cabs were and to use a competitor. SUPER PROFESSIONAL",tip
aEhYTfBJ-XDIdoYh7cIWUQ,PbunaXxpRE8sXGkKn5FFYw,2014-06-17 18:18:24,0,Wide variety of pies & pastries.  Try thier rum rolls.,tip
ChOm_0rFsyfm55wQE5D61g,_rVxte8rB9RcUT1uORHlhg,2016-10-30 12:24:05,0,"Great atmosphere, amazing food!",tip
AecE6t97JJRjuRVqFJbkew,MARw8RVOyKFWRABOXBGGmQ,2012-05-14 17:32:49,0,Everything from a box.  Worst food I've ever paid for.  Have to quit letting grandpa choose lunch spots.,tip
ooLcX8Ey8fMTB81tTpYpVA,56M2bwaaSzcmzr2dyEfYQw,2013-12-28 20:42:09,0,Great for family. Friendly staff. Huge wonderful subs. Homemade dessert and pizza,tip
M0qbefBNmdktBtG_80reGQ,JQz2Zybnodhpl6_zHZc1ew,2015-05-06 18:49:14,0,It's simply delicious,tip
CCTuMARlBuIxqbGDoHH_Kg,CCgn9tqrqojxs6knwwANMw,2016-04-29 14:24:11,0,The staff was friendly and attentive. The food and drinks were good and the portions were big.,tip
RYeY30XyjFQ7B4sITi8iag,VhUrcAhNu0vgdsjaOfN_Wg,2013-08-12 23:29:55,0,The regulars really like the ahi tuna sandwich.,tip
501fKdtLYOEHQ1Fni1I02A,8NyDM-FDoWEEeEG9XUwnbg,2011-05-04 23:38:19,0,AMAZIING every time yum yum oh yeah the bread basket...... Crazy good!!! You can't go wrong with anything,tip
d7D4dYzF6THtOx9imf-wPw,YINe61BI3QLAYsumGIdjug,2021-01-03 20:12:48,0,Everything in this shop is made in Sweden or Finland.,tip
yCPD5Uekp5j8upBbQ41RsQ,JzQsy7_G0p-UZGYFMCEHvQ,2018-05-04 07:04:14,0,Love every location! Service here was as superb as I've come to expect.,tip
NsqDhj79N8x5NamFCRLAsA,4w_TG6uA5bIxnC5tpkOb3g,2017-07-30 03:40:53,0,DMG!,tip
PE0KURIt7ksKy_shTUJG6A,qIua0jB42KN7txeSaZeAOg,2011-11-20 18:02:25,0,To busy here today!,tip
-E_PhlKdFED5NvqpnkLdLg,wqXxljKfGErIHz3LQfuQlg,2010-04-10 12:10:08,0,Enjoying some coffee in the Grand Room at Union Station. Very relaxing.,tip
aRWFbjlvslBpZkSqh0LsJQ,cyl0ML6y0jj8Jo_sh3M6Cg,2016-04-25 20:48:48,0,He fixed my necklace within 1 minute for free. Magic magic. Recommend this place!,tip
pctgUvk8c3bDpNZKiSB9hg,TD9NLum024l83vrsGFYFkQ,2016-06-05 22:57:15,0,Absolute gem... Awesome daily specials,tip
_MAW6TfENSZik8PKMKHoiQ,RS4epErt5vEvSCp-U7Or3g,2019-08-10 22:02:55,0,Place stinks.,tip
cec-0wfCpd8yJq5N3wRwKQ,Of3xjnH-jwwfZule44ihOg,2015-01-06 22:27:42,0,"16.95 Prix fixe menu Mon-Wed evenings with soup, appetizer and entree and 9.95 lunch specials.",tip
LEV9cg-X7MDk-APND2DVdg,a-Fl6PBagatwgYPYwxUpHg,2020-11-19 18:00:05,0,They are practicing safe COVID protocols.,tip
XwS98_rQ6nqeH0uiuRuINA,1feuZITxuTrl9mr7V11kwQ,2014-04-20 02:05:27,0,The gelato is delicious and beautiful.,tip
DfVs5GSvN8XX-YOmSa-iGg,tEzX0b0LDOIi_usDzp99fA,2017-11-26 09:02:34,0,Runaway.....Runaway!!!,tip
TI6y_dHf6hIEkgZfJ96bNA,RtkFGXuN53UdCQIyHbLP4A,2013-12-01 02:31:47,0,love it here!!!! amazing!,tip
EZ1kdWfqFVmNXWwO4zTHFw,oBNrLz4EDhiscSlbOl8uAw,2019-03-05 15:38:36,0,Not worth the wait or the money.,tip
hs9HYNgFw_aKlmv4E6X4HA,iBKpwHwfAP7RfTb05qYR7g,2011-12-01 03:28:12,0,Karaoke Wednesdays,tip
eS4e4ML7tiyrcQ5JjNgFPw,13K9W_wD5eYvwQhjkkR5vg,2017-03-20 20:05:34,0,Fantastic service. I LOVE my tattoo. Evan Nichols is awesome. Could not be happier!,tip
GhzLaT8IxX0fIIGc8SKiXA,C70aSng5_Rn5FGiDKCRAVw,2016-10-03 00:02:04,0,Food was acceptable. Service was lacking.,tip
tYof6zYVjUr5pkwLyxVjwg,W8YDBLJkvjVf0VUgXwE8VQ,2014-04-14 13:32:34,0,Eggcellent all around. Even opened early for me yesterday!,tip
a7sc7YcLxUHwJzO9HZ-wWA,Xr5ceZ5Gq7cc8YuyLYz2bA,2011-07-23 12:01:38,0,Ice coffee,tip
iIMs--XG4bKVI9V55ZUNbw,C96ynw3G1KrqBOdafxbTKw,2015-02-28 17:55:43,0,Located in the Publix parking lot.,tip
67Otl-iCUCcdHUbbDAVBKg,WY9oXOsoHwRW_Hmp-5RW0A,2014-07-04 02:31:43,0,Great place! Try the flat bread pizza,tip
QHe6AZcVABGmNUQK5ACPzQ,OWsEEVCKBBSfVbzY3lXd1Q,2010-07-18 13:18:37,0,"Only accepts cash, not credit cards.",tip
19druQUfbjgyg0DZxLMnHw,UWOmb-ojD9xUaHI3odOCng,2021-08-28 21:21:05,0,Slow service,tip
OFP0z3yGEkML92kzL0l-Mw,_mBYYm2topZlC5oG5rhvaw,2018-04-06 23:36:38,0,Bbbbbbbnb!,tip
RCeLEq0piEvOFS4ltzWn3g,Nhci37qY0HPCNWc5UQul9w,2012-01-06 01:32:26,0,Family dinner!,tip
piAZcrkS1Q_DOV7NjSoSMA,AEgaEEWNGuXWBHUkf_fN3A,2012-09-04 14:15:31,0,Not a real Starbucks. B&N version,tip
juigu8XxwzLAeikeBzULbg,pY41eKKU13c60Wd9aUP6Ag,2013-08-13 23:40:08,1,Cool haus! Brown butter candied bacon ice cream sandwich,tip
D03upeuF2ujZrkOGvG9S9g,K0oRQuRcTkrS-sQlfH5JMA,2017-04-24 21:41:59,0,For those who don't eat pork - The twice baked potato comes with bacon and is prepared in advance so cannot be made without it.,tip
_mkcrXRSnDhmCVPU6QUKTg,1wC41D8PLqOldFPUVAZ3tA,2013-01-31 03:44:19,0,Super loud music but great service and quick food,tip
E9PahDcc6o3F4TDBFrzpmA,VWL9UqAKfyvGeb0AlOTusA,2011-12-08 07:07:26,0,Green fries,tip
LqVe5WIDbcyN4DP_Qw6SPQ,lTlii3QHEVvsagPGsCtu9w,2014-07-18 22:35:44,0,Try the traditional dishes. You can get Americanized Chinese food anywhere else.,tip
I4BbW4a19h2IItNOoToDgA,FzHVtXe8-3fFclRBUI9YdA,2010-09-10 02:06:02,0,Massaman curry is best I've had anywhere!,tip
ixtKgePFibGVpyMrPogstg,u858IdTVc8Np_JHXS8JImQ,2017-10-31 20:11:52,0,Today only (Oct 31)- dress up in a costume and get a burrito for $3!!,tip
vMpZl-GxPeJAiYzZjxex3Q,mfTyBrvx9uCTSPjmrl8PjA,2012-01-20 16:09:19,0,Still here.....,tip
TFN3KZqfhMfikiDGORZVlA,4IMSkfal96Ik5UmoAMohzw,2019-10-19 08:58:18,0,"There are different areas to lounge in, the owner is very friendly and there is an awesome selection of spirits available along with seasonal cocktails.",tip
-B-QEUESGWHPE_889WJaeg,MX2YGruhd0sMNHZGK7p5-Q,2010-06-11 02:42:46,0,"Thursday night, seafood buffet, no corkage fee",tip
M8TWkS7ytVom72Z3kOFReg,Xit0e7j_t2Sl0-sx6Fq-BQ,2017-01-24 17:11:05,0,Been here a few times. Really decent food. Always clean and large portions.,tip
W3NWu_f148DVY-rcnbYtkQ,f8Byv8pegvus-Wud_mf0_Q,2016-07-24 19:52:02,0,Great Greek food. Try the grilled octopus!,tip
pbCb0Tz0KQ0kkgaxzhWhoA,Sm3LFPwOdn975HvcfrqDOw,2014-08-14 19:05:10,0,"After 2pm, anything with chicken is $5.",tip
Ase_kJIYuT6yOsqqVPuWUA,ZVEZPj5E2Myyks4duZSntw,2011-05-13 18:03:20,0,Nice atmosphere!!!!,tip
N9hqTPQu2bmI8c2Pj8F1ww,8yZzf0gdWpSmY6ziyq7hKQ,2015-04-06 19:53:54,0,The only place for authentic Venezuelan cuisine in philly!,tip
GvaCiao2fnvjAbOIyV3DCw,zFJ9Tn28X9YAjQcI1EfsrA,2013-02-16 23:50:45,0,"Thanks Yelp! Without you, we would have never discovered this gem... Crawfish Étouffée was to die for!",tip
cYVe878HtuvOW3aeiFEOMA,0BTyvVxvayjOX6y10qIvtA,2020-07-23 23:45:12,0,"Great beers, nice outdoor patio. Great service.",tip
DyriRhK5lHZSnka--Nop7A,mUrZm3si8_P3uQyCiOPe9w,2019-05-24 22:13:35,0,"Went above and beyond for my Son's birthday. Highly recommend, would do again.",tip
Lrk7Q6eJcu1nyDdW0SMiKw,4hdSKMhViv3knwCF9auwYA,2013-12-04 18:04:58,0,beautiful fall leaves in the park,tip
8VVl9sfXrvHgsUJ_rcrgeg,r694J7D8YhKpnDHQ_BOyAw,2015-12-12 15:04:27,0,Love this place! Great food! Great family atmosphere.,tip
rIGU0h70QMIpVK4QULfxsg,h9tUG_bLdX30YAED9q0Fsg,2011-12-03 17:47:45,0,Today the,tip
w9aue9efsgL4XwRtdV9mPA,DNkz1z53dS2CUUWI1Skg2g,2012-05-17 15:44:08,0,Now this is an organic store!,tip
_KumJImQezGwd5TBgmCgRQ,beoFw6hqFy-8ArV6SkZQPA,2013-06-10 00:18:30,1,"threw away a good umbrella because these arrogant  assholes can't be bothered with it or posting. sign.  Hell  with Nashville   I have never seen so many rude, uncaring people.  

They really just wa t to rip you off",tip
sjULL2aIZ4Zv1OMYbiN95A,o7_snl_f1dpJSK4WMN6c6g,2012-10-09 19:28:08,0,Don't forget to ask for your discount.,tip
qurzPWeTFynUE3UWy2ewJg,6Uvvu1hShrQ7-tZ6oxi9aw,2014-05-02 00:27:13,0,"Tip: Bring your own avocado and chips from home.  The avocado will be much cheaper, & better tasting.",tip
PqWAqUHv12DHw7dLwcxeIw,cXm3EXarmMkvcoEwQgqilg,2015-06-30 20:03:22,0,off the chain !!!! some of the best food in tampa period !!!!,tip
AVjnWX2F1VWEpkS0GMEGXQ,w9grvGu-5bHNucOeReHzfA,2016-07-02 14:36:25,0,The best part was the free biscuits and jam!,tip
G9GTowOt_n-zPECkLYmOxg,OaGf0Dp56ARhQwIDT90w_g,2021-11-12 23:48:01,0,I love this place! sooooo good!!!!!!!!!!!!!!!!!!,tip
-G7Zkl1wIWBBmD0KRy_sCw,vYHA67eLQFEkyUNTfm2-JQ,2014-01-15 19:03:05,0,"Man, this place feels ancient.  Totally a breakfast/lunch joint now. The Country Store is no more.",tip
s_bq5e85L55VpFQ_I-Tj_g,q_Fz0dpY2n8TMESpn5KnhQ,2016-01-23 20:26:23,0,25 minutes and still no food. This is ridiculous.   I sure hope it tastes damn good to wait this long for a sandwhich and soup.     Not sure how much longer I'll be waiting but the time on the receipt says 3:00. It's 3:25 rt now.,tip
Ase_kJIYuT6yOsqqVPuWUA,9hA18iiYFinn5hMVvLHRWQ,2013-11-06 01:24:33,0,24hr study room in the rear of the library (accessible from rear parking lot),tip
qTR0K7rrRMlM_-o8IqT-FA,PNVbv2kyUIHeJTDPis2gRg,2020-08-08 02:04:24,0,rude staff and food is below average .  Very  expensive for mediocre food.  This location is not what used-to-be???,tip
Bz_mN25-fWn0VS2lydTABw,EONd-1BeBm04FBLvWe6KMQ,2021-07-16 23:46:38,0,Awesome Burger so good I ate here two days in a row yum,tip
5OfCQDtwqKiYAcsi-NABjQ,-1XSzguS6XLN-V6MVZMg2A,2016-01-01 04:18:29,0,the gumbo is a MUST! I normally am very picky with gumbo but geez!  the gumbo here had the right amount of everything ! Not tooooo tomato-y like most places. Didn't have to add any salt or anything! I'll let you know about our entrees in my review!,tip
G8Va0ei6VWgxfTBysobxxQ,EmHXLffnzvntWzO6Ba3Atw,2014-04-05 01:03:51,0,"Get your Italian cold cuts here: prosciutto, pancetta, and soppressata (Citterio brand). Legit. Less expensive than every other place I've found. For example:  Prosciutto di Parma at Trader Joe's is 4 oz for $5.99; at Publix it is 3 oz for $6.99.",tip
AjRB7Nvo8YD8-NngLDD3FA,k9CwhDTFoInTVUvmvYKZPg,2011-11-05 21:50:04,0,Buns,tip
dqucQwA-CHWhUczwqIxKKg,Ir5e0r9HM798lqIYP1D9nQ,2020-12-06 19:27:24,0,Tommy is a great server. He is so attentive and accurate. BFF And I will continue to ask for him,tip
cjRgbbMqgDIFv-EqrgKD-A,w2O0CQ_cIeje-5VM77SR0g,2021-06-26 02:28:00,0,Cassidy is the best server!,tip
Kp-p_FxKVj5me_kEhFQwSw,hC2OW5R-r11dPF20f7HanQ,2017-12-12 00:57:13,0,"Get the California bowl with shrimp, you will not be disappointed!",tip
__QLyY_W06q10ZfBQg7Dcg,zjLT8ELDYxxknQ9ZLrl6_w,2015-04-19 16:28:53,0,15% off your meal when you check into Yelp!,tip
hBEYo4aJRsUOGGoOScvJzw,oH-V_qIIUR3pkpOasIteoA,2013-08-21 02:07:54,0,Like a clean Walmart? Come here.,tip
TzIwO7l8gWEEKCXWT4Gjdg,jKTWcdyXPw_cGUp9fKqapQ,2015-08-14 01:20:21,0,ask the staff for details- they care,tip
OHnJGSfU5zpWMVX9_k1g5w,fpvcFLo6A5S9b9pEVGjB7Q,2021-11-17 19:40:40,0,Go on a weekday if you can to avoid the line that typically forms on weekends.,tip
2j11-Ze30-s7-ssePToP3w,Q0YI-_ibOQ-InmG6F6fy5A,2015-04-21 18:15:40,0,I love this place. Best hoagies and priced great.,tip
vzCuVbntoyh9SE16PZw39A,EYw42-YsnMr0pbqM5YXRxw,2014-03-04 00:13:34,0,Simply great burgers.,tip
qZOYrfKgbpFLi8rtVxA3Rw,tMUA2eajVUqrU8tdA-DvnA,2021-10-02 01:57:45,0,It's really good food,tip
6FW5dETGd9Lf_5n2G44IMw,8rqwDuBus44caM9fPp52ww,2019-09-26 01:44:55,0,Very cold beer and awsome bartenders. Should i say anything else...,tip
1pzP58PeWictHQzctMU0nQ,k8hFz4Gty5dHlDV4Wt8FqA,2021-06-12 15:04:52,0,"Outdoor seating, no indoor seating.",tip
e3jRoXet2_o5gT0bZdHAMw,q_PFmdGcKx2H7z2ze8H26w,2016-10-09 14:53:21,0,Absolutely the place to treat yourself. Sandwiches and desserts amazing.,tip
n-_wD3k6Np8T5jxc9NojuQ,xk2BZOP5CZfxyr4veOgSPw,2013-11-25 21:25:57,0,Come early. The wait times aren't so painful.,tip
djwlML2_4vA-zrDz1_NZXQ,RhBsbZ8N_bSH-jD9X9FFZg,2016-07-17 16:28:01,0,Fresh juice bar is good. Love the Kale Tonic,tip
9eOjcTlE616WyQThj8SJWg,3KzUsDyQVNCT7sTALCr2eg,2020-08-26 02:15:38,0,"Best fajitas I've ever had, and the people were extremely nice!",tip
xuTQr1XpEFp4XMH5oxwikA,WN8wJ8PiBcfSPVWtZZhZfA,2013-01-06 19:46:16,0,"Awesome place. Good service, good breakfast foods.",tip
LaO8xZB0XNoRk7OVLqg5iQ,2XzFPPhPRa-hMzCO0UClnQ,2017-02-14 11:52:31,0,"This location has never had staff who know anything about the merchandise or proper matching. I go in there ready and excited to buy, and the girls can never find my size or the matching item to whatever bra/panty I have picked out. On two separate occasions the workers told me they couldn't find the whole set - yet I found it myself. Then they grab random colors that don't even go together and say, ""Here you go, these are meant to go together."" Umm nope. Not the same color or lace or style. :/",tip
27M0B4ENG7sI-Z2gCuqANA,R0JUjyjGEzUlY3auVhY_tg,2015-03-28 22:34:49,0,Cool place to bowl and drink. Tots are on point. Waitress was attentive.,tip
35YxgcvIr05vEeX4BYpIVw,QdER5KjucCVtOXdU1g7kpA,2012-09-06 16:30:25,0,Thought I didn't like pickled okra!!!!!! Oh but I do!!!,tip
i4kbT_mM59WjhQ5wfizu8g,guL3EuVNI18uVYGuK7AFtA,2011-03-04 05:11:42,0,#148 on the menu is yummy and cheap.,tip
r84WD__wW0mZbUP84NJ1xQ,_L8_8X1zE9FcNTNZ6Gzntg,2014-05-27 00:43:36,0,I love when they have sale's its worth it.,tip
wM7G2F5HKi62yvO-HM51zQ,G6N5IuqIwCbLeTjWkf1Dzw,2016-10-08 04:43:04,0,This place really treats you like a king!,tip
Gq0lbHavNsF22OqPCAIAEA,LZzDvgfpkd4nI3E4L9wF1w,2013-01-13 23:47:35,0,"A great hometown favorite. My favorite restaurant anywhere. Today I'm trying Chicken Mole, Carlotta Style.",tip
VMXnJ50skdSAlfbHF-Ludw,WOdqMURCc0CHXUllPZwpqQ,2017-01-23 00:32:52,0,"Wonderful! Interesting food, great room and service. We will be back.",tip
KvMXxHOWYaFqsAz9R9qpXQ,2BMk_drsikKWslJCXmQtjQ,2015-11-28 15:27:35,0,This is our favorite breakfast spot in St. Louis. Love there Bloody Mary,tip
IOCCsRmXmVaRWO1oE3mvow,TqCKiDAs6r4GSo41QHlCHw,2011-05-28 16:09:09,0,Love those pancakes! My favorite breakfast in Tucson,tip
8Y48t6s9TadiWum4gpryZg,lFYqN66bnwx8MiaIAtesoA,2014-04-14 23:43:52,0,"See the bartender from Westminster, MD. She's nice.",tip
WTe39Xsfn-veIw_5BPmyvw,EJIJ-QFdKRiPypfoPAVNBQ,2012-06-04 18:21:18,0,Their Sweet tea is delicious.,tip
zvPN8ttNXccfnBjjnn6lDw,hXvf5a798WvQtFn0Zbh2yw,2013-03-28 01:08:25,0,"If you like terrible live music, gay jokes, and shitty atmosphere, Caddies in St. Pete is your place.",tip
ck0StQUr4oFW0ZvwCGXmwg,R_u4QTal0d5f-FHr7BUXcw,2014-10-02 22:45:16,0,"Good food. Quick service, and attentive wait staff.",tip
YsAZtYwoR-WDzUcKfB9xaQ,2EWsaJdeedx_-my5fYEg9A,2018-02-04 03:55:44,0,"Great aps, ramen, and service.",tip
oiVRu8BHJwuLImWEO0cFPw,Z3xscDO1sMReiVfg5pnn7w,2017-07-29 00:31:20,0,Parking is only free if you get the ticket validated by the waitresses!,tip
EtwnrL7v2MydEDfCMc2JjA,SLwKTGRk4obtmK_WPjwlGQ,2012-11-12 02:10:02,0,Incredible service!,tip
AGNUgVwnZUey3gcPCJ76iw,kYarZEB0hExQ6L9rd9Kq-A,2011-10-11 00:52:30,0,"They had several dog ear cleaner options.  I bought the one with the most natural ingredients list, which was not the priciest.  Nice.",tip
hazFjLv3rVO_9V9wSQ55Gw,XxBMO0cbwmHPhryIY6mllw,2019-08-22 20:12:02,0,Starbucks is right across from the Front Desk in the bar area.,tip
wvPZT_65WuGr9wXG3GibfA,kLS3Sth5HvO0IjrXCCvXxA,2017-05-31 15:59:22,0,The bathroom passcode is 123456,tip
VrzxpUowLmSCkvmauwYmgQ,oGDGlUbOjHxmmCh8ZYcDCg,2015-05-31 02:00:48,0,Amazing. Get the Brussel sprouts,tip
2nSOCo6aLpz98WRPabmhhw,0qu0fNTOsSmuREYVIMPuIQ,2010-12-13 00:03:07,0,Always an amazing Sunday afternoon stop...,tip
FXwOOId7cZ47qB3xhTVZ5Q,EqEcDeXqIq1YwnzHg_ZUFw,2011-01-03 01:18:43,0,Try Crema di Digital. Mmmm.,tip
m9_VVE866T6fMQWtSUE4eA,FPvwaSdVk5dN0Ya_FB9qKg,2017-06-23 23:14:41,0,Theatre 1 does not have reclining chairs unfortunately :(,tip
FeBb3IeQUfOANp6oN89ZEw,1hRBDT7ajCL7u73SulUP0g,2016-04-11 18:49:37,0,"Also saw the general manager smoking cigarettes outside at the picnic tables with 4 other employees, leaving just one inside to make my coffee. Poor & unsanitary management skills!",tip
-rBMUsCpWE3103q6ombunA,M69YfpKhw4UWniYR6Vukuw,2019-01-06 03:19:05,0,Try the hot pepper to add to every dish! They hand them out in tiny packets when they ask if you want any sauces. Very unique.,tip
UFkwap3EEl3z-kH06C42IA,BOq6aYbFAyCYNv_7O2mIMg,2017-04-01 18:53:41,0,Good steaks. Tasted like the Seashore,tip
W2hVuWsugiKoCdFC9AKkiw,rU8HgGMR8Qd8_SkvKANdEA,2013-02-03 03:23:13,0,Great food and service. Lots of fun,tip
sbAD1gbfLfdT2N3V5bDjDw,hkO3q6VyMNn7BYUkqgdf2A,2018-05-30 14:16:38,0,Great food!,tip
8UFFoBGH_s5wHU79Ti7dRw,ReX09lhufLTAx19krkltDA,2013-03-01 05:09:26,0,Start the day right with the Flank Steak Scramble and a Mocha Latte. You won't regret it.,tip
8F40CcWfYuIh_vaP0Ca4cw,2FnoLyEO0nq7g2Wz8x7Z5A,2013-01-27 18:43:36,0,This place is very unique.  Process is simple and yet modern.  Food is done per order and looks delicious.  Check it out if you're in the area,tip
bS8HNq9bzOpYNjEp7Aiywg,ooUI-JC2tu0J-vavmOHZYQ,2013-12-17 01:46:12,0,"Ask them for recommendations. This is family run. They love their food, are proud to serve you and want you to eat well.",tip
c5fo2Kx5-WOocpf8RaYWOg,OmJnaVUJH9EVR-TYldv4JA,2012-01-01 01:30:22,0,"Yummy, yummy, yummy!! It is a must. Great guacamole and margaritas.",tip
V3ExF_cI4sU_TFHGj8pVXA,0AQJ-QTu7GtxaP4SoD07yA,2015-10-15 00:28:09,0,Best ever and I am a snoball snob.,tip
usgiMpz4D4TtvCDiTOa_lg,_4AA5f1GhFkBr8mQFkuWug,2015-04-25 01:13:37,0,Bad ass bar ..love it good time here,tip
xCCiYAO-zCYpJdE91OyQjg,_vZSIIqBsw_IUmxqNVOALA,2019-08-06 20:40:39,0,Avocado toast for the wine!  (The coffee is solid too),tip
hJPTuggjKM9-iJQyMOY6fA,J6vgJaDdpf2NdJeve3apxg,2019-07-02 12:42:41,0,"Food was delicious, but service was lackluster.",tip
i6eYIZdSB3mV4kF6ZKUyBw,_mf0QKI1Jlk8zRinr-56FA,2015-05-21 18:26:47,0,Great customer service!,tip
NXUYqamg1hKTGfAwVrdgcQ,42BmFLsm1YAommyVHYxV5Q,2012-04-26 03:07:45,0,"Delicious meal on the patio. Veal for her, meatballs pour moi. Can't go wrong with anything on the menu.",tip
e9o91iVXOPZgqkMy1RRcXw,QXhz1WdX-MufXzzXUvqg_A,2018-09-03 17:26:18,0,Friendliest staff in all of Boise!,tip
rGEy0gJ8TskuRUEDdX9hIg,Y48swatqDZVRbWy16ecR3A,2012-06-06 01:04:20,0,Queen Extravaganza show!,tip
eo-2OFMSHLfsm8Wkd7Eo4Q,utUdOwhOK7bnleFIT8lxpA,2013-05-24 01:55:58,0,Bring cash- has ATM.  49cents/ounce,tip
I9Qscn-UTiYF0fjnsUw4kQ,asuAMmOFQb8KeKEU7bO0Rg,2011-08-14 17:54:47,0,Roxy Lacy is in the house!,tip
-Qvcv-wzYsWrgYyNkwC3yA,LbhraX3qY94g3Xn2Havbpg,2012-03-10 05:32:45,0,"Go to the ""Nugget Diner"" and get an awful-awful burger!",tip
VMoxM-6VrYaMJaIg86L-TQ,EeuGoDA0NeE_iPNFAU7Qxg,2011-08-06 23:23:35,0,I know I'm your hero.,tip
LNL81L6gVC7AMoPA09Kb8w,LNTg69EREH0vnMgh-lx8EQ,2015-03-10 14:10:37,0,Worst experience and will not be ordering for this location ever!!!!.,tip
-b9zQptk-3DgOxl92o2dsA,q2FkEgZpw68SzKFaHGnwQg,2014-12-14 23:16:29,0,Big portions for a good price,tip
wWh6aOznnr1oLFN-Z9BoFw,gGyqnAlpFrka_qzpO7j4lQ,2010-04-12 21:32:22,0,Yah,tip
9pou_CUl8OYBc1e9fDL5aA,hkh5iyDeGLNhu-JUQFRE1Q,2013-05-07 13:37:19,0,"If you can sleep through loud noises, get a balcony room. If you have a little more trouble falling asleep with music blaring in the background, I'd say ask for one of the inner rooms facing the courtyard. I was on the 2nd floor and it was still loud, but a friend stayed on the 5th and didn't hear a thing.",tip
8hKmBaA8oh02L5CoeZL-Iw,WXgV2lOUgas7DzTLeDau-w,2014-12-07 18:45:57,0,Great oyster taco. Salsa was excellent. Go.,tip
VYPkzfD8HAims9BAqQ9HUw,1Ggw9DE7s9h4q9sRo-f3oA,2014-04-22 11:03:44,0,The crab ragoon actually has crab in it! Large portions of every dish as well.,tip
Yg44Nj4660-X8x2d53CWJw,D44IBRDtEScaWELey5IfCA,2014-08-16 18:32:05,0,"Grilled chicken options are limited.  You can get. Pretty good Caesar salad on the side instead of fries or tots if you ask for it.  It's Southern food, so you can't expect anything that resembles health food, but it's tasty.  The bloody Marys are great.",tip
1eqy55tfazEXqDvGq2LDFw,Va63XVd0flJPxEGBGzAswA,2011-02-20 17:24:14,0,Bridal show,tip
-f2CJnyrhFOi0xSKmNEsKg,56M2bwaaSzcmzr2dyEfYQw,2013-06-24 16:36:43,0,"Get here before 11:30, or stand in a long line!  It's that popular.",tip
GLeYLidXfRqN_Z4ItatwZA,LgGqdFLD7-ca0Z9F_q4Fuw,2014-02-10 03:23:05,0,Love the lobby,tip
j1iSDulRpTvKD7Sj_OPxsQ,Gfegg1vwKJJo-EfEujQ-nw,2018-12-15 18:52:17,0,Cash only. It's a dive!(don't expect any frills) The staff are super nice. Smiling and smile back.,tip
E1nPNs0uBHXe2Mb9zxXNXg,xBukEVM22gDG_7-Uh6zkqg,2017-08-06 00:48:14,0,Great food and. A good time,tip
7S8qTSOxCY2e5HKDnuGpsw,H5ikYl_6fTQZCmAk9_NWMQ,2013-01-26 18:57:49,0,Won 2012 Angie's list Super Service award for both interior AND exterior painting !!,tip
xohHjGfHESTJLltPWdt68A,6uT6Py3nhuNuEyMJ_IADZQ,2012-11-11 02:12:30,0,Great menu goes along with the great atmosphere.,tip
Rr4cLb6Go91FT134o6RsKg,4hQxm6xckt0EGqfAGzQDyg,2011-07-04 20:11:07,0,"Watermelon margarita & Watermelon beer, yummy!",tip
i0C4bhHjTVaAMKvz6G7fOw,ptL0bCrXmOiL1tfe4g6TQw,2013-04-15 22:50:00,0,This place smells so good.,tip
3YhG4h4Ok654iVfqdmkuRg,Rv0wpRn_7VCq14zXpIbtWQ,2017-11-14 12:32:48,0,There will be no ski season this year (2017),tip
1k0eN0BsGkDw4PKnpxTAEw,yt-vyv9zDxMyFOUG_v30cA,2017-12-08 11:12:29,0,The atmosphere is nice but not the owner,tip
hNxb_qUauWQYfUHHSr3rXA,TI3Rydw47yBMzY1oW2wJUg,2011-01-06 23:54:05,0,Espresso before 5! And its worth it,tip
5Y5KbsI5buMcNh2hTFaRpA,3iSRhLUZfZSlLaQw-BzloQ,2012-02-01 02:23:16,0,Bengal and Bobcat,tip
u4V9nepWcm198XqGk8yDCQ,ut45DX7-QaOWLzYRlBSbGA,2014-06-14 02:57:07,0,"Only come for drinks! Amazing drinks love they're lychee martini and ginger, coconut mojito!",tip
LGBsIlf8CVXeofqFVKCAcQ,ZewWa9_enhTY5XDiQha_cQ,2016-05-17 17:58:54,0,Make sure you make a reservation at least two weeks in advance and the kids would love it to,tip
zz68ED6s0WJy_mlUgXvWVg,2oJEZAxMIt9dGwap1r6xAg,2014-12-31 00:21:34,0,Reservations recommended on even nights!,tip
dpEtyfB2o7MH1Mc_Ygoolg,4bOqibZuKDbnOa-K0kM4Sg,2011-01-25 05:54:24,0,69 taps. $3 pints all Monday night,tip
K1NJ9-e8ANaGx2vwUU4VEQ,4gyjrSazXr3JNTvNYOJJBg,2021-04-03 16:00:51,0,Sunday Ritual. Everything is good on the menu,tip
AuCVv6eamuqqSWiBpGlxlQ,h2m9i4SbD-6zg4JmwVEpvA,2011-10-07 19:11:24,0,Hard to get here- construction 10/7/2011,tip
SqUfjn_BLUu8cNze_72kxw,lau2jbBCG3XohoAvCRIm1Q,2017-12-04 01:05:12,0,Sign up for pizza club to get coupons weekly for $5 classic pizzas,tip
39iq0KGR5vRglwx5cC8-rg,_RCzdZusJRVKNozFSTe_UA,2019-08-28 15:58:54,0,Geylt You Some Of That!!!  Fast in and out...  great results!,tip
d7D4dYzF6THtOx9imf-wPw,_aKr7POnacW_VizRKBpCiA,2018-02-22 05:54:11,0,There are not vegan sandwich options on the menu.,tip
ZTHZsP7NSnc3Csje-SKNyQ,838bEDzZSPveDkAGrhVWYQ,2017-03-12 16:25:38,0,Make you check how many items you order for dim sum and how many they mark -- I have caught them marking more than I actually got!!!!,tip
-Tg5YTEMbnYw3fQN99xKCQ,mG-JcnRZCAYfznkxhiClkA,2015-02-14 02:27:15,0,Drinks,tip
lhU-EKaW2YUhxwCktvC27g,iwXMgCxQD0CVFg1T7y4gng,2016-02-14 23:16:23,0,"I love their Korean spicy seafood noodle. They have a huge menu for different kind of Asian food. Korean, vietnamese, and Chinese.",tip
Ev5nkJtM8-gnM0OXVHAXHg,FVxo6PKyPgy5C9iOY_s9eQ,2016-06-03 17:02:20,0,"Love this place, gave me a great cut and trim :)",tip
s53-dwWE-pFaSeLdof_tYw,So7zmdKyV9tngGnUBap9Rg,2019-04-17 23:02:06,0,Great barbecue sandwich and onion rings!,tip
g97F6M-cifMBet4y7fdy7Q,_aKr7POnacW_VizRKBpCiA,2012-06-07 19:21:16,0,Got Pastrami n chicken shack. Yum,tip
GWCndVFSf8KtroO7EWlZgg,EagkHaaC-kUozD3MPzbRIw,2018-05-25 18:22:17,0,What happened to Stanley's impeccable customer service? Don't want to split a ticket in half? Asking to vacate your table IMMEDIATELY after you complete payment? I don't need attitude from a busboy. My loyalty is diminished.,tip
kOG9KvVJ3A-FvNx5WILuwA,wHkYLlZyPXllrQRlvidUlg,2011-10-27 18:37:25,0,Great pumpkin wheat beer,tip
7tHVXijJa7OlraqMXtE6Gg,-ygugwY5-_bYrOwN_jo9Ag,2013-12-24 04:05:56,0,As a last ditch I was starving and ordered a turkey and cheese salad with roasted garlic dressing for delivery tonight and was pleasantly surprised. May have to give them another shot.,tip
-FxsSuwDbIII7yo5BjHpiA,yYaAvknAAKQyZiW0PdkUSA,2016-10-03 21:53:50,0,Their ice cream is from Sundae's.,tip
5-9omGOl3ETmf-eOtQDzsA,ejkdLO7VtD9AgFaey7MMuA,2011-10-15 19:36:14,0,Great vibe good food,tip
QCW4r-GEI4fQdvv0h5fAVQ,4xsJN2FuB94w9rMoMo6XFQ,2015-02-11 22:47:55,0,Good beer selection. Need music. Weird....,tip
UCMg1dBvqwLNeJVzs2QARQ,g07R_b5AIg30pst1enaZVQ,2014-01-19 04:45:45,0,It's the best !!,tip
mu6lIsTgQuRvtLZHiODydw,ww3YJXu5c18aGZXWmm00qg,2018-07-08 13:02:49,0,"Amazing, that's all it needs",tip
py5Mf87WjNUTnTTdADPnmA,omWpYUw3JyoZOAHl2EeXLQ,2011-07-21 22:38:50,0,Try the Habenero Lime Chelada.,tip
bFwGgwe61VEWWq7vGh_4Zw,MdqvcsCUSig-0ga4ioxn7g,2018-09-21 01:42:48,0,Their beef burrito is YUGE and delicious.,tip
YYDutIcIFzQDTGGUGhHdKA,BMKJ3JyD_r_SQ1JXAzo1Hw,2013-01-26 01:19:43,0,Just hanging out alone tonight.,tip
EdHLoZf007yayX0FKqtA3w,rDy9qZZEq-mbKExVQNTaqQ,2012-04-15 18:27:49,0,Outside eats :),tip
mBP_NluGjF_CZ6G4JoO77w,G38hzxLryCEpCahMAGmGJA,2012-09-16 19:05:45,0,Check the pic for the menu. My first time here and might I say this place is clean and has a great atmosphere. The staff serves with quite a smile on their face. As far as the food goes I ordered the combo plate with chicken tacos. Came out pretty good. Quick fill if you are on the go.,tip
I1MHrxdr98VXT-Dj-vEXLQ,pTfvyTYekF9o23WYj1Sn1g,2018-11-18 02:08:27,0,There is a restaurant and a coffee shop if you want to get something before the play,tip
8u1aWKg7A0IVy7gin9uLog,BjBDHqHhMXSxgyVipccznQ,2021-09-21 16:40:27,0,Great Experience!,tip
3sLU_29B0cyPxtUt8EbsyA,Y302b9DxCZP_w5BJHy8eig,2016-05-08 20:40:49,0,Excellent authentic Greek cuisine. Live lounge music creates a relaxing atmosphere.,tip
njh1nsVTKP2gCfUvbnCn8w,uQnOVqRRLALRNy-kdu1LXQ,2011-07-21 21:34:38,0,Amazing Popsicles! Try the chai,tip
1EPASIbt_9HIkrTmikiI8A,wt1hvp8G_7AERvU0w_43mQ,2012-10-01 22:33:30,0,Closed now.,tip
gfxNeel467jMr_FuJtFBgQ,H9fkf4Xkj_j7Zxs1FmY58Q,2016-03-12 18:44:46,0,Anything,tip
o5ch055ATjfHgNFwgXbGcA,1Mmo93UBNsaVW7OnpWDuQg,2020-11-07 20:02:25,0,"S

Delicious coffee!",tip
XC9clePGXVvwXdM47QvNVA,S0dQ8Vks0IR-PZPLoBHKRA,2014-05-02 15:05:23,0,The cheesecake and other desserts are to die for,tip
ScuWOAFGiCSDkZPI4x5mAQ,0xe81EigRw_b5W8tg0Ca6Q,2013-11-27 00:22:54,0,In the mood for KFC :),tip
dzPSimyvlvkW2uaHqj4MZg,dSv7qHrkYF4nmQQA0QRP_g,2012-03-10 23:27:24,0,Skip this place. Acme and Felix are a lot better with better service as well.,tip
toPeUJ8FLDdLsLjL0Oy5ow,WqWXnv0BkVDtCH-YMKudVA,2014-04-09 22:33:05,0,Order before or after usual mealtimes and your pizza will get to you much faster!,tip
uyzkjkddBxkNO6YJvcUuwQ,A9Gk1betMrbuNGKO7h6iOw,2015-09-19 00:18:16,0,Great place to conduct a business meeting ...negotiating sale of our ranch here!,tip
EgzZHrUo6M4oYRjEupctzw,_T0cPZE2ZJOTTlYYKMP64Q,2011-03-05 20:08:10,0,Chicken patties are the best snack....yum!,tip
-JcNHKthxPv9AJZcCmdKWQ,m5-FtgWRd4qA7j0vaOXiXQ,2011-09-12 02:00:08,0,Listening to some live jazz,tip
MZ_2Nd3Xe6-51tU13cF5Cw,D1lOc4bmegUFyp_eAyJPjw,2016-01-25 02:47:19,0,Good showing for restaurant week two years in a row!,tip
vijN7OByOoKVZp6CUrt4UQ,WQnjp_CEYTYKBBKJDME0bQ,2017-06-04 00:11:40,0,"Do not bother ordering flowers, corsages, or boutonnieres here. You pre pay, then when you come to pick them up they are nowhere to be found.",tip
l3ELfb_MDJmV_Mhm_y4svQ,KU7XnbHB-EBOCbyXH0VVuQ,2015-11-12 00:29:18,0,"Grouperzilla sandwich.  Order it, eat it, love it.  Done, mic dropped...",tip
69uaflnRVs70iD28e4cV6g,2ACy9Z6g_jsvSCZBCh2_sw,2017-11-26 02:07:25,0,Not worth the trip.,tip
vYMvOTL31e0KbTo9Hd0tjg,oVXNeZXl3PejvE66V50iag,2015-05-10 17:40:46,0,"This is a new Vietnamese restaurant in the strip mall with Sweet Tomatoes and Breakfast Club. It was a Mexican place. They have pho, lo mein, fresh rolls, fried rice, stir fry and other Viet dishes as well as Viet coffee, coconut, soy bean milk, lemonade, teas, and gringo soda pops.",tip
XL_LxJbVuOTfwhW4ZX5QQA,f2bd4yADbdKYGCR_9EjF7A,2017-05-13 18:01:13,0,Very filling.,tip
iEVNgH8leU1xtkFWlEfH-g,jssubXBNkiSJIhbKuDtmpQ,2010-12-06 02:14:35,0,On a rainy night.  Reserve a table. Like we did.,tip
Auw-d-fvSqVXnWDekZd-bw,pXMm5R9QEfGc_3w3RvZRxw,2013-08-19 19:20:12,0,"The chicken salad is tasty for sure. We had the Vegan Meatball, which wad great, but no substitute for the real thing if you are indeed a meat-eater.",tip
MU82Ck732ZPRr2i_pwqK9Q,Ps05fcj2yu0JjGBZ4FJpLw,2017-05-03 03:31:58,0,"Too all the brothas, go online, you will regret coming here.",tip
LkXNQQaIc5yrKu9Ap87RrA,0LDBC3w-qOH8LPz65I315w,2014-09-05 02:22:42,0,So new but still pretty smokey.,tip
VGOp57ZvEvkEecFVMvn_iw,yxQs5gSf0-8cEd6YMgSjbw,2020-02-21 18:02:10,0,Some of the worst service I've ever had in a restaurant.,tip
XlRL8oTsdWxadxaGjvaJjQ,hw0O24rFx1BU5ZLlKBZYNg,2011-09-19 02:32:49,0,Watching Bridesmaids. Perfect sis-in-law bonding. Yeah this place is skeezy. They put trash bags on broken seats. But it's only $4 a ticket.,tip
N31W1iSrYkz_Ara-x6F07g,ta8tixXzHXFogPiYlB2a5A,2013-10-26 15:39:04,0,They have home made bread and it looks really good.,tip
P3hPxA5LTJ9NKnYgw1M7TQ,rcs-4rbLcoVmyxshjM0NRg,2021-12-11 14:00:26,0,Great food and service! They bring the NY style deli to New Jersey. Highly recommend,tip
Yzq8uJvatP5ujUv_9VPGqQ,rt2zpQ4aT95UETKJZigytg,2021-05-22 17:36:11,0,"Ordered flowers for my friends 50th, it was a gorgeous arrangement.",tip
ld0AperBXk1h6UbqmM80zw,pG3BViWKznBrEPlbV9wxPA,2012-12-28 00:33:20,0,Aww easy access good burger and walk home,tip
R1F46Q3lsq0gEa9iU8qk6Q,FsJImlCL9GbTD5jBOFwSsw,2018-04-10 20:47:09,0,This nail salon was very clean and the service was excellent. Love my nails,tip
Evr_rqFi3ruubFWDV8LOeA,aIVk0IEUj7rPaAMeAmBSGg,2020-05-18 02:23:18,0,Was soo good!!,tip
v1cGYYBPdmyVPokqdUpTaw,0oogOBGXNj39Wnl2SKoe0w,2016-11-11 02:48:31,0,"Good food, great customer service... will be back again for breakfast!",tip
lpLECoebh3Q0cWTQ9ABxuw,AyMsrYiHSkgDT9noSc-E4Q,2015-11-04 17:11:16,0,Best Thai food in the Tampa Bay area.,tip
fB4b6CK-liq8QJhqBLpTPg,Zc710cEmB6LtUcMALGNZHw,2012-10-25 18:43:13,0,Simply amazing...,tip
T5YVbTU19e5Nmd9KzmJkng,nk96iwJV1_p2HECYQW1ysA,2015-06-30 15:50:55,0,Hope was great we had a really great time!,tip
E_9Mix_1Z2njw4ct7VRCGw,gzJQegT15tzy8gQDtKzCig,2012-04-14 04:24:34,0,"Not since Krill's at 69th Street has there been a ""Music Store"" with care and Class!",tip
plnuTxqQst2A_gBk-pqbxg,EX-ioSwVMafEBVt-xIzcxA,2017-02-19 07:03:12,0,"Was here a couple years ago and it was okay.  Heard there was a new menu and chef.  I had the Bronzino and it was good.  A little too much of the sauce on it but that is just my opinion.  Never had calamari but tried it and loved it.  The clams were just okay.  It was a. It pricey but will go back.  Service was slow. It I liked the waitress, Tina.  She was nice and smiled and that is always a plus in my book.",tip
8UFFoBGH_s5wHU79Ti7dRw,6XzU96Ip5FzZ6Idxiy_TtA,2013-10-31 00:14:36,0,"Sauces out the wazoo, tender flavorful brisket, awesome Mac n cheese!",tip
k4Fsk3zg7AQGU5MpFwMGBA,EwYzIWSC-w81qZwUwVDoIQ,2017-06-18 01:41:17,0,Fantastic food & service.,tip
nnImk681KaRqUVHlSfZjGQ,_d_iDvIqKbXTgrhwBi9eHA,2017-01-14 17:25:17,0,Serving Filipino food again! :)),tip
c3HA8P-Xf4hU9-7Ma2sqDg,LM4-MPJIIwQlpBVZuzbJxg,2016-09-09 19:13:26,0,Snobby young white folk like the rest of Fishtown.,tip
OR-mskgBNAd-4gROezAEOA,bDbqVVvCVCSmR2loUHjR0w,2010-09-21 15:55:49,0,Team building. Yeah.,tip
uB_G7ZThCqw6V6Iyqjfp8A,pSmOH4a3HNNpYM82J5ycLA,2013-06-27 23:54:37,0,Parking is free for the first hour and half--be sure to get a pay parking receipt at the kiosk.,tip
nLOF2qXMJfTbbcVtDo8oZA,bfY9Z5zOihXRrR2aqVqHXQ,2011-09-21 23:10:52,0,worst grocery store ive ever been to,tip
eayf6dB_pBOTPpdfgVlXsQ,Z-YqerdBixL-wZ8CgF50Fg,2018-06-04 18:40:32,0,Great service great staff great food... they are amazing,tip
PNyOox37YoFj08Ubr_c55A,I_3LMZ_1m2mzR0oLIOePIg,2012-03-02 20:21:22,0,The Adam Bomb !!,tip
3rsZCoTmr8EM7DwtGm_RsQ,iUp54Km2xsrU90pburDh1Q,2013-12-01 17:25:45,0,I go to JJ's when I'm desperate and can't think of anything else to eat.  I don't get the hype - I think their sandwiches are bland.,tip
e55WhY9mTe3Ns-A10wP3ig,NhXS2YbDi3N1IrIl0bcnpg,2012-07-21 02:11:56,0,"Patio isn't much bigger than the old one, but the people watching is just as fun.",tip
__QLyY_W06q10ZfBQg7Dcg,lJjS6vLnf0Rqtx_gicq24g,2014-10-17 19:57:36,0,Dim Sum served all day!,tip
lXeJrWiboSb9Cmaa8gQwMA,YVCkBdxbgQlPM-yU_Y7Cug,2013-09-26 19:43:40,0,Lisa & jasmin are awesome! Love the ladies! Clean & great service ! Classy location,tip
6yZKAnIU1v_JGhZT1W3R6Q,1MAQQhmUNU0uzHw3KhPczg,2014-06-17 12:39:38,0,"The websites states in bold letters "" we are open 7 days a week so you don't have to have a bad hair day.  Then under hours of operation, it says closed Monday.",tip
tekHDsd0fskYG3tqu4sHQw,nihvarTktbLi1CI_Dkep4Q,2017-02-28 18:53:04,0,They have oyster shots. Live a little and try one.,tip
V5jfkywq-f4FpvDrUJMdfw,xde5sSqRO0Z5BiYvKgCAIg,2014-05-22 01:43:41,0,"The Reuben, bruschetta and mahi are all great dinner choices!",tip
Imppp_Dh_Kryfx6yC6qNbQ,mEudf3Z2rKw-DoEbsImUCQ,2013-11-17 01:43:12,0,"Great food, but super SLOW service.",tip
kZVmvEXZkRcaAnm6sMCuXw,iWy6Wft0MMO9Ud2wM93frg,2013-06-14 01:37:47,0,Gotta have the mac and cheese it's finger licking!,tip
YdZQMurDbIYu5CIBenYLgg,BQv7ntaOxs80FJAji2U9pg,2011-12-21 02:28:18,0,Officially on vacation. Very Festive Here,tip
5CD5Nfi_2KcUP56sl61ICg,LY1WmE1DwtkGd37eG3SoSQ,2012-12-03 00:05:25,0,Best pizza ever!!!,tip
JTEabvekhysj7lZ2g8N_iQ,ZYqNIWch6Ik9wLZCa1hxkw,2016-01-31 08:21:15,0,My new favorite spot for street tacos! The poblano Queso taco is amazing!,tip
wGqF01YaUYyF0aK8R8H9Lw,JgZAaY3VzFZRivp5bAs0Yw,2014-10-05 00:04:56,0,"Make sure to bring cash for a tip. They accept cards, but they would prefer tips to be left with cash.",tip
KwMpbm3hkfR9OslAbOTbBQ,R3FDYMQBrMpkUquwE-eniQ,2012-06-16 23:07:06,0,Old city classic... Delish apps & friendky service & great ambiance!,tip
UoK1ai59LqXxqzRMssO_Og,0d1dpaZqcm7litFOJl7atA,2015-04-23 23:48:32,0,A great neighborhood place. I love the wine and the specials.,tip
fQNQN_SWc9PKSU4nXfCp-g,hlcJtI8X_KLj0_lDp0zp4w,2019-12-10 18:08:34,0,I truly recommend this place delicious food and great customer service,tip
P3erobq_HEm7LyoralwpMw,cwtc0mRJ2SSLAQhIK3jIAg,2013-08-30 23:07:54,0,Next to jules this is the best pizza in the vicinity,tip
XnV7DxPxzD095UFvc31ScA,cWcKC9ytDyW3dbqxjb250w,2019-11-09 04:13:36,0,The mushroom tacos are AMAZING!,tip
vrSTo2_r3v_jhw2B0VwbYg,Rl42JbSMsmNW3LRjsTMYAg,2013-06-20 08:51:54,0,"Fried onions all the way! You may have to beg for them to look in the back to see if they have more, but it's well worth it.",tip
A-OEWi-jQZOg0g1F_lE03w,vaHrFZME6ZfNQsvHau_zXA,2014-02-19 20:33:07,0,Good food.  Try the tomato basil soup for lunch with a warm toasted beagle.,tip
NfM1oHllLOjm8mZ1cwCJHw,fsFZQ2ZbTutgUlnWPhTU6A,2018-12-22 21:35:06,0,Fresh seafood !!,tip
gnB9eQyIYHKO7p8TkxdyCg,nGElMRWr0BcQKFPa4ZBMYA,2014-06-20 21:07:34,0,A st louis gem!,tip
mv8vBVsWxBuILTPJXtEHbg,g1M9NdDc21R1-dbD1lU8WQ,2016-01-22 23:40:54,0,"Great food, better HH prices, good service!  Location convenient",tip
96DfLlif7HKINhQvgGgwWQ,dJKg1uEIE7cst91x8F_PSw,2014-05-18 20:00:13,0,"I usually think the Steve or vegan burritos are a great option for a quick, close lunch with my toddler. Recently got a sweet potato and kale burrito and it was gross: old, yellow, flavorless kale. Vomitous. They also seem to have fewer vegan baked goods than before. Not very wheelchair or stroller friendly either.",tip
RO5-M7BND47A6bF78PrVSQ,7VGl1YrkShqmsWhELesRwA,2017-07-20 03:40:28,0,So many flavors of via veneto water ice and the prices are right! Cash only though,tip
O_Iz4h6yFvms2dB9ihbIPw,8D-aWgw0Uu2oh4bOJY5QUw,2020-10-25 15:52:40,0,Delicious food. Excellent service! I will definitely visit again when in town!,tip
AaJ9d4OrFmgc4S_U2QiSZg,HqgMCVe-jvlP0kT93M_5Sg,2014-08-07 15:46:25,0,Thursday is fried catfish day!,tip
prai-3PY4t4DX7l9R9Ek3Q,wJAK6B-dmgGrco3KYwvWXQ,2012-12-31 16:04:03,0,Great brazilians; ask for Nona,tip
S5Mb3X8kF3QEXw-FIf6URQ,7TjOIytbdL1zSP_4bjKT_A,2018-11-11 23:22:05,0,"$180 quote to mount 4 tires, went down the street to Tires Plus for $88.",tip
dY7UWcYysabI0aYBns4YfA,TB1FQ3iO9KJWOU56sA7Ozw,2018-06-04 02:20:19,0,Poor service. Chef quit that day.,tip
3HajBpYrJu0F0-VsxwYXDA,CgiwCrXs3Ggu9eKFPIgjtA,2014-07-07 00:49:55,0,"Terrible food, over rated!",tip
1ygI_2QNJEDOodTK5468ew,YjtziUCMEwEZNGHnGtTDdA,2014-03-06 14:01:59,1,Chicken salad sandwich!! So yum. Thick cut kettle cooked chips and a big pickle!! Nom nom nom.,tip
thDQg0_2Lsz4l8SItm8dUw,qplX-RwFUVWNAnd2Nuj7HA,2018-11-11 23:20:54,0,Just ok. Nothing more or less. Just ok. Service is sort of unorganized.,tip
XzIDCNEB6u1_9sxcAjNE_w,VCZOEzPJezhb5vEadf1Vng,2016-03-12 23:37:09,0,Closed. Out of business.,tip
GcdYgbaF75vj7RO6EZhPOQ,r3Ta_VPo24YfjAV1M1Bz5A,2017-09-10 00:36:44,0,Closing day for 2017 season: September 24.,tip
FZK8H6Tt9I1G-XGNVBgW2w,onLwomlGswMhhmOEAeAVEg,2014-09-01 01:50:58,0,Arrive off peak hours to avoid lines but they move quickly regardless.,tip
X6dI1V0PMVBIgXTbK_Zptw,Ia0SDpx_Vj9B51xeiIa0ww,2018-08-10 00:55:47,0,Amazing those people care I have taken a few of my cars here and Tony looks after me,tip
muvuCp-PjnyyBAJZNFG2lg,pDR3n7cjtbTrkgDxfUUDtw,2017-10-25 01:09:31,0,Validation 4 hrs for free parking.  Nice spacious garage available.,tip
ioE6tFY8RQLWSxDlNphu9Q,1b5mnK8bMnnju_cvU65GqQ,2019-10-30 03:21:16,0,Great food,tip
riWDgbauId8TK7YFVgMNJw,gQmEcvAAy-DplsK34e8ECQ,2011-03-16 22:57:59,0,Warm Bread Pudding w/a scoop of Scotch gelato. Hells yeah!!!,tip
iApwV8mofYuCSCNMvuvj4w,yXHpVMz1RqjfkX10zeJBTQ,2011-04-06 19:27:53,0,"Bring in your knights & princesses for the royal treatment!!! We do hair, nails & makeup, as well as princess parties!",tip
z4qYnTvfL4UmYLymI6dKXg,5j9TfW8RrdkpaHlaBwt6bQ,2011-11-02 02:04:53,0,Hope its good this time.it was.good pumpkin beer,tip
Taudl8KdBNlj7skeJYh_kA,qF8jkN4q4SajC4p4nKwjgQ,2013-09-12 23:17:35,0,Nice romantic little place with great Italian food at a reasonable price,tip
hk_xbRu6Xes0kIhtjMEhmw,-K0LoSCfh8i5U_y53Krepg,2016-05-25 22:09:42,0,Lots of high end stores. Love this place!,tip
bv4ZKbMr-O9jgqOuRV62pg,bWMpAxTtVKpNfuVK7xMjQg,2018-06-03 18:38:17,0,"Lots of fun board games, and they are complete",tip
3xULMTW5iCaApy9aFJa9PQ,GXrTz1Pbzn-jKMGnirouTw,2017-07-07 01:32:45,0,Staff not as friendly as i have interacted with in other UPS stores.,tip
q-_RlMyavuLSU17R_BFH3w,J0joPXxmN-_9Lzafspqdbw,2017-12-23 18:58:07,0,Expect a wait..long line.,tip
JiUmz7l4rNz4-YmOj13i9g,R7ZqfB-4Z7jyl73iQ58nEQ,2013-06-25 19:03:59,0,Happy hour is weekdays 4-9 pm. $2 beer $5 wine.,tip
v9kNOSkmtpwAESHKtcuNjA,Kaq_x2JENJhcyJHq_ODbmg,2015-05-30 19:18:20,0,Giant cookies!!,tip
rzyNpIt9PlemE8RWNXuC_Q,1_YCzfB3Eh1sMN0Nx4idvg,2011-09-24 15:33:44,0,With Otis at the Great Train Expo.,tip
DvWM62NWf2MV1EpN7T8S1A,_QohBRBxWuwlIUuHj5_fZQ,2011-05-30 23:34:53,0,Great hotel and service!,tip
bCw7dwL8HjD2J3mV50KTdw,w55VlTgAoRXPnqFte3j9ew,2017-05-31 16:06:30,0,Tries hard to make simple food gormet.,tip
zyh9pVbjalcbhc_7_Soo4Q,iSRi-jopW2N2W08D4TdqLA,2018-08-10 15:58:04,0,Wonderful place to get the best pedicure in the area! Very clean neat and friendly!,tip
qSzQAYPg87134iPasWOMxA,7swe2RSfJZFZJiVxetjfJw,2012-01-02 01:36:16,0,Jalapeno Mac & Cheese is good! Green beans w/bacon are flavorless. Don't waste your time with them.,tip
weNjiH8wxEF0xrMtceGQcg,r2IhvKZQ_wLR5mLBnPOilg,2018-03-11 15:04:05,0,It was a great place with friendly efficient service!,tip
MV9f-9zVkHWNQxCPg457NQ,yqiN-9RQ8yrnVI9IPmYVNw,2017-10-24 20:44:49,0,Stay away,tip
jsjo7sfzB0OKMh1GGA-52Q,poi1FLqu9eMVy3hiVZ6n1g,2021-06-13 21:06:26,0,Thank you for helping us with our bulldog Andrew! We love Benny!,tip
X_X-u91ZZMLWvSKn-6ZC4Q,wUZXm4KN2wIqlfkvXVZXUw,2012-11-02 15:24:52,0,"I freakin live Crema, you will too!",tip
G9IuD25Dy-1auqsZLb2z6w,w_4xUt-1AyY2ZwKtnjW0Xg,2014-08-04 04:01:26,0,Great spot for a summer patio meal-favorites include the club salad and the huntsman burger!,tip
HNlRvIJV2aoglC0fYRHdlg,UkzBUVMDXi9iN3l4cGXpWg,2012-07-16 18:47:34,0,"This place is ridiculous! Their chicken salad sandwich is DELICIOUS. I got mine with a piece of chocolate pecan pie, and it made me swoon and remember my great grandmothers chess and pecan pies while growing up.",tip
WWeEu9IXfdfj7rz4gTvE_g,1tAtD1-YVbqpgi38ihhx5Q,2018-02-26 02:51:41,0,Try the Volume Lashes!,tip
A8AKb4nu91FxRhJLcNsoAg,ZmvCkhsCOWqA7ikXlbIr2g,2021-04-23 08:07:42,0,If you opt for sitting outside consider shade if it's super hot or sunny outside,tip
XUAY3Y7a9wmpaFEB-yIyAQ,qCOr-SXLYq5zT9H7jwBB_w,2018-12-15 17:17:32,0,Excellent addition to the Bellevue One line-up.,tip
M5Y-ZQjQQ1KiPcWGjzx2Wg,6ajnOk0GcY9xbb5Ocaw8Gw,2019-10-24 16:39:13,0,Tasty drinks and truly delicious pizza! Great weekend vibes!,tip
WNvLKhY70Yg6qEXCkIPUag,rTXNiH-RROF1OQHVIn5qJQ,2017-10-23 17:44:33,0,Good.,tip
GEmaBgrBPzUs92tUkIM2VA,0uEHyhyNIQJnAym78f5Qqg,2014-03-22 19:27:05,0,Just some of the flavors!,tip
DU9E5lBHi2bndhID_r161g,RLDcb7k0A454cZvZg1wWKw,2019-06-17 19:58:26,0,"Ask for designs they have a lot of cool options. Leah helped me with my color and design. I got almond liquid gel nails with OPI pastel yellow, gold foil, and fairy dust.",tip
dzS_gbx5HEio0xY6NBpkNg,JkVsdDLxVUvM2T2W5S1qUA,2016-04-08 04:06:31,0,"Save your money, and go to wawa",tip
QFSAoOe78Zq2ADtEWGNSeA,ixAWNAUrA7JjwvMJzJgxmw,2011-08-13 02:52:32,0,Try the cold sake!  Great big screen for football!,tip
Nw5fp4Y3kYWIn3-7nkF_HA,9qXd3Frdpw2NFesclk7nPg,2013-03-30 04:14:10,0,"Recommend Cortez the killer. Dim lit lights, wonderful live 20s bluegrass, strong cocktails and extensive beer menu. One of the best spots in philly",tip
PhOxtC1dIsGRwsMI1H46sw,-K0LoSCfh8i5U_y53Krepg,2013-10-18 17:16:55,0,Great Wraps for a healthier option,tip
uVNgR8427ijqnF523eo_FA,RdDLX9i5pp1nKOecMiGTcQ,2011-06-26 23:44:59,0,Enjoying a Napa Smith Lost Dog,tip
3uYH57RbuA13_B_9tLmM_Q,MAIfD4kJDCydgoD1l2b_vw,2011-07-16 20:18:31,0,Special event today! Italian wine and food pairing!,tip
zAMpV0uFt9XpqRDFNLWPrQ,ipZ7neK1bjBAUrCqyCvB_Q,2015-04-16 22:45:15,0,Batali sandwich  the best suggestion almost always,tip
lmlktV28jM6UP2DZwzHi7g,il_ITIkJ5ijLjr1k-Tky4A,2022-01-11 17:14:39,0,Amazing Chinese food!,tip
-9J9sU6ebqsPEMcqJt6GMw,Hf3i3PcNDemoVSCHXuNIxg,2011-05-07 14:00:35,0,I love the breakfast.,tip
8M4_nA8e9VacrirvCwrl8Q,nAqeT12b0GrUTxKbCDVL_Q,2013-01-01 00:45:58,0,Business is brisk,tip
G6QdX9VSjCTPPH06YdNr6Q,RhBsbZ8N_bSH-jD9X9FFZg,2017-08-23 19:39:38,0,I really like this place food was great  it's very clean staff was very friendly,tip
kfxzdaH4gNUKdmLTR-PdcQ,QHc8AVme_PwqGSxuSUGZvw,2015-09-23 17:26:55,0,"Top notch snip, clip, and dip, then out the door. Very nice people.",tip
ytgL8vceSO7pG_EvqlPiUw,WO-oh0OYWzlmOYoZmowxkw,2015-02-27 16:54:26,0,"The ""Love Nest Roll""",tip
zGBzZ0Cp7nxZOTfi8-SYiQ,UB8sxbUN7kPZum22U2O9kg,2014-08-10 22:31:41,0,The Ginacotti is a must try at least one time when you order dinner from here!,tip
bJ5FtCtZX3ZZacz2_2PJjA,Qf4e6amvsjdKgz-b02gvUg,2010-09-06 04:17:06,0,Sometimes 24/7 supermarkets call your name and you buy a lot of crap past midnight!,tip
8rmPrbLQu2PsaGbZ0AB2Dg,9PZxjhTIU7OgPIzuGi89Ew,2012-09-08 18:30:48,0,my friend took me here for the first time and it seriously was the best mexican food i've ever had in my life. 5 stars.,tip
lb_R8cMWxoip-TpajN2EYw,Zf3tMqJQOflOY7yPj5SJKw,2014-07-13 16:04:03,0,Institutional look and feel.  Same great food and service.,tip
D3VRwtqv6vGW-xi3UuSCqA,kvk5t5UDKhNoxKPnzURVbA,2012-01-07 18:05:04,0,NOLA omelet...do it!,tip
NrosrFhTo7Qi6WSW9O14EA,8j3blTZChklt3j89jxx0fw,2011-12-15 13:49:42,0,Recommend anything with sausages!! Hahaha!!! Cured meat selection w/pate was good. Much needed concept..Wonder why south street though?,tip
V341zsjQTTPXwcIYCRH7ig,A9coerF0oRiAfoeMoclq7A,2019-08-25 02:10:25,0,"Yeah, this place went out of business already.",tip
GURcuh2tBs59yZsOHkBXvA,DOl21AqtT74dUZ3kvXNNcA,2018-04-13 18:52:40,0,"Pad thai had strong ketchup taste, roti was ok, and thai tea was a little too sweet.",tip
__QLyY_W06q10ZfBQg7Dcg,ET3d_6BRUyyEzzwAMsqpxw,2014-08-04 19:36:34,0,Free beverage with a $10 purchase when you check in on Yelp!!,tip
loCshn-4kH5u0bPF1-MMQg,q6hWVlVeiCgMgM22wt1wfw,2013-11-16 00:32:27,0,Onion rings are out of this world!,tip
cPMbhDgw9YuqNhVyTJBhOQ,kwQzVF5GP8DzdyBavvhIaQ,2015-07-10 01:49:27,0,Go somewhere else.,tip
V2zP4qBUKkr2Mi73J3Ty5A,1YflE3DkiCZGgLnf3paLnA,2013-09-14 14:24:38,0,2013 Forest Park XC Festival!!!,tip
MKkCT6R15R2nrURE6VTOgA,A4zsfXGNGeOu37dDMcKTUg,2016-04-12 12:10:57,0,Nicest guy Rudy makes a great egg sandwich!,tip
h5oU5YuBacD4CebuHpdf6g,16tjKOvMw_nOgNViq2LwOQ,2016-02-16 23:51:06,0,Everything was excellent!!!,tip
Q6UsGW32DGT_7FnbI3XPmA,jULIPydhMj18KOI5OHTwfA,2017-01-08 20:46:59,0,Gotta get the fish tacos.,tip
ArkziPhx3oRRZ2pDIz7GQQ,nyQbp8DPZjIKOwV12s2G1g,2014-09-23 01:09:51,0,Great happy hour. Love the burger and the pork sandwich. Bar is cool outside.,tip
CklmGd1Y12stlfB96CdgEw,lU3elCfnhoOAhkR6FewPSA,2014-05-13 22:45:23,0,I love that they have a express lunch that serves in 8 minutes or less. Loving the new menu of seafood and Latin flavor. Nice to sit outside in the shade with friends and enjoy some good food and drinks in ybor.,tip
GBlpfDzmx4Dzsfh1JpjESg,usDBroDL-Fns6qfNTUBjJg,2011-08-26 18:03:46,0,3 more days left!,tip
UIfrDcxG6JqZKBjOG3xQ-Q,gYrHa4CckDjgOQc5B-yTKA,2012-07-21 22:35:22,0,Sick atmosphere. Love the lighting.,tip
7dnh9OrD8LekBwvachGH5Q,wjGmBfeFrh71764EQcZzxg,2014-07-02 12:12:13,0,Honky-tonk!,tip
wA-Hh3_qNCMCNnsNO-zN8g,_-otZU2dbPrEZyaVSMmvDg,2013-07-20 12:35:16,0,Get there iced coffee with cream!,tip
mr7ph_O0w_UhEIDbvc21fw,2JqflxdnBE46_FZ7wJEkdw,2017-06-14 00:23:12,0,Amazing food,tip
vfyDq148WotXVz3dSZPWcA,ytynqOUb3hjKeJfRj5Tshw,2018-07-18 17:15:19,0,Amazing,tip
1XVGCmACPQKDtvpwOQvi2g,QOPcqO5zvGVZL54917JUdw,2016-05-26 01:18:07,0,We love this place. Friendly service! We frequent it at least twice a week!,tip
I24RUUg0HQRwHSxTwdUWkw,hfbZ97Te3T4jeWN6GgsGrQ,2017-06-14 14:02:17,0,Amazing!,tip
adPC8VrcYcd0_cmcoaakQw,9xdXS7jtWjCVzL4_oPGv9A,2018-03-13 02:22:25,0,"Lobster dumplings, red snapper ceviche, and oysters are all killer apps. Scalibut, sheepshead, red snapper and local drum are all great entrees. Only disappointment I've ever had here was the swordfish. Other than that, taste buds always leave singing!",tip
5uO8L24O3XkKKVUZnrPvYQ,A8ivmB48-sMd4eBwIErs7A,2014-07-23 19:32:27,0,"LiL Dudes, can y'all stop buying up the 2x's and stick to your size LoL",tip
DZ2pWjgo_3D0vrVFfFnBdA,NCzKKh6npVeq-AvlJnGh3w,2013-01-09 19:25:33,0,Ga Hap is my favorite! But today we're getting the Ca Kho To and Canh Chua Ca! Yummy ^_^,tip
4ezvfj-BKRLh92XgDnZrUg,I_3LMZ_1m2mzR0oLIOePIg,2016-09-17 00:12:01,0,Love it love it,tip
xVK2KZQrRF4NtpCTDQZjDA,dG-gZOWzn8iO1Rvv_fbXxA,2012-01-13 04:27:17,0,Best thursday dance party,tip
S1BBIAYigQIbqh1BhSO0Zw,XnGTrxEafWd-eVWjYzJe9A,2012-11-14 04:02:49,0,Need to purchase a drink to use restroom,tip
TMNRyXRyglC-ktENQB6esg,uXvRk8jxTvPCd1NxKBhweg,2015-06-24 07:45:05,0,The worst body shop in metro area!,tip
173T6Q-VqQtnQHUKf61KXg,WKCTgYenpI-0uWruy1Gh0Q,2015-09-01 03:30:43,0,Where's Dunkin' Donuts l,tip
yQf3hGJ3r48bBUdGOLoZGw,SUpQ7uFtXvdzgVubewMV8g,2010-07-08 19:20:55,0,Best iced coffee!,tip
MtHD0Wdh4FtbyFJCb4yfUQ,awVOmVnJj19k6fumwfih2w,2011-11-14 14:13:04,0,It's already steamy out this morning and the iced coffee is delicious and perfect.,tip
1bMAC3tQqYuN0JkIZRKVqQ,oBNrLz4EDhiscSlbOl8uAw,2019-11-26 01:09:26,0,Walked all the way here with 2 hungry kids and it's shut down,tip
ClJlhZ25nNdhfNqABCUbZw,xVLoxYL8Jrvj1JQlM_bfLw,2015-07-04 00:29:25,0,My new favorite spot for comfort food! They are the best and most delightful service.  The food is INCREDIBLE...I think because the owner is so wonderful! Treesy's is Phenominal!,tip
HxTiKF4EwAAc_mjnpvqbQA,iJdGuMkctlJyoTTMtn0QWQ,2021-05-08 02:21:40,0,Best teas in town. Great atmosphere and good vibes,tip
dsX3MiQiTy3OVI8MKn0I4w,H4Rv_BQU7we_PZmzLAP4ng,2016-10-09 05:46:11,0,The hallways are a maze,tip
PL1pOeCnCvRsptKbYlCYwA,RSKvB-XntkiDnMqYqAmtKw,2011-11-15 00:00:46,0,"great happy hour specials, AYCE mussels on mondays!",tip
aw8ubHMh8hVYgsUPx6ze8w,CO9r8EOwyuAdgKHkr36lqg,2019-09-27 18:49:49,0,Crooks!,tip
54SHdkUOQVt4WRSol2QGVA,FyIfrJ709lc7ZFAuCDadjw,2017-05-29 03:17:36,0,Food was great and service was good.,tip
VRA6NBTWj5xgPIWyKZEkfQ,0b7cBRywLcoqUpa3PluykA,2017-05-13 01:32:19,0,Great food and service,tip
LNEyUWtTpvvMhp9KssJPIg,QzOH5gO0LuUkvDbr3u3ktQ,2018-05-16 17:32:02,0,Great salad bar and signup for the email club for a free appetizer,tip
jwArV_VqN_3BWVixo1Jcqw,Bxmhm659VqrQYHc0hiku5w,2014-01-22 18:56:50,0,Don't mess the gelato! Walk into the separate dining area and you'll find dessert.,tip
dHcbuHqV98qzCRLb3-E46A,py25llU7OUPZXPqRMw3Gtg,2015-04-27 03:43:29,0,"Straight shooter owner, who does not transact his business for the sole purpose of just profitability. Instead, a creative artist always creating to provide excellent customer experience. 

Without a doubt, going forward, I will only have my tuxedos fitted here.

Thank you MY DAUGHTER'S WEDDING, Inc.

Truly grateful and appreciate your  professional excellence!",tip
trf3Qcz8qvCDKXiTgjUcEg,14Fe3B0g4Z6a_6NT2z0c-A,2012-09-05 00:32:05,0,"The strip mall that was ""supposed-to-be"".",tip
Lj6veKNscTYuUzPirM4iYw,5N-93oMmm0MUt8HvyOot5A,2021-02-07 16:02:53,0,complete unsanitary conditions.  I got poisoned there yesterday.,tip
G9feaYQIy80jKgxLgLRvlQ,BROZEhRaBycfCZ4AWqS3FQ,2019-07-19 02:19:08,0,Hawaii made our night awesome. Kept us laughing all night long. Food was amazing too,tip
fCvMnJU1Z-XhAjKg99wK3Q,_t9DLXruGEQMXKRuPRLehA,2017-08-01 08:09:28,0,"Super Solar Saturday:
A Free Family, Friends & Art Day

Saturday, August 19th at 12:30PM

Schedule
Doors: 12:30PM
Performances begin at 1:00PM
Hidden Figures screening: 7:00PM
Re-entry is permitted throughout the day
Rain date: August 20th",tip
TbVAMnBeN-kiARZbwaTGQQ,zUDtyZ6qyZeshsyF-DFV3g,2017-12-24 04:49:08,0,Great food good service.  Nice to sit outside and enjoy the lake view.,tip
X1nvKXUJ5Lp3W9Oe-_JrMQ,GqE-dUBnMmvJz_3REK6Ykw,2013-08-24 00:18:40,0,If you like coffee or spices or nuts or cereal or fruit of honeys or cookies of...,tip
OdtyDaJEGZInmS2CnGbA2Q,r8tU21scBflMxWiBESPtRQ,2016-06-30 09:19:47,0,Mehhhh.. So so,tip
WsPq2OEhmwnam0GwIP3_CA,aJM4YQLezfvcsvCY-vE0vw,2015-08-03 12:08:28,0,Awesome service !!!!,tip
mF_MF5hmhjSpcZ4FfvbZVg,3WySw_caRJy7YVPLlWtBRw,2015-04-19 00:38:26,0,Awesomeness,tip
IlNN0372S7qPOMPLw5zbyA,qawVgyG2JoSOrZLtqXwpLw,2014-06-11 01:23:27,0,"Easy parking and shade. Nice to start bike ride or walk. 

For BBQ / picnic:
People with dogs a bit inconsiderate. 
Bathrooms can be tragic. I found Syringes and tampons in urinal and crap (literally) here and there. To be fair not unusual for a busy park or event. No entry fee so probably still a bargain. Just keep in mind lady's may need to get in the river or go home early.",tip
HQG3no8C5U31z-k1MaYCqQ,IeCHpO_6XiW1b0exRjSkGw,2011-11-08 19:06:58,0,taking orders for cajun fried turkeys!,tip
VuDcrpozD2O9c9CqSLagkQ,qcfwMZhOyU0l210iHR3xUQ,2020-07-14 18:56:23,0,"Fresh, delicious and never disappoints!",tip
IuUCenezdTvopUmv8Er2tw,lUMn7wgM-frtkxg5WuYUDg,2012-04-21 19:14:18,0,"Delicious cheese tray! Really everything is amazing, local, organic. Fab eclectic vibe! Perfect for lunch or dinner!",tip
wZVaRdKjwjsXim3TFhQRlQ,of-GVqY0G_UDHXT9Xg_ADQ,2018-04-05 11:56:44,0,Really really good,tip
QZGTmo3U2pDXaLOfUOPKRA,krIXxF3-vdrnDqtaMv-5zw,2014-06-10 17:02:26,0,BYOB,tip
tySFSrQTYV5gRIUJje5FyQ,MouptF4_dmDbBXdr7NudzA,2013-11-29 15:21:15,0,Thanksgiving dinner was excellent. Service was perfect. I like to watch football when I eat and I'm not allowed to do that at home.,tip
17V3SlS2v5KLSuWQhcemJw,nSmBctYtM77AjFlof_jmDw,2018-07-17 19:29:57,0,Don't forget to go to Coop and Scoop. A large variety of the best fudge. They also have ice cream,tip
c2cd2fJWzvNFxcjQPDvKmw,bLJP0fVgscuUQy0hE_CRXA,2016-10-01 19:52:24,0,It's a BYOB on Mondays and Tuesdays!,tip
dsX3MiQiTy3OVI8MKn0I4w,cwp0z7oFsVqEvRW39od80w,2017-04-24 03:47:36,0,You can smoke inside.,tip
pxfKCAKNgEyAqGlKnsJhDQ,pSmOH4a3HNNpYM82J5ycLA,2017-01-01 21:49:50,0,Delicious! Their pancakes are to die for! Along with their hash potatoes.,tip
Ba1I_wRHRQzvuyFU4PwPrw,u4M4SxqehnyMI5vs9HaW7Q,2017-06-15 01:32:11,0,"Yes, there's some grease on the burger, but don't let that fool you 'bout what's inside!  All fresh ingredients brilliantly crafted together for an unforgettable meal that'll have your stomach bringing you back again.",tip
bHDubUqRFjo69TO0O4TUPA,M-qVYCSpKlNlxKWEq6vraw,2010-04-22 12:16:18,0,NXNW is no more. Closed since summer 2009,tip
mivYt-sr0OyYsnwpLFuXDg,Y0EWACicUzDW4tupM8cijg,2013-12-19 19:07:16,0,"To put is simply, Hot Waves is a great salon! The people who work there are like a family and they make their clients feel like they are part of the family too.  The stylists stay current with the latest trends with ongoing education, and it shows in their creativity and exceptional work.  They fully customize services to meet your individual needs and they make you feel like you are red carpet worthy when you walk out the door.  Getting pampered is just part of the spa experience you'll receive",tip
hHbgEMR2Tg-5dLiVQBQO1A,OdIBX09glfXNVSyd0RnIeg,2016-07-31 01:17:44,0,Extensive beer list,tip
fCvMnJU1Z-XhAjKg99wK3Q,iuQlscgeor7lvRByKiaeiA,2017-11-01 19:50:39,0,"Opening Friday, November 17th.",tip
-j57MVIyb0vCrmcx2yrSNA,uam_mfkUT8YOXTFQZSSmUg,2017-07-13 01:12:51,0,Favorite place in all of Nashville! RICHIE IS THE BEST.,tip
FOW6_EfxKXkVyRPj2lrvvA,pk2yX_mrrA03OPgKuLt9dA,2019-04-19 17:02:17,0,Clean. Cool. TVs. WiFi. Clean bathrooms. What else could you want from a laundromat.,tip
FP6CVFv7jTojt14OZGLnJg,kVrugngpixLsf4pNu4uzrw,2011-12-16 17:31:09,0,Mogolian beef to die for.,tip
17GAWTO5aXC4wHC5BUuPBw,BsEPhVX7PtbrOkVtnnn1_w,2015-01-02 22:33:40,0,Best beignets. Better than cafe du monde. Fresh and hot from the oven.,tip
_3lLgTnK_oLvT7r9VNv3ug,LbhraX3qY94g3Xn2Havbpg,2013-08-10 01:48:01,0,Ol skool swag,tip
l8JDYu-gprFGRRk1B3vOWQ,J04F5XfkBHtPSuUmO77iVA,2017-10-08 00:31:15,0,Excellent carne asada!,tip
p0MlckLEPUEmu6BjRd4Mzg,yYnp7uLBt-PPyG2elubezg,2012-08-24 20:42:51,0,Fischer Honey Pils...Brewed on site... Simply heaven.,tip
QUrd_2C1jiXNjex_uSXqNA,-hsR1sWeD9Vw_nh5Qym2fg,2016-08-07 03:08:20,0,Great little spot to check out before or after a nice walk down Kelly Dr,tip
AdvR8vv6jP9Y5DcLI0F6AQ,-_jxFZVaC3r1TppArnlxZQ,2013-02-18 00:49:22,0,Great place. Excellent service and food.,tip
P3odzsW6sIdba9Lmi91Ouw,ulWjI6RDPgSusXZEQlZrGA,2017-02-18 18:18:39,0,The little slider sandwiches are only $1.29 and great quick lunch.,tip
KKB_QZ4zxLvf1W7kKxKsnA,7dA1OhjJ0ga063_uiiDw3g,2011-09-01 22:31:10,0,Great happy hour specials. $1 PBR and $3 Schlafly. :),tip
-4nU1RaOzfSAmQityGJAfw,3YBUj9va9KbN1kkNcDQPug,2010-11-22 23:00:38,0,Love the steak & biscuit sliders (4) with au jus.,tip
YXz1LkAJJrJxS50QQ0kAsg,n2PM7rljiYFN8HROzdneeQ,2016-11-03 14:47:29,0,Short staffing seems like a thing.,tip
KxVfRnrjfiyxgwmSC04rfw,JcdsERaKlWNY9CT5Tl8LvA,2014-05-05 17:33:30,0,"The best beer, awesome food, nice atmosphere.",tip
iY4-khZqsT3vL1_Ob9WP-Q,Ag3bj6WStEkDa2Ha72pQ7A,2012-12-07 18:04:43,0,These people know how to make a brownie. Mmmm hmmm,tip
2GrE2C8bKrCjuqsCDqY9-g,PVVFos1LDfD7iETY0w4vaA,2012-07-14 20:34:07,0,"Great place, delicious options. Free delivery for orders over $10.",tip
b0hSrmGEWxI7SkB4LtAb8Q,cCUXx_h4dkdZH8cxJOzSBQ,2012-02-01 22:54:31,0,Can you wait 45 min for bread??? Whaaaattttttt,tip
x1Eq6BSpMsMUkSKJ3XeTiA,o82ySB2B8oQ7DKipi5ofDw,2021-06-02 07:10:25,0,Always hidden gems.,tip
X8w-nJvxUJnmb4eqYK6syw,240AcX5LUysqS3y7FGGwzw,2019-05-15 17:15:31,0,Amazing. My new favorite place.,tip
K3353tGh1hzfg132DwjWjw,tjU_hYVEFsUFJzVNqoMFiQ,2011-04-04 22:56:16,0,I've been going here for years when in town... Always a good experience IF U GO EARLY!,tip
lMY8NBPyzlPbbu-KBYfD9A,p6JxfR9ebAlIlpm674F-dg,2013-10-08 22:35:58,0,The chocolate muffin is sinful,tip
WtgVYb9PgxaOzaXo4ZpWzw,6r9FNW0-4aKqbPCX7UxTZg,2012-06-07 17:51:42,0,WCR Business Resource Meeting,tip
k_qCwm03QhQG-zZo_av7ZQ,KU7XnbHB-EBOCbyXH0VVuQ,2017-08-08 17:14:31,0,Order the Grouper sandwich instead of the Captain's Platter. More bang for your buck.,tip
Uhws6EHIO5veu0FAX6VPqg,yiR60hi1GUqVJ4Wu7U9dqA,2011-11-08 19:44:01,0,The gumbo is great!,tip
0DK-fg2ZBnpkMKnU9SgPMQ,EnLLksrGdqMgOOAu9rNtJg,2014-02-14 01:48:44,0,Come after dinner rush. Absolutely no crowd. Still takes a bit to get your order.,tip
xjfBEGfgC9UcJLIV_Czodg,edO1Rej_-_I4vPSVYIZ5NQ,2012-02-29 00:33:16,0,Peppadew pizza yum!,tip
kKLdiuoR2ED3SPwAEjqI0w,fMSNQYC9AxDVCkmY4M-mLA,2011-02-13 17:30:55,0,Time to eat good people!,tip
7ByvL9PB_ge5fBBkHxabSw,-2C-Ll8cbgNMpEKokXK6Dw,2018-11-05 20:05:50,0,Horrible. Don't buy DR horton . Google them.,tip
LxXj9DGpvGXLnNyyLJpCrA,NHdE_ObFj7OjQBB3jjqBNQ,2019-04-17 23:36:23,0,Delicious Food and Excellent Service!!,tip
qSlKgaJuYwQvZSUGoCrWQg,UBX73ZWgCdgom4nv0UeGvg,2019-07-14 23:16:28,0,Not the greatest Mexican! Service was excellent,tip
gcgeV3iJ-Wjebh3ywapfeg,BCyvJxdSZGsAxsyNXWkZmQ,2013-10-23 03:33:15,0,Only 24 hr VCA left in the area,tip
yE3YyKDygi8b-_uK0LJ-2A,rvbf15JuvNJyhO2Q5zIapQ,2012-07-22 12:37:29,0,"Had dinner last night. Great food! Very creative dishes, I enjoyed every bite. The room is noisy, could use some acoustics design, but I would definitely go again. Blue Cat Restaurant",tip
FyLVELWIFjajDGmI7eWRig,SmeMEWPwb5vl4m0UbYnugA,2017-06-07 02:52:05,0,Great crowd and the coolest beats in NOLA. Will come again and enjoy the music,tip
tif3asyN4NgkL0AkJ2XbzQ,-Kisb17pdztyIHZvGPSvbg,2012-06-17 18:15:37,0,Great course in the heart of St. Louis. Best played early in the season.,tip
dbKIZNN6N_X5Vq93P408Fw,MpzpKEra7gUmIlWHZCxi3A,2010-04-24 03:39:22,0,"torsten, aka torti-t is the best bartender in downtown st pete!",tip
NIcBNOQZcoY0FCfTh7uYrw,b2i_hZEu1Y_JYR1JibmnXg,2019-07-04 05:00:20,0,Kris the manager has No idea how to treat customers. Never going back.,tip
BOyy_y8zdenaHAvEhwDEXg,1b5mnK8bMnnju_cvU65GqQ,2017-07-02 00:30:39,0,GET. The. Bonuts. And get two orders. Seriously good.,tip
A4bsa7ykYRVCnb4h2vZALw,3fpAmsSuEFNF29UUPpgwlw,2011-02-22 16:57:25,0,Coffee and Donut to start the day! These melt in your mouth mmm...,tip
F24-OealDtPHlARTBqpaog,0macJWiPlgnGl2SkTJCYSw,2016-06-08 02:38:59,0,"Great food, amazing service and so much fun. Great place to hang with friends.",tip
4x3y24hmkjBqS8WAexNZpQ,5ln4ESCi6mnfTBx4bYr4dw,2015-04-26 11:55:53,0,Best place to get drunk and watch a stunning sunset,tip
74MEs3l1jQTaBPpOgv8t7w,Y-woMivHkCk4W3tTl1ktTA,2012-01-11 05:09:55,0,"A cute, homey atmosphere! Definitely the spot to go for breakfast or lunch",tip
ccMnj_hT1QJfUuMrL9644g,jOA7Rmb7ieYZ_khMrGYtHw,2013-04-30 12:19:52,0,Good chicago beef sandwich,tip
06QY6tAtbQNWmsfuFPbhYg,D_Q68UQW9YAARX7wQ6Fv6g,2011-09-28 23:53:52,0,Ns Fest Opening Party,tip
pNjqOWqepZszghOfyBLOsw,OINbC0rpDVJ5bfxt3LO9fw,2021-06-17 17:33:00,0,Excellent customer service and excellent food,tip
GYhyc7lWepJZqVdwjttZfQ,T4LfF6fT4_5UuP6ZpMjUGQ,2018-06-13 20:10:07,0,"Loved the atmosphere, service is excellent and the food is beyond amazing!",tip
cSev2RDGJoKP_OqVZAhDjg,d4QDtxEVBncaFLAxggRoqQ,2011-09-13 23:44:43,0,"Great beer selection, great service, great food. One of our favorite new places to eat/drink.",tip
UCUSoLricQMfzKcZORVHXg,zIS_wYlDAzwSVGhD60CJQQ,2013-10-19 20:21:12,0,Great ice cream! Love this place,tip
jaRciyOuiB_KRgGzKO0rYw,_hBEKsX7puJ-2fnFfNLQmA,2015-05-03 00:18:26,0,Most of the menu is on printed sheets up by the registers. No pictures. Ask very specific questions before ordering or prepare to be disappointed.,tip
puvyO8VZP0RqQCvZVMVKjg,J6ZSgoKCLBDMMzuhM-aYGg,2010-11-27 07:06:20,0,"This room is Euro-small and it was $140 at the front desk, but $60 on Orbitz. It's definitely worth a bit less, but at least it's cozy.",tip
FXDYFQfOqoyMRWfdTBD05g,UV0vf6VGzuNsrUJdZVc1nw,2011-06-18 02:50:53,0,No college whores/douches to annoy you!,tip
tP5lC4NHiUDRgkhv_fd1gA,fVvlgMz91aQuFqa5d2RirA,2017-05-31 19:39:01,0,Friendly staff!! Love their prepared meals!,tip
KVLn7smk9UnjMIRfA0qykw,R9kExKCPOnCD8vVY_7Edlg,2014-02-21 21:59:41,0,Service and food....can't say enough! Who knew I liked duck soo much!,tip
-i0jgi1J1zjnOzL0_5KV2Q,Qk5HvQpVC17MaLlVIiThhw,2016-06-08 00:34:28,0,They never disappoint. Prices are awesome!,tip
KDzl9-fH_lrktcmHRFiiSg,aDnMMEmY7gm_oPIlweKHTQ,2020-10-23 00:35:43,0,It is so good!!!,tip
fCvMnJU1Z-XhAjKg99wK3Q,oY6osC4Ch3PvguA7D1hh_w,2019-08-17 11:38:32,0,Drive-thru available.,tip
2M5nrxf_CBlu-y0lKoqGhQ,UWB_Oi9dkPwXfhYgFMnjsw,2013-08-25 16:41:08,0,Awesome Benedict's. Street Parking only. Outdoor seating is first come first served and you better grab a table as soon as someone leaves- don't wait for any hostess bc there is no hostess.,tip
Nm3pTyfLdW9lauuA0lwTmQ,_zdARZbZNr4k8AD-SJDCgg,2014-03-11 05:10:28,0,Just found out that they are remodeling and coming back with an improved coffee focus! I'm excited!,tip
Wmux4GgQkNBGz4mb0BBT3w,GAuweBrcC_wK3a0UhZjwfA,2014-12-03 22:14:59,0,Weekly happy hour visit,tip
A9cXP_K95FRor1qxuUEu2g,cyP5eTRiUjtpAERRB9OiYQ,2018-02-25 18:04:10,0,"If you venture around the corner from their front entrance, you will see a board with upcoming events.",tip
jUZNDXcWki4t__UsoQ1JTQ,VB759uLxn1xSgrIrUwDZvg,2014-09-11 01:18:36,0,If you're looking for a great Chianti order the Brolio Classico. They serve it at the perfect temperature and it compliments pizza nicely.,tip
sxsHfVBO43iiyYUaVZstuw,pmVvOnrnC8LgUgStdAljeA,2017-06-09 19:19:19,0,They have a lot of the divided brand!,tip
9VNdG591wH3ZC2ZFbx1-uA,ffRs6Wqc_08-keLrL0xSnA,2015-09-27 21:16:35,0,This place is closed now. It's now Gui Lin Noodle House,tip
ThG96RbYay1Fm_6mSuaABA,6SEvNIRk086bebUMYPtq3g,2013-12-11 23:55:55,0,The haunted tour was entertaining,tip
GBiNmDc307qs8KDfQYSnEg,lDWmc7FpLjYoSFxrtbnMbg,2018-12-29 05:21:21,0,"So close to Jannus, yummy post-show, diner food.",tip
LPVxp83hPPvp1eP96EIcSw,gVuzYJvei8rVDCLmhWBZ2Q,2015-08-29 15:38:57,0,"When I was here for breakfast, they gave me a 20% discount when I showed my military ID.",tip
7jAPWwfrQW3afnfubmuZ6w,s9MfczTRRmvPiZlLBJqEkg,2013-10-13 02:51:11,0,Soooo sloooow,tip
CozGguiwx7JEVk7cAwdvpA,FYw5uf26ry8-MuPKD10z0Q,2010-11-12 20:57:04,0,Coconut cream pie slices,tip
ge-B6TdxkTIHtkEhZBo8KQ,GtrY5U_M1ac3bYCk0DUeIg,2012-06-16 21:41:16,0,Try the lobero with half ham and turkey with their dill pickles.  It's pretty much the bomb!  And a great place to hang out on a beautiful day in the historic prisideo.,tip
wGVW2Lhli0oUlVKbeVCVjg,mVc8zELrj_woaUI8wFzGkg,2013-04-24 16:45:12,0,Very good seamstress.,tip
SJyZ5JBTdJb4vMkPzA5lZg,f0LUR_q5RR6KsE5PbWwMDw,2017-05-21 00:38:12,0,"Not bad, not exceptional.",tip
4tSXsnWHzHCIQNbnsGgJQQ,jbJTF1zVmZsk4hea8hoeVA,2021-09-07 01:26:35,0,Always great here.  Prime rib is excellent. Drinks are amazing.,tip
UEBwo2c9KlhPjBfE5liYbQ,IL-wbqkMgqVGr9mxve3s1w,2015-05-19 03:08:54,0,"My perfect steak: Bone in New York strip."" Pittsburg medium"" for a warm pink center and charred outside. With a blue cheese crust (it's worth the upcharge!). It's amazing!",tip
mIHnZW5UP0vWCw-AZR23aw,Gb5nFcTgOBWeMrmCIbxqJA,2016-06-02 05:07:52,0,Excellent!  My fave! Great breakfast and lunch.,tip
wR_EBgcq9FIkJR9iVJMNzg,p0mxscqr7BgMR-I4pGM3Kg,2013-08-01 00:20:37,0,So good! The best gelato in town. My favorites are the hazelnut and vanilla bourbon.,tip
di-C3hvo0y1HP4ucIkzDKA,nF5QByCz21MY0KLtSoB5KA,2014-08-31 17:31:07,0,I had the south philly omelet. If was ok. Had a bit to much cheese but not bad.,tip
S5s3KeVRVX4XrTw4y8XcCw,Tz13KMJj899nhqpJvOksWQ,2011-06-03 17:48:34,0,Crazy and slow service.,tip
BnlKO8BfQGphbBoqhL6R3Q,b4YPBSnqU5_L6TUz147Dow,2015-10-02 15:54:30,0,taste is okay. Not as good as expected,tip
S7Eb27ej3M8_5JmXyXIVNQ,MaYb7qMN6BomP1zQGj3Wjg,2010-03-13 23:50:56,0,Gluten-free beer and pizza!!!,tip
o-o4GG9AKHnEPnEqJ54aTw,jEpTPqsOxic63LmQpGX76g,2010-11-30 01:09:08,0,Delivery!,tip
tLcF14Vzb1vmuxKksiHhgA,A3G23YppIXzk6CJKlD0H8w,2022-01-08 22:04:10,0,Place to get dry ice.,tip
CHf_Uk6x6pF740PA6amvXw,n7Zfx_oB_NjLTQZ2z5KhmQ,2013-08-13 21:01:40,0,"Good food, good value, great staff. I love mixing the egg flower and hot and sour soups. Even the water here is unusually good!",tip
STZzLPZkQ5FUVjlw8ztLVg,c_4c5rJECZSfNgFj7frwHQ,2012-05-13 23:00:08,0,Once again off and running,tip
IjRfrHLDHASS5BpG-L2vkw,w0MduHbQNWZkYl66jZIiEA,2016-12-03 13:29:00,0,What a great find! Amazing manicure and pedicure and wasn't rushed at all.,tip
EQpFHqGT9Tk6YSwORTtwpg,TEMI8cox1nHyZu3NAnC0dg,2012-08-25 01:18:52,0,My favorite DD,tip
XrI-QC_cRhRW3oHorfW2RA,r8B4hmk7e2VpSGNAHDxYsw,2021-03-29 02:25:23,0,Nashville Hot Fish Samdwich,tip
ikWD8meznb14w9yNie3bwQ,mGC1Y1DSWO9Nkg1aF9sqsA,2013-02-10 01:38:07,0,First visit; girls night birthday dinner,tip
KDw1B6VZ-c0cSobzgRx06A,LwX2vbzttWYAdoBoVtfvRg,2014-01-17 02:12:21,0,I love their fire pits,tip
-Ub6sTS9u9scC5y_85l8xg,asgdvbtpfIaDN0lvSrJFBA,2010-07-31 02:46:34,0,Get the tiki turtle if ya know what's good for you!,tip
T__CyGS2hC3fq51vGXv9YA,S_fnrMpTaM9VRzzyeTYr6g,2016-01-10 19:20:19,0,Make an appointment,tip
WpF-JWI_VqZmsTKaltWYSw,M_xppCCS13upKrRrPmc5Dw,2012-03-18 15:51:44,0,Get here early,tip
KcUjM5AkDMyko3YBQodOZg,bw5C-ANTtUBWp0ulMhO83A,2016-12-17 13:55:01,0,It wasn't,tip
Z0izxkv6fb16k7kGvFBaJQ,bxn-Q2gHLttkUDP9Q4tKbQ,2014-05-05 22:12:08,0,Charred Salsa,tip
FTGrpUXXEPwshxXrOgw49w,SlGNxQI23jc9iTZNTs_I3g,2014-01-13 05:55:33,0,"Decent food, nice beer selection. Overall a good choice.",tip
6Ct6xwJt7AJD9amnMkNckA,pIB0FCJGpTPnF4AWMh1fmg,2010-12-19 07:36:29,0,Shocktop on tap.,tip
fCvMnJU1Z-XhAjKg99wK3Q,_qgqa4X1OiMLqub1hHaMjg,2016-12-22 19:59:42,0,BYOB after 5:30pm.,tip
XsrOHfoPrIDXMtIGw7PyTw,9_m_iA3VAqGBJEW5XLc-5w,2016-01-07 17:44:55,0,Delicious food,tip
3l7OG-S-FebrbvX_d8nFfw,t04O0_A8BTSmxQobDlHHgg,2012-11-01 20:01:59,0,Love this place they have incredible food.,tip
KQMUHzxrTbhNChz3_tR4IQ,USNgqY8jQtEXUuEF8PmtCw,2012-07-21 14:18:12,0,"Found a booth with Halter's Corn from Vincennes, IN.",tip
yQ3_yaepq3CUsD4hDJQunA,73UjNbSoQjQAOS45rcihFg,2010-03-06 23:12:49,0,Goat burritos = rediculous,tip
1DcSyPYVg-RZ-VbF_5jV1w,-o6bah2j6_IH9pkwANXcLA,2013-10-11 00:29:09,0,Great 90 minute ipa and Chicken wings,tip
DCOwC1hU17le1d51IIye3g,UNoCxAsvobBrKWlY_jLCIQ,2016-09-09 10:19:01,0,Really fresh and good,tip
Ij2MPYRxdYMUXRpM5CVe4g,ol6ATB97MdIuhm6yAGOeMQ,2013-03-26 21:37:47,0,"Great coffee, groovy atmosphere, good times and good peeps!",tip
yNQU9f5QdqS-AEY2Gj7KxA,EO5ne2jClfd16Sus5D6i6A,2018-01-11 21:23:40,0,"Lester will take good care of you! One of the thickest fish I've been served with, definitely worth the price.",tip
tQC8eI4hPTpTzB0SaQ9SHg,wVrJOXjRrPKIfZbNnrl3ow,2013-09-22 13:33:33,0,Pizza hits the spot! You can order a whole pizza...Half margherita and half pepperoni! Best I've tasted in NOLA,tip
uHO7QE5en8AdCsfoxt2Cbw,6FX09pOrazvGT9s6_nQ7CQ,2022-01-13 07:24:49,0,Amazing coffee. One of my Nashville fave spots to get a real coffee.,tip
ve8J3jometSzOV6qMltZ4A,9DfzRvTs9tzFuj5PnnLOrA,2015-02-01 16:59:27,0,Free admission the first sunday of every month,tip
5aD7Mo_LnThxTSDqdresAA,KbV4RkZuCvPFBj_XDL4z6A,2019-01-15 19:58:03,0,They charged me $70 for a POLISH PEDICURE... do not go here it's not even nice,tip
NzmoFvh-YIXSJU8_k6jgdA,KdAWjL9MKjpJzEeI902qBA,2018-11-22 01:39:46,0,"Great quality noodles, huge portions, try the salads",tip
h2Z1m6rI_BtD8xp9miFRNA,tkyHFPJ3dBsjE2hA_tk_sQ,2018-11-19 04:03:56,0,The food was incredible!,tip
UkGwbG7iT0IZNJxCSU-yJA,x5zkOBa82aH9dsB8-ZUNNg,2015-12-11 15:27:15,0,"Coffee isn't sweet at all, over all service isn't great.",tip
btzyD8sU1n7dlgHRBECgzw,kPWhdq3mtf90Lwjg-wruYQ,2011-06-25 05:35:00,0,Live music!,tip
H_KtZlbyj7UP0uifcSldIQ,iUZEGx29miZObLd6_lt7Vg,2014-09-01 00:57:52,1,"There's french toast was the best french toast I've ever had in my life. ... They take card .... it's BYOB, including hard liquor.",tip
MUO1oi3Yg435GY5TWYHtCg,SyAYFxPBjuaHajx9iE7wLQ,2013-12-10 01:36:55,0,Holiday shopping- great time- no one is here !,tip
GCuDiPUKYxhgFHP5LqJa2Q,VVH6k9-ycttH3TV_lk5WfQ,2012-04-09 16:20:47,0,Closed today :(.   Took a cab out there only to return to French Quarter.  $15 spent w/ no chicken in tummy.,tip
7cdMiq_nJQei5I25fIunGg,E3Qk7xTznkT0SABL2ltpHA,2016-09-19 01:41:48,0,24oz ribeye steak bone in was awesome!!!,tip
O9m0V7aJql6CGZo4a3fNDQ,gVJuK1B1E2vUpqgkiwIk_w,2019-09-17 13:00:35,0,Delicious,tip
oOX0lHEv8boN_DFR8gN3Vw,AmI3LIUNwsi4023hOVGu3w,2011-03-18 23:47:19,0,Happy hour on the deck 4-9pm,tip
heyjhjOTMngaaxLgd0qRcQ,EYw42-YsnMr0pbqM5YXRxw,2017-02-11 12:31:51,0,The burgers are AMAZING!,tip
AHRrG3T1gJpHvtpZ-K0G_g,yYwNi8Ul3P3JK605fVUlDA,2013-11-21 20:40:19,0,Wish the hours were longer,tip
B7jUI8nZaPkTEr86FzxL7A,KToZclByHoXTZKMU4ALKlA,2017-10-06 10:46:36,0,Great family owned pizza parlor! We love these ma and pa places. Yummy food!!!,tip
F0z-3JQ1eMU37WJp0y_B7g,syX56DgsypCm35ZGASzuxA,2013-06-16 01:47:52,0,"Service thus far is great!
Food and portion size normal",tip
IZwQFfI7RKQcygJysy8t4g,p7tSGmWpFV246aYhwODgBg,2018-02-07 18:19:36,0,Best sushi in Tucson! Great prices too!,tip
XvuKfgZNeP3eqe5px8FXSQ,-WjTNKDYRyagBFCpHmkqVA,2013-06-30 00:26:07,0,My recommendation...avoid this place.,tip
zvmqxFybEpM6YdRH0ALUwQ,F1ud6lEu2IPwOMii86L2WA,2011-10-13 18:30:40,0,"If customer service is an art form, these guys couldn't finish a paint by number. How about a little ""please"" and ""thank you?""",tip
QCGm1zK-mNPLHllX_E_9Ng,I2CxrvM0BGH1svfxqGGD2g,2017-01-27 02:16:01,0,Awesome burgers. Awesome beers. Awesome atmosphere.,tip
zkTqDt3Ja-mPNdnxllasyQ,SQM7s63nDqst2LGRLQI7Gw,2013-11-05 03:52:04,0,Great Food!,tip
_7vapLfXeRXgAzUu97jh1A,WwVYDgzRO1KiAu-GRksQ5g,2019-08-24 14:17:00,0,Colombia coffee. Good stuff. Should've brought in my laptop to do some work.,tip
nAPU1-75Gqg71NGr_HosFA,4fraeoyJ94XIAlVnXNn-Fg,2016-07-24 02:57:58,1,Warning: Shoes run Large!,tip
c0kiDXM3ewN9KYsVz3nJfw,1Vo4BLw75ntATAJHYsxO3g,2016-04-06 21:44:56,0,Hang out in the barefoot bar. Happy Hour is a pretty sweet deal,tip
Uv7gLTHGZyHANFSOlrZWdQ,qdNRNugi-XWYFJ4N3DnInw,2012-11-05 02:07:12,0,Most bars in the area have a 2 for 1 special.,tip
Kiw8e5ND5YfxHe3awMzKYA,EFci0tbSrb7wko6tpVDnbA,2018-04-14 21:26:44,0,What a racist bunch of staff members. Shame on this Starbucks. They deserve 0 stars.,tip
E4LbERiYP_CdIZcyaALE8Q,-VvMsFD0W2nQuO9buaeC1g,2013-01-13 22:39:56,0,"When you go to open the door, remember is says PUSH! Place your hand on the door and move forward my friend your about to enjoy some Mexican Food Awesomeness!",tip
C_FgOAC_3sgfsXtSKk9puw,FkPDRoEx4eMsN3W7chLo1g,2019-02-23 20:23:53,0,Madison did a great job and was super quick!,tip
-copOvldyKh1qr-vzkDEvw,5uHqdix18wYakIps4lM6Ow,2013-10-17 02:05:10,0,"Fries, crabbies, & beer. Quick-Great-Hot",tip
7bPib2p9YeHAQDn3MPXmEg,uBDyz_ovcHRboI7PgVgXbA,2013-09-24 01:27:32,0,Not fine dining just a bat joint,tip
6D5FYIfqjiokQamMaT0rYA,hyWUsCIwubEYdgMl_hcSfg,2020-07-28 00:45:01,0,Again! Great cocktails! Jalapeño martini is a must! Crab cakes amazing!,tip
JW6oatjG0emUKzE6g664ew,R2I0DYnyEjn-Eu5eweuOQQ,2013-07-18 01:43:03,0,Great stop for Chase ATM users.,tip
Bw7S12p7KWjvgO9lz99s7Q,v8IbZ6wcvdyGqWpbDKDvfA,2015-10-26 17:13:28,0,Prices based on bowl/plate colors,tip
sTe-Vnzl9Of4NyMNW5UfMw,4DGJbaaFuCPJ8L4YJCR29w,2013-02-07 01:34:27,0,My favorite dish here is the Hu Tieu Ap Chao! Love this dish! It is huge and can feed 3-4 or even 5 people! So good. My boyfriend's favorite dish is the pad Thai. It's one of the better pad Thai's on the westbank.,tip
KFMQnFPdzOgYXuevNpwmqQ,sTHLyUnp1NtLm0-gJ05v2A,2011-03-27 23:24:15,0,"Nice staff and above average food, not as pricey as I would have thought seeing that they are going for Manhattan hip vibe. I'll come again.",tip
dIh7pPwdVsmEf0KDfJKHmQ,ctHjyadbDQAtUFfkcAFEHw,2018-12-16 22:12:04,0,Fantastic food. Period.,tip
2OPPq89LRawgFRyISi7wwA,b1CIiyzS1uA54JiWzlVJ9Q,2013-04-18 12:43:20,0,It's good,tip
g3fvuXVl26tamgMMCwOnMQ,9k3Q3hxE8TeSxNaiT_TruA,2016-01-25 12:34:53,0,I hate that they don't have WiFi,tip
_v0hpYfvTBfzXZW8W_fCvA,oYzq49fG7jokPLQ38bFMOw,2015-02-11 17:46:53,0,Mann...Sushi.,tip
DWdnvLW4Fqxi0gIM-WmIDA,ciKB8wZq7dEckawTT6DZpQ,2021-08-12 03:11:56,0,"Horrible customer service, blames it all on the pandemic. Better icky elsewhere.",tip
s-GrYrMFMHU_UVgOzKfwKA,IRYi5A6MhpDZx3OofPqnSw,2018-01-25 13:58:00,0,Great business,tip
5UowAg35JaQX5DBQ4v7_Vw,B4L--ZDG3oFPIn6KOEKWCw,2021-01-09 00:40:25,0,Shayla has outstanding customer service! Thank you,tip
4KLGB9Gqib-BSPs0ZZYBEg,6TUOsIU1vNNQcoauKrZFCw,2019-02-03 15:32:28,0,Had a great breakfast at 417 Union!,tip
s2-AFY5LZIqfomcqQ1xpCQ,dBRvtW3viFzmEq-eJsFy-g,2017-07-15 14:09:29,0,"If you order steak, check doneness. Our ""medium"" came back rare twice.",tip
UROLyPCeedgwBMhpwf4Pug,9Y5JPV0TFZpJXFokFxwewQ,2014-03-08 01:36:11,0,Coconut soup and any of the sushi,tip
_EIuMqvlS_HRUKk5CKzM-A,EigiUR4u0-2vyhD8Lbr3NA,2016-11-01 14:45:57,0,No words,tip
E9UmITwOvv1f-1USajuCfQ,9PXJkRLVWd6IMPfBzdJp2Q,2013-10-19 19:06:24,0,"Nice little 9 hole, the Catalina Mountains are a beautiful backdrop.",tip
8I8LTN4Uvl77VCjU_jwYFA,LuGObOHzB_PYzpgMSqCufw,2015-06-07 22:33:54,0,They offer 30 days of unlimited yoga classes for 30 dollars to first time students. Incredible opportunity to give all types of yoga a try.,tip
fgAu-GIovKRsTV_WqZ7ryw,r4hLK7eQ3YPXdhuc5M2Prg,2011-07-06 17:04:35,0,Burger time.,tip
8hriMIPMdybJpJTUffd7-A,zrfPrfX4AMGEJ_AHF91J_w,2013-04-09 18:37:27,0,Nice and cozy!,tip
kk1nflXAX1cGsbOnYm9vOg,otJAPyE7thHcLuFCM8Wtvw,2016-07-15 01:17:02,0,Food was delicious but the restaurant is TINY!! Plan on ordering take out!,tip
tL8BTxlBRMmyxXOT_Js1_g,C-txe2CgqAIV_5FAms_oIg,2015-05-18 13:54:19,0,Such a bummer that they no longer have the Ginger Apple-ade that was my favorite! :(,tip
sjKrjPYBZ6Amc4QagDD73A,tL0RRLZ8oQTmaee14lubqg,2010-03-06 00:12:27,0,Good drinks! Nice!,tip
oOX0lHEv8boN_DFR8gN3Vw,GVRjl2M1OPWX-fBnKX_cqw,2011-05-21 20:53:20,0,Getting my nailsdid,tip
dxhmh3kHRa3Dhdwgercr1Q,-EHrU_DwtX2Jv4NbAMppTA,2014-01-01 19:12:41,0,Get the fried shrimp ball for dim sum. Get here early or seating will be a pain. Dim sum carts stop coming around 45 minutes before closing.,tip
1MpKKGf857rzgvzcjeZegw,m6RGfATGF1aL_g7oYJ-mbg,2018-06-28 16:37:31,0,"Food is delish, but damn... how long does it have to take to toss a salad?",tip
qWbYeKQHF19XpWiK7-f9Tg,hC2OW5R-r11dPF20f7HanQ,2017-11-29 18:47:57,0,Grouper Tacos are amazing!!! Highly recommend them or the Original Fish Tacos.,tip
5IMtguFDufm8mVndormbGA,ELY0HI8GDEx0jkmREVna0A,2012-05-06 02:37:20,0,Authentic German beer & food.,tip
fCvMnJU1Z-XhAjKg99wK3Q,eV6TASovhCCBKPksZfJ8Pg,2018-09-28 19:07:46,0,In Suburban Square.,tip
s36amr8n8utKLguQ4Uy_9g,WNMUrgKf0QVbUi2MVmDfgg,2012-03-24 15:27:11,0,Super fast and delicious!!,tip
BavbaSF_yajhC_9zCfUIpg,MnAn9IDCGMTXFqUqJ5P53Q,2016-11-14 02:55:44,0,Good pizza. Good prices.  Delivery time was exactly what they quoted on the phone.,tip
rnc7w8Nek6Pj-UQ44B3xeA,zb-1vXW1WXvXe6fWZb-8gA,2015-09-30 05:20:52,0,Check out SJ Food 2 U to get your Mandarin Court order delivered!!!!!,tip
-qnZYtMnvPt4XWYH5oXDUw,6a4gLLFSgr-Q6CZXDLzBGQ,2011-04-06 17:24:40,0,"A Lazy Magnolia, fried alligator, and man hock... Let's see what this place is all about...",tip
XenvImjIJ4Rj73YlcFZzOw,HF8gKF3UDiSc94YWd03kkw,2012-04-06 18:41:21,0,Knives and guns...chris never passes up the outdoor gear heaven.,tip
JIiO4JJqNK1cZTG2IsxX9A,0HzLbrGgZfzanCDlKW0X0Q,2012-09-07 09:32:45,0,$5 to cross,tip
kd7R1mX2soYNrIbK7h5SVA,_aShVJ-Ys5_w7uD1k5MJVA,2013-01-17 17:58:03,0,Don't order the fruit bowls. It's frozen!,tip
6Gb4p7wrOoBDyztD76XVHA,rnpfTYbKvZCwRbSYf1-uZg,2016-09-13 19:45:25,0,"I highly recommend Dr Henri and her staff, love the service and their hours",tip
bGjjXHdlIJSvfHEq497OYw,N11PPHgx_XABZjfEG5mspg,2014-06-24 21:54:09,0,Tip these kids! Always friendly service!,tip
mPneOQHjPiGn0E11aQTc4g,C_L75EgPxg1BUoB_b-8aog,2015-04-29 04:37:41,0,awesome punjab couple with illest prices,tip
Vtze65lOl7gtYqSDOOGA3A,pVHbXwsqLxNzAx9rdwy2EA,2019-04-25 18:49:28,0,food was excellent!! no pic srry. pricey of course!,tip
Aoka0Bh1yEoe1cgrW4XpcQ,HK8VCqWyo1Rxw_2KTCn2Og,2013-06-09 02:02:14,0,Delicious !,tip
6Q8dQGr_DBKcmQ1aXVWvTQ,eJ77e9lGxY3ArzaoDbHhYw,2014-09-12 23:18:15,0,Horrible watered down martini. If it wasn't $10 I wouldnt have even finished it.,tip
miQzjfgp-y9cxbGUnRzj6g,Oo2QSeBVkx8HJQm8SIL1Fg,2014-09-18 01:18:28,0,9:15 they are open till 10 but they just put all the chairs up.  Not very welcoming.,tip
wYuoFLmvSU5EVVmf0ZgRcA,TOgkopnDE5q9mT074TDeeA,2019-03-15 23:34:47,0,They are super friendly to their customers and the coffee is yummy! Ask for Nolan!,tip
GmAdXfs14d6ApfCR_XKuIA,bDwAOwlB-HkOqvSfHumfng,2017-06-17 15:32:39,0,Boston creme was yummy and the donut itself was so fluffy. Delicious!,tip
wdJsM_d5Zl0q1KsRRGaJMg,ZKPrXH_GNW_AtZ31tP3NmA,2017-09-11 17:06:37,0,10% off if you sit at the bar for brunch,tip
fxeRdFmgY6tbTyidpcdFLw,U5UhfwSdpPiGRK_8PEDkwQ,2015-03-08 23:21:23,0,There is no inside seating at this location.,tip
xqb66lM5ZRGmHWOOr_oLhw,k8C4zFZDl8GcjIapHCB77w,2010-12-01 19:48:47,0,"More Columbian than Mexican, but yes 100% Latin. New items on the new menu and all delicious.",tip
rcsyttBT_a8B4pu4zF9y_Q,ZS7xL5JelxcoaYTaR5UWXw,2016-01-30 20:08:14,0,Pregame tip. Pack asprin!,tip
AoG7mVduUL7qQtjjFbtCOw,G97-9953XuYC3eouiF9utw,2011-12-23 01:34:20,0,Super smoky,tip
5Y5KbsI5buMcNh2hTFaRpA,BibBSNllRh8buBqQ1nanKA,2011-01-25 14:54:07,0,Welcome to Nashville Yelp regional community managers!,tip
YRWbsCC3eNhTZfjV7e1Cmw,OLkS4jfozQpUIUq0K6t_IQ,2013-10-16 17:45:59,0,Veggie dog!,tip
RuENJfPC9q-OmHuIbeReaQ,IW_uYAP59YwLVurBUfhs4A,2011-06-04 01:12:07,0,Food was good service tonight abismal!,tip
VvrSDL8ihNO_1eHKiT-Vig,5E7Zk3g6kLsB72J4EX4YkA,2013-07-16 16:43:36,0,Nice addition to the neighborhood.  Parking is by meter but very available.,tip
xfz2bTw0SUWuxwimjGUG1g,Wc-c_hQK4vFCl9keeVTUZw,2018-12-31 22:05:41,0,Loved it!!,tip
iyVmtw6OhN1ahKafcM0gww,UzU1N9XSoAUwn4Z8BIcvKw,2015-09-29 23:29:37,0,Great seafood and fantastic service. Visiting for Portland. Paula was so great!,tip
dGXa5xP97H2ENhChsB4ctg,EP9K6qXOyHFq_0tp93wh9Q,2011-06-05 03:35:18,0,http://bigfishriverfront.com/,tip
VNn8Bb8TKYvlE_yBDFHUDQ,srjmpCWPGHn2TTshSk2-NQ,2013-02-13 23:40:56,0,"Wonderful reviews.  Not disappointed.  Lentil soup came with sandwich.   Very good.   Have tried to make wife variety of lentil soups at home, none this good.",tip
1_Z2C9ddfealQHu-nLzbXQ,mLh1NbiTmvIx-4oDqRW03w,2017-03-26 21:41:17,0,Now open for lunch daily.,tip
k6-aMSY-0AzhGf-rolo2Lg,LqDzm5YJs07jpyIMYFnFrQ,2019-11-26 13:41:31,0,Great place for coffee!,tip
aEns5SO7PYbHzhtzotRLIA,qv_knWuSMcSIx-cRmYn4NQ,2015-12-05 05:52:25,0,"Come to The Reno Dentist for the best dental experience you could ask for! Dr. Sykes, Dr. Foulk and Dr. Zurcher are the best dentists I've ever been to for treatment. Highly recommended!",tip
7FWX013lYDLgGj7h3ARH_Q,r28E3Magy-W_w2V_0jfMdA,2016-12-19 02:52:10,0,"Love this Starbucks, always friendly service. Love my comfy chairs in the back.",tip
Lpcd2GQEkAzFoMfP8vUYWw,45ClmqPAagmNvdUojFULZA,2012-06-08 16:01:42,0,Curry gold,tip
IwfE8fUJpKc5lnqI8hjhSA,kFEhNVXrz-9MPr7bwl25RQ,2013-10-05 18:09:17,0,"My one stop shop for nails, toes, and brows",tip
OmL2bjLvvRxg1brM5Pehgw,DQlDl6J3okP13s3qFbNknQ,2014-06-13 21:32:06,0,Tons of flavors!,tip
w0ilWrVVSYF0QtDgU0Hjyg,4C8l_E3E3bv3napG0PDooA,2021-04-16 20:55:57,0,Their gator bites were better than any we tried in New Orleans.,tip
92t-yGieF_jyvZbg8K67lQ,V73qwHnLnFyJdZJGScXWpA,2013-09-14 17:34:40,0,"Epic selection of health foods, and products for the body and home. Their selection of gluten free products is astounding, lots of healthy snacks, and products that are hard to find in main dream stores in the area. A great alternative to Whole Foods or Trader Joe's",tip
OC_6_vzvt62EjWxsUkUCpg,nX2105_S9lUhB5rbhC2n2w,2012-08-31 14:08:16,0,Note to self ...get the apple fritter!,tip
XWbRA7dIA8Ib8qm0NUNa6g,74cC2fp7ED4LLi2dNRTrWg,2015-01-08 02:15:03,0,Maple bacon and salted caramel oh my!,tip
vMm_ix3C4ND0XG92i-SuWA,PVVFos1LDfD7iETY0w4vaA,2013-09-14 16:24:18,0,The kale with dried bean curd is the bomb-diggity.,tip
lGWKxyFg0lEe7Rvyjkgbmw,OI2J5UsaCSD1xFnY0psJ2w,2011-01-23 04:02:54,0,Come and enjoy,tip
Lyp3PQAt_tg1NUAsxkjtvQ,ZEd_RWWRVGqLlM5DUiXCeA,2019-03-30 21:11:23,0,amazing coffee!! great area and excellent service,tip
COVbqVNcua3De1WzdBvV_g,XC30E7D4gfIrLmh4d4prSw,2014-08-23 22:42:28,0,Bam bam bam !!,tip
X3ckTqgWxjsje0KP2-2xMQ,r_Q2jBz3x1h8KEn0mxB1ig,2017-05-06 22:07:17,0,This is by far the nastiest Target I've ever been to. So gross,tip
A3KZDoUKLxmBIL3QnL9bIA,M9EMOYyem3oWU1VLl2NiKg,2013-05-19 23:16:09,1,Awesome food military discount,tip
9PQgagvqCw5PtWZmLoDKYg,FEXhWNCMkv22qG04E83Qjg,2015-10-30 05:48:22,0,Have mercy! These are goooood!,tip
k_Nkj3qj4koRigAoesgOJg,14UWSgKjw5YLBqKYjBPjtw,2019-06-08 23:08:19,0,C  knk&?&!!  C ch,tip
w9CAT79Nj1ofsHKZz9BEfw,6gCQvovXf3wmrfwuTyeLlQ,2012-06-30 18:57:45,0,Love the pineapple water - super sweet!,tip
U2cTPixd8mQxM6CHmacHgA,QfRQq6IkOmnkAwuOfMsNew,2015-12-28 01:59:46,0,Located in the old outback/sushi Sugoi building,tip
OTyWwS4XUDLTxfuuy6R1wQ,eeKv0u698VAv3tkkTBi72A,2010-03-23 00:40:25,0,Free pool on Mondays with a drink purchase...,tip
3L38ANdK969R4QpRVoJqtw,J7Oo9rhwX7O3ak54pu_Mhg,2012-08-29 17:52:34,0,"Why does a $4.99 meal cost $7.46? Captain D's math!  Come on. You aren't Red Lobster, nor should you try. Another Shoney's failure, eating the scraps of other businesses rather than being the best, as they were in the past. Sad to say it.",tip
E7rclTnm377p5_5arQiG3w,3Ym00dQ_oqZ0zunGMLhX3Q,2015-07-20 23:19:49,0,"Top notch, fresh food. Great atmosphere.",tip
IML25ULTDCnR_o58BIQWuA,3HPeWFUzyoyM17a4_HOHIg,2014-03-27 02:21:04,0,Snooty like me?....welcome!,tip
nbDpPR2s__9I_REEITCwlQ,wt5UODrqq6PXmwGuH657qw,2015-04-25 21:02:59,0,Get your pets affordable bath here.,tip
bItJhUeJsE-dBuDoynvFKQ,7gvhTYbmnyAiGuG-TRlf8A,2015-05-10 23:14:08,0,Worst customer service I've seen!! Very unprofessional staff!very disappointed,tip
KbReowgnM4ZOI9kyGHQHXg,lWy8locigysBb6Q0HxTECA,2015-09-10 23:46:52,0,"I told you they wouldn't make it, bad service and sub par food will never survive",tip
xE_-bOaOwoOALhV_fsSOhg,uR7G8I4Cef9D9R340TN24Q,2015-03-10 23:39:32,0,Great Fowl Gumbo and..... The stinky stew is delicious.,tip
EXJj7S_nsfqgraUUaYM3BQ,vFpbUcVAXxrSz5mFIzKbyw,2013-03-25 22:46:46,0,Hanging out by the bar as always.,tip
Q9gwY8ahU8kgxhMlq0Xt0g,NT5S6JV5wPwKOd3s3Yh1zQ,2012-10-19 01:58:58,0,Ehhhhh there are a few things in life that should not be messed with. Ketchup is one of them. The homemade tomato ketchup was less then desirable.,tip
VO0poUGC2918UCMHPn3QAA,IXgC2fVCd-cQCheexETNUg,2016-08-25 21:15:43,0,"Good food, service and pricing. Will definitely be going again!",tip
Y168y3YkSgY_ptXwp0E2Eg,iIBWemwS12H9q7QyCU-ziw,2020-09-25 12:26:09,0,"Beautiful place to stay...I'm trying to buy if they go back on market!!!  Rooftop bar on 6th floor, live music at restaurant on scene.  Beautiful dock with many slips.  Staff is amazing 5 star!",tip
9t0q6uTaBh0GmnZQ46hweA,Tl14YHQu7uTTo25OD_uGRw,2021-02-02 00:09:57,0,Great pastries fresh and very delicious.  One CSM nothing bad in keeping it simple.,tip
b6iRUnb_RMUP0Y868_onnw,XqSLir6xs3I6ntf-xIQzrQ,2017-08-24 22:37:26,0,Hospitality lacking. Left,tip
-muNAYCmylCP7kype-VCZA,PH41qdysinGhW9iRqQxqcw,2014-04-01 19:46:19,0,Cookies and Cream doughnut and Dutch Apple Doughnut are a must!!,tip
T-s5opPh1dy-JbopOckDHA,FzlwYkW9HzZ2PFDxxpcfew,2013-04-19 23:51:11,0,Best tomato pie n salad.,tip
Lb-0y35-vafOkfd9YBWXLA,PcamveJ7jyN7MtoBbhf6Og,2019-10-02 22:30:28,0,Add some heat to your day with the hot pepper style beef,tip
DRORtRom7Yfygp6BAE75aw,vBMgb2yGnu0JJdwy6vI6Uw,2011-08-20 18:52:51,0,The chorizo taco...dude...try it,tip
W27MBoXj0FEpaWXiMu-fpg,fL3i--HWKZlvKaLOZaowUQ,2013-09-28 20:51:11,0,This sales associate at wilsons leather thought I was stealing my own purse!  Said they had my purse in clearance and didnt. Calling corporate! !!!,tip
O40paHWeXBtN5U84vHQx0g,wD85uEvLs1ST-J2r_xUI_A,2013-03-04 18:53:01,0,Greaaaat,tip
XgNPB5WVVNrvQcv7g2HXKQ,8owsnyy3mAeVLlYQWD0WYg,2014-04-09 18:32:43,0,"Don't bother ordering large fries, unless you want 4 or 5 more than small for twice the price. Not impressed at all.",tip
ESQ93LWPbWaTtlLamOUgYg,Fft5hj-CTvdk6enKdQpDzw,2014-06-28 16:12:30,0,This place is a big deal,tip
tKMD-ZPvmVsV3bP6S6gOCA,lGE_dfU58hoOrNxPIwH3xg,2017-03-13 16:10:40,0,Amazing sandwiches,tip
bYENop4BuQepBjM1-BI3fA,bzJvdwBceD4bMnyRnUpFvw,2010-12-07 03:45:18,0,Live Christmas trees - from celebration to yard.,tip
EUiE-SYxSRyXfKjk7IzAxQ,OKpDNWOd-XdMKY5_rLlx8w,2017-07-15 23:27:01,0,Just ask for Paul,tip
mJ_pfQbfYiNBhj0uxCH5vg,df_UStxBFDYNSd-ngoR1-w,2016-04-15 23:57:42,0,"Fabulous tap room 
Belgium style.
Great IPA and Porter.",tip
VIKzQ1NcRkWuFCJKDPG3xw,VoA-j6WAPxukVHmVscgnsw,2012-06-14 16:41:47,0,"Special of the day: stuffed with buffalo chicken, applewood smoked bacon, cheddar cheese and ranch dressing. Sweet Christ.",tip
TYyVL8vsVhn4vf74lYY7ag,tELoGj2QJYYFQ1jo_XXbpA,2016-10-05 21:37:39,0,Loved this honky tonk. This was real Nashville. Enjoyed the music and crowd.,tip
iEYfyCZ0DHoQ7KQfGDKJCQ,jXrhIVKcJ-upvglUmfC1pA,2012-01-03 15:38:59,0,Be nice or leave.,tip
4vFMuSR2dexU3v5fTCJUDA,fjBjgnxn51VW04F7wgBK2g,2015-05-24 12:37:19,0,Garlic knots are must,tip
6kiYJgRqo5GYJGQDhbLZSw,XxCqZgZBPjNYK-D7RvgtDg,2017-04-26 02:42:53,0,"happy hour?.. ends at 6 pm!  prices went way up on food and drinks,",tip
aIJR4oFzoHkX1c6Tq-ahRw,teFjQxUqT8c-yxQdoILDVQ,2018-06-21 20:56:44,0,A little pricey but not for the quality of food!,tip
AyElRf3atVosJCXf4EpB6g,W9fAI-P0RE6f6XhmojkvtQ,2013-10-31 01:12:39,0,Get the homemade shaved noodles the best I've had...,tip
Yi2X71knbPX7pqZ9U8s3wg,qfWWx0dVo1UuAhRfh03Dyw,2013-08-25 21:13:43,0,Bee Coffee coffee soda was awesome,tip
d0dXGxcRWj4Jh-MU_Qv82g,Pkeen6G8FdgFyyE6VpZKoA,2012-02-03 02:47:41,0,Don't forget to order their homemade Orchata.,tip
73Z1L0eG-5dyBGTKdfx1RA,jheh7sqcvJVZg8p5cMpVOg,2013-04-06 13:01:20,0,Extremely friendly staff!,tip
eCy43X201JNHYKbPDN8xpA,i2qrXvLkhyG4xyRI-ddcZA,2015-01-27 02:58:57,0,This location is CLOSED!,tip
sAMLcYn6Meo5Ri-YDAy_DA,P1ziWG09IBhJmaIaCAlxFA,2016-09-17 01:50:08,0,Good food the soup is very good fast and clean place,tip
GI7RINZ7WKW2bNeRsRJtcw,1nNYcxl_ItIZ61pO2ruNaA,2012-09-16 22:39:50,0,Love the idea!!,tip
PVAhVJo1KOEqZZb5vC91Gw,pldnKZNb3fKPmr-zxaqA9w,2018-08-22 02:15:53,0,Excellent service and quality food! And the cheesecake is amazing!,tip
d1MRUCxRYyv-RFcqt3Hh7A,fApb6LKfOdy5u7MP0hsHKg,2015-05-09 23:13:45,0,Great sushi place! Very fast and friendly service!,tip
yRWyJ9AaVm_M0RGJ_IoX8Q,7Oq3AI3omXpvcN9xDzNeLA,2015-02-20 17:18:47,0,"FULL MOON FRIDAY $5 blue moon bottles $3 coors light bottles all day, $5 bacardi mojitos from 11pm to 1am at the vodka bar",tip
tgDalgdPNb8LyNtvCRcyEw,tz5rytGzU6DsZpHUxTRhUw,2017-11-25 23:56:57,0,Awesome bar!! Angie at the upstairs bar is great. Try the fireball and cider!,tip
AmG58G9hWcGuvlhqKYmngQ,iZNVXy87SXHxlK4I2eLJHQ,2015-04-23 16:30:39,0,Cavern is a lovely indulgence. Baguette sandwich was incredible. I'll be back!,tip
CVawaVuleQkDSaOkyHJgWg,KDC4yE8av8-A5TxgmjjUiw,2019-08-02 23:39:42,0,It's my favorite place to bowl,tip
fCvMnJU1Z-XhAjKg99wK3Q,2CTROlVg82eGFAHPxqjAqA,2017-07-20 15:24:29,0,Now open.,tip
XBlJI0ZFtXlm5ShS0uXqag,sfOczyUZLffzSOVeVBbJrw,2016-02-29 15:15:05,0,Enjoyable food and excellent service...it is a cozy neighborhood hangout.,tip
-G7Zkl1wIWBBmD0KRy_sCw,YELKzDctQKZEdZ8WzEzSbQ,2014-05-11 00:37:59,0,"Nice back dining room, like a sidewalk osteria in Naples.",tip
5a7o8Z_jc1pabjavUjWyiQ,f9qCx8fvtSO4ZWdy-oNdsA,2012-03-11 00:23:40,0,"Spicy and delicious, but taking a stupidly long time tonight.  Drive through, pull over, wait indefinitely.",tip
XrXmcgqTauOhoiptLO8mcA,Q-prSTdggNlxAEFV88BZOw,2011-04-30 20:36:14,0,Awesome beer pop'n off in this jawn!,tip
TKGQXrDc-q2cYogDi8DGcQ,D44IBRDtEScaWELey5IfCA,2016-03-03 23:33:48,0,Amazing food and delicious drinks!,tip
aaI0Gwmi_vsdM53cxCp7IQ,1ddqdY_piKp-abaZ-bGRSA,2015-09-19 23:29:47,0,Get a room....err both I mean.,tip
K9jtAut1l85vQkq6UG_5EA,k6TrqmNB8Wu7PQ0NomCPJA,2014-10-25 23:35:44,0,Delicious pizza!!,tip
pt_KHDptwOUQOZJnDBNUdQ,2WkvkW-kctI1hwDtCzAuNg,2017-05-10 05:08:14,0,I love the frozen eggees. Don't ever leave my mouth.,tip
JsOZKgLrNq2XXPZu4Shesw,kLG2-BOk3YHDXS8PCxekZA,2012-05-26 03:57:29,0,They have diet root beer. Good for some healthier mixers.,tip
V_H-8S6m6G3ogk8qsE7C-A,oDETvkVkHw7CjZj7ZOZFOQ,2016-12-03 17:43:09,0,They don't use real French bread for their poboys.,tip
mN059uGSp68A5g9NXzsg9A,csS_UrBujOvjASbX3gLW7w,2012-04-30 15:41:54,0,Throwing down with the Santa Fe Burger.,tip
iZGvnFdcS0WAhgFiTZ_qsA,_ADJ8WRmfok-01lwYplybQ,2015-04-18 12:44:32,0,Best place in town for a massages! See Ms.Kim.,tip
XriSrWqgGSSiALaM7Gv15g,Iy7-VFi13z-ZUVtJ1M1A9A,2021-05-06 01:59:50,0,Great music! The band Connection is fantastic! We're here for the second night.,tip
ptvF7LH5_50PhI_kYd7WIw,UJPBWRS55qeQgOJydsewQA,2012-12-02 21:18:26,0,We need one of these out near Vail!!!,tip
1wgYYWKWoDl4WFA8shpzKg,ol5npt2HXo9r3yKa3wBlYQ,2016-08-22 19:19:54,0,BYOB! Also great lunch specials,tip
ydugS8_EBdpwVLWjozayTQ,JgcvaSM05Lj7Mumgb5w0FA,2016-12-30 03:13:44,0,Called in a take out order. Quoted 30 minutes. Took one hour.,tip
2B9F15-xrqh4qgGADMo-yw,z2FRDJSxRR3mmC9syR25xA,2019-09-19 16:26:48,0,Beautiful replica and the Athena statue inside is very impressive.,tip
mg61cTpZOG2i4o_ScuRyPQ,TREeB3OyL2YvyoenMjWTLg,2015-05-04 03:22:40,0,"Food was ok nothing special, not kid friendly at all. Service was extremely slow.",tip
wrtRHgcx8KfCB06CcyVWag,YpGPZ-Zg89BsFUWwCXoaBw,2018-12-08 23:16:42,0,Food was amazing but cocktails seemed overpriced for what you got.,tip
n3Gg5mIokBirc8s_unINnQ,AHtX7vm26KgfX4Mcx8M6pA,2014-07-03 18:30:31,0,Margarita water ice + Jose Cuervo agave blue tequila = :),tip
QQgLgQ2qbpQsPb7UnrVxLQ,7z16CBc74GhbyqalwZrJUQ,2016-08-08 18:00:34,0,Best place for congee!!,tip
H-PUXKcmpyva1V6qeeDpDA,gUIZcY8jYpYNg00J3gQlpw,2011-05-21 20:13:40,0,Green tea time.,tip
-gO_sVl6o4utb66u0ND5Fg,NYj8uB9-u0SmRMNDNktb1g,2013-09-28 21:51:59,0,Cheap beer good cheese steaks what else do you want.,tip
aDn3MbHKUmEtSFyvq_ZJYA,vgE6H37Bz6ahQw90szHRjw,2016-02-21 13:14:04,0,"Good dumplings,  too expensive for one.",tip
PWdye8-VRbkTtKP8oCvDYw,iK_T56DTbThoxtI7mJpzPA,2011-08-21 21:16:23,0,Hope my Sammie is ok:-(,tip
mNnpREUEUAu2PKRxKasPZQ,fT5h8f6kVGdUg70SMRTyNw,2021-04-18 15:18:19,0,Best Indian food I've had in the area! Very filling too!,tip
hSLcw4luYhTkjeyW14XOOw,RnonJF35oVk94puzrODrJg,2011-04-26 00:29:45,0,Fantastic selection of bottled German wheat beers.,tip
8RcEwGrFIgkt9WQ35E6SnQ,hExi86DTBlmIhB2FLvqrHg,2017-02-18 02:18:13,0,http://www.nytimes.com/2017/02/17/travel/tampa-restaurant-on-swann.html,tip
oe7t2liKT_qF82spx9csKw,cwPyxA58P6Lxef0gOP3RcA,2017-08-12 18:08:00,0,the worst !!!!,tip
lP-Ijiu6-6V7jqFhKZdxSA,aTBBfJKm8WnHvs0v_62Hmw,2020-02-10 22:34:58,0,Amazing!,tip
EZxdmp1_mXzPaHreZkLWTA,PGd06nrseC2YAIqP6S9gUA,2014-05-04 03:54:20,0,"Friendly staff, great prices, and most importantly: delicious food! Worth a try.",tip
zIvI5Qll08H1yV10SUbAGQ,n8JNYbBmja-F2IL0X2RALw,2019-04-21 20:39:21,0,Awful service,tip
SM32a07gqNeJsmCZ6Ytiiw,YXaCcpETNtxrNNK6TbUTlw,2020-06-06 13:02:19,0,Bomb!!!,tip
84EEv9mPwM3YpbWwo-aHxA,UwI-vRH7Mu6PmsPR67MXyw,2016-11-06 18:09:18,0,Best sandwiches EVER.,tip
mYFPm_8nGWOHzXhUq0VrSA,Mcj6MC23gIny1n0GGeGDQQ,2012-04-04 23:20:15,0,Boudreaux fries!,tip
Ase_kJIYuT6yOsqqVPuWUA,SA10MB4CEw0YikMuhOxyYw,2011-11-21 13:56:09,0,Don't allow outside drinks despite that fact they're located in the FQ. #howlame.,tip
MKCdwI8Fu87htSTrqgFbfw,KCDcPliB3CEeakrf92prYw,2016-01-30 02:39:25,0,Great salads,tip
wdNTfRMdKZqpOo1G4YJGbA,WT8Xrlie27iXnZAzsrf5ig,2011-02-12 00:12:12,0,Tamales!,tip
B2_5dY0fXilZU2He76225A,UaUgRZciqidjiLwZC8EkXQ,2013-02-14 02:06:19,0,Great food and very good service! Thanks for the awesome service!,tip
C3cEmbbFtbC-ItaH30_E_w,_b4_ErF9lEE6vePd3lAJgQ,2011-08-07 03:48:58,0,Get the Onyx Tea.  Awesome.  A nice laid back atmosphere.  The DJ was playing some good music.  The staff provided excellent service.,tip
xDRMbT2_tawTHbujRaZSZw,FTFaEinJgzqY0ZHQMUSpQQ,2012-05-12 23:49:35,0,An excellent selection of brew.  The elephant seal IPA is a must.,tip
gAq1LRj4t5UhWtw4tng6dQ,CX41cIFRNSYtcv8ZbpiMkw,2011-09-05 19:14:51,0,"Come hungry, large portions!",tip
yqBLNQhmGP4Yb6LOnimNQQ,W4ZEKkva9HpAdZG88juwyQ,2013-11-28 20:29:01,0,"This place is packed. Has a friendly, homey and warm atmosphere with a classy feel to it. Prices are on the high end.",tip
D2Oj0HPSY4MjK2_VTYgnRw,i6DlLLxZ2iwQRxhUDx3TTg,2012-05-05 02:47:07,0,Overpriced for just mediocre food; kitchy ambiance that is fun but presumably better appreciated in the summer months with outdoor seating.,tip
IIVOHRrOQF_xWpjcu7jzSg,fRKTd27NSZ_WE09s8dHUwg,2013-05-21 08:11:24,0,This place is just terrible.   Burgers taste frozen as they were dry and no seasoning.   Never going back here again.,tip
wrr0dyGcUlX4DwdTx2d4tg,pFzcy84OCWx1_x2Tdv7g3A,2012-10-18 02:19:39,0,"service is okay, good draft list, food is unimpressive and bland. menu is overly trendy and relying on novelty. definitely not returning.",tip
bwpkB8GiecqtD556SlKNYw,WYel6hMEEPNwzVUlVBacbw,2017-11-18 14:05:48,0,Awesome for a good lunch!,tip
ePcbpwc0MXl3Iorp1TqYuw,r5Z9zAuTzO92qNU-IsT-cw,2016-08-25 21:51:38,0,Use quick pick up to have your order ready when you get there,tip
c87zSGqkAh_HhGM7nR13vg,UjXH7iq8eYauQoGswkxGYw,2012-03-12 16:59:37,0,Besides one person who works there by the name of Chance the staff sucks. One young lady working the register today has no personality.,tip
U53g03FvzB6yESJeU12CrA,UakVMT3xrpbFB2pHdxPjnw,2016-11-06 16:35:05,0,Been here many times! Fantastic breakfast and wonderful service! love this place!,tip
WI_popiz94TU4oksd-T60Q,t6g6Lj8WzjIXXucCl9jdTQ,2021-10-30 23:52:59,0,Love the sweet crepe ice cream. Would love to try the savory too,tip
9hIZfdgtWoVAg8eMtjiqkA,Gl2wxwEVFEc9Kb9TXIXQ5A,2020-06-20 02:05:21,0,You guys are awesome! Your beef noodles are off the charts!! Thanks,tip
7uImU07iGJJYRqvbpt5XPQ,h4RaM9E8C0d20Uw-nLR5aw,2019-02-18 20:55:47,0,Come early on free days,tip
x9Knk0VgSrQpqDSljdd54w,tAVOiCKEh9AsirL7mgxR6Q,2019-11-21 00:02:52,0,Great hair salon! Hair stylist is very talented and friendly!,tip
qpWjyqFtPM0aqQ-SOqd3nA,a32M9H9nkkPGKTKB5W27NA,2010-02-16 20:42:48,0,Close to the Amtrak station.,tip
6iVbNJIErk7r8N3oK2aKzQ,ApKux2Zy-mMN5w0Fob3buw,2014-07-03 00:51:01,0,Ask for Lyn! She doesn't rush and does a wonderful job.,tip
GVGsPWhrOIfRqjuPZRiuDQ,X078zqwEzQlw37iyG-A8TQ,2015-08-13 23:26:02,0,Perfect attention to detail with pedicures. You leave with polish only on your toenails.,tip
JUT0U3HTSB3kz9Wh7N0GqA,OMT709IPPEwN91CAXpe9dw,2011-07-17 04:34:15,0,$4 dessert at 9 Th-S.,tip
vK_wSQotvRjc0_e5oucdlw,ZHFZn1O_OqPWEzXGP3w3xQ,2014-08-11 01:48:15,0,Some top shelf,tip
uKlzUuusUZHCVnrcU0vA3g,Su0N7Lv_8AiV8xaV81WrVg,2013-09-28 17:38:45,0,Great onion rings.,tip
uLHTQMhW1gJGTSeoC07Rew,hftnzIIZaq7Uip5bKRrY9Q,2015-09-11 16:26:07,0,Nasty pumpkin spice latte... Chunky powder when I opened the lid to look. Gross. I think I'm done with TP,tip
WjNvnGTJ1p0PartzQ2xntQ,LCS2sJH5S2kFquIL_FIqAg,2015-08-20 20:27:35,0,"I always either get hot tea(peach is the best!) or chai tea. If im feeling coffee, I got for just plain iced or hot coffee with soy! Can't wait for the pumpkin flavors in the fall though!",tip
acsgklztOz0MzucAeiTcuw,rXA6s5JChbYlyqSbbkZboQ,2013-01-16 04:58:59,0,"V
O
M
I
T",tip
Q1svqLwyzfxHh3grc00nNQ,PwlH3k8FbE2r02fSvFScGw,2019-06-10 17:06:34,0,Feel so dirty,tip
md_iRWXyM5KHkLDXY57eCg,WvjC4PvpKqLAPLsjTJsWkQ,2016-03-30 23:04:11,0,Great service.. Best staff.. Awesome crowd.. And the views..oh man the views..,tip
HRH1RZaQJEQLFQ_jORF0oA,NT5S6JV5wPwKOd3s3Yh1zQ,2017-08-04 00:39:46,0,Always a good spot to grab a quick bite. Great staff and burgers!,tip
o7CmFQPa1g9w26nkyokSmw,e8pmtQDcqswI10purqJ_eA,2014-04-26 11:57:05,0,Friendly staff fast service with a reasonable price good portions good food down home american faire,tip
b04j25flcWPBWnakQgF7ow,NT5S6JV5wPwKOd3s3Yh1zQ,2018-05-06 01:05:45,0,Some of the best burgers in Nashville!,tip
EIPN7GwMqVO9IJV1TKPTRA,vejODO0L4F5tcnDkBq1_Ig,2012-10-08 01:20:54,0,The Mediterranean pizza is usually excellent and delish. But they delivered mine today w no sundried tomatoes without letting me know. Lame.,tip
D6UivTYxQmXu0VNTAlHdiw,UsFIHRX20NkCtxqJuRF6yQ,2016-09-24 17:00:37,0,This place is not worth a second try. Dirty and crummy looking. The waitress was a very young girl. I'd hate to see the kitchen.,tip
GwkWzDZ7PU_9AYtugYCS9w,8O35ji_yOMVJmZ6bl96yhQ,2012-02-03 17:54:01,0,Very inefficient TSA checkpoint at A concourse. Plan for extra time,tip
pUF0ZK6cAaN7fQCDGzT6NA,chUeS0h9C8KGfyJO2Jqgew,2012-10-02 16:32:47,0,Really like the Big Greek salad,tip
mkG7hD4ND6grmUUnhA1AjA,yKoYrahfJtHnpYXnZMg0eQ,2013-12-01 17:56:55,0,Wow,tip
QZcPRfiDuXTIbLH020TWgA,0XqNLXvLK3n6j5uDww1qCA,2012-11-16 18:38:50,0,Good food and friendly staff but service is slow; don't come here if you are in a hurry,tip
PfN6VuZiKhMd1sg3bmUKlA,RvfzP-SjtXmkQxqmt96MBQ,2021-09-30 17:33:55,0,Closed,tip
4TW5NssV3hri4B8z_oMoxA,_nr55LynLNOswg8SKVlkgQ,2021-07-03 22:44:25,0,Great while it lasted on Seminole Blvd.,tip
A11RWIRrkbpx35aNZ9EPCA,emTNYy-Ct6pitGa0vIV03A,2017-01-06 17:44:32,0,Freshest fish ever.... I always come here when I'm hungry for fish. You can't get any better than this place. Right now I'm about the colossal stone crab,tip
ZT1C1XniADOsFVi65b-qCQ,Sk1WdGuaCNQlQZ_u_JE0Ew,2018-07-31 21:23:47,0,Everything is just a nut.,tip
87L_KFhQGReDb81pD9VuoQ,w5IUc_Wx7-iZ1r0HBM5DTA,2012-09-28 23:11:01,1,"This is my go to for a great lunch. Always interesting specials, amazing side dishes and if they have pie- get it. The menu changes seasonally. Mostly local ingredients and a very friendly staff.",tip
TIeXcKbDeGBy-UsgSjRJQg,n8F6d2M3vGfQSZCXy_2ptg,2013-01-16 21:09:25,0,Drive thru is very quick and service with a smile is almost certain!,tip
mqZLRGSUSPdww4H_F3TBgQ,LszNNWHn3YiQ0XEtXOkaRA,2020-11-06 19:32:38,0,Bravo,tip
-veZyC7JFxw-7dz8uOBKcA,aPI5KpboojbTqLEMH_oY7w,2015-11-16 00:15:27,0,best oxtails...,tip
yq89JXHxlBGlSPsLyTy3zA,OepegcksAfr6LDOlRTg1Wg,2021-09-13 00:27:07,0,good hookah and a fun time. would recommend coming back as i will be soon.,tip
Zv5dOiuJ-LQtJlYaLRN2WA,qSjBXoE5TszEmRlu-WNg7w,2015-01-05 01:09:34,0,Small space. Tough spot for large groups but very well worth it.,tip
Dngy7E_OKnjUyioTHa215g,_Bi9kN_eR75G1eqIl7S3pA,2010-07-10 04:13:58,0,porter fries,tip
YsDbMDO7GAfcqZOwicRzdQ,OhNd1a8btwomUcrN5DjwKQ,2016-05-11 18:26:22,0,Order some Thai Tea,tip
sHUGfdxpoliHiNlGFn29oQ,2VPX222bhizLlWZrLQL3PQ,2013-04-21 03:54:07,0,Always unique when you let the talented BTs pick for you!,tip
C7o9ytlXsyU4_3MQuY1T8w,h2-mPUMYJ5pF_gVurDL3lw,2019-12-07 03:45:09,0,What just happened?,tip
jk5dcB_MfWglVdc4ILfWkA,hgbgnJliD3XlbOaTQ1gLDg,2015-03-06 23:22:16,0,Much better than Goombas was!  Happy to have them in the neighborhood.,tip
vqRJf9RqKIIvB7gwpIjnew,q_S1dx9WI54X2Ll1pBW-9g,2015-11-22 14:25:33,0,"BEST PLACE TO EAT! 
awesome staff, and great food. Quick service & delicious food.",tip
h-dhemLg6Ne-2SFbM2RN6Q,G1280tTnHsioeQHTaWyK3w,2013-06-01 21:51:51,0,One of my favorite places downtown,tip
siVtjO8xrSxbrK-zqXCGew,pjbWU2dMUgPLfnLakIAivg,2014-11-07 20:07:54,0,Brook is a great bartender!  Give that girl a raise!,tip
bKVHLeGUk5HAEKK2MkwsjQ,XoS-hu_i2Dr8VxzeMxLwVA,2014-04-15 12:57:20,0,"New, spacious, with big windows and a patio with a view of the Catalina Mountains.",tip
HsyXaPo8PCx38bDmonyk2w,jC9FZXCw5as-pMAuHIMt5g,2020-12-14 15:15:53,0,This place sucks,tip
FW3VIGFoeEvfCq7c4PzhjA,2Q5gjf_K68145UdUyKGAaw,2011-03-09 19:57:53,0,Every crepe I've had here has been excellent!,tip
levbOHxPXUchYae74V4cNw,tM-tPqhXx1ozGf_79dLJ_A,2013-01-05 19:06:37,0,"Cara is possibly the nicest person I've ever met. I walked in not knowing anything about U-Relish, and walked out with two crockpot meals and some dip...review to follow after I taste these (assumed) culinary masterpieces.",tip
d2dI_FmY21o3ULtmI1_MgA,a32M9H9nkkPGKTKB5W27NA,2012-04-23 02:09:11,0,Amazing happy hour!,tip
jm6zCII7rtT6y04csSUUfw,vIwdLdSMmGMjRin9OSxViA,2013-05-26 04:38:08,0,Get some water ice in the summer time.,tip
-C8cQmZqggABcjJokTinPA,ys7yho1IoE9hj_i-g4DeJg,2017-09-04 19:48:24,0,Love the food reasonable prices and great service!,tip
oXLz0_Cx2735wXgEgHr6Yg,k1VWscMY1JqCHNVDk-lD5w,2017-07-30 16:34:29,0,"Goood coffee, terrible service. Not hugely busy but waited 15 minutes for ice tea and 35 minutes for a sandwich with no apologies and looking little explanation. Didn't even bother providing sandwiches at the same time -- I had to wait. By the time I was served, hubbie was finished. Will never come back",tip
Lp6jT2G9dxkOLF6g2_eoqA,Vcn_cuQNKRF0eQ16TXVaXQ,2011-08-31 16:58:53,0,Mmmm,tip
UA5-e4_EQ2T2ieKaq7c9jA,692QNYNsiw-i5u16wj0F4g,2011-01-08 10:01:26,0,$6.99 for ALL breakfast items during midnight to 6am!!,tip
qnzMxLWGz2UoxXqmiNoohg,B65v5G8kMbOz16YdLITHcA,2021-05-12 21:53:02,0,Love the green curry chicken and perfect rice.,tip
Yl4jkCR-YicqaTaWTXMI2g,I_3LMZ_1m2mzR0oLIOePIg,2012-06-27 21:06:03,0,"Pulled pork, potato salad, and baked beans. Hits the spot. Try the deep fried corn on the cob. Delicious",tip
dKiyg-vvai2ouBjRVMxLMg,yj9lGwTLo_R1rMxJoEiR8g,2012-02-04 20:15:57,0,"Blueberry cake donut holes, yum!",tip
Iojd3wYpkOHB0HCfQPTIpQ,LWhKYIvkbj2wZVmerDu_Bw,2013-04-23 22:22:10,0,Always consistent and professional! And super friendly and nice,tip
UQ7U96yw1cfwIaZ-xK8J7g,6W6qogKV7x6hdloEo9WC8w,2010-10-24 20:58:24,0,the best civilized theatre in the city outside of the Ritz,tip
qlMIHAlalq0yKcZb83Sp6w,LICbmW9NVcSB6d0ITXvadQ,2012-03-18 23:59:48,0,Good Fettuchini!,tip
8FqsY9MOd5fs3q2ONfQ-kw,8CG5nPzDkMkQEsH1k_hdVA,2013-09-03 21:48:15,0,Cold Palm beer a Belgium Ale,tip
kTpsjDUhl9BlRl0FVuNreA,-6nQZ-QCkAyNHdtaxOxDpQ,2016-11-22 19:12:44,0,Went into Bimini planning to get a smoothie and I ended up getting a SALAD! I got the Thai Herb Salad and it was fantastic. Huge portion and very filling. The best part about it was the cashews! Added a nice crunch. I would highly recommend it! Who would have ever thought a juice bar would have good salads?!,tip
KldqRQxBYAqNv2Ym6kN_Dg,FEXhWNCMkv22qG04E83Qjg,2011-10-12 16:14:55,0,Tourist spot but still a must!,tip
Np18LE_UI7tYAw95nvPUeA,3wo9jODQnuvBm8Gkem6qXg,2011-03-26 14:17:31,0,Crabcake breakfast!,tip
eaRPVRp5AndzvvngFrNgWg,1Ql66zYz2VBeNY7xoD320g,2018-07-18 22:28:03,0,Go in person if you have a question. This complex doesn't answer the phone and barely responds to emails.,tip
q3Pjgr6P5-3JBR6m3DLGtg,_gVyuTRb_6HM-SNtqbpevQ,2015-11-28 11:57:11,0,Great cocktails....all very original.,tip
YEwB55NVtFQzvNclk3pH0g,xWLjbxLrXAAbZZoVzB2aeg,2013-12-07 01:15:40,0,Try the Mi Lihn special soup!,tip
ABAYaqZgzP3KTRibRy_Uag,8uF-bhJFgT4Tn6DTb27viA,2016-12-05 03:19:25,0,Wish we had one (or more) in Nashville!!,tip
0QF2UVR1exVKrdM8guCn0g,cWCwAkjQxher9oYylYO8sQ,2013-06-30 02:11:36,0,No crowds when it's 107 out,tip
o0xNMrkWb8iLvZLbK9CPJw,_eF0R1C8qn4tsqM5h5uyig,2016-05-26 16:10:02,0,"Good fresh sushi at reasonable prices. Nice quick service, good atmosphere!",tip
WpAH0ilHsmbRJnJkGI0nQQ,3ICKvnjPqlnelsJ-WJntmw,2015-07-06 16:25:16,0,Very good service and delicious food.,tip
mEnFcHoPgtQMX_Jj_rAKJw,bfiO0n663Ej36svzuRuVtA,2011-03-07 23:46:06,0,Try the 60 shilling if you prefer light beers! Don't be fooled though because it looks misleading.,tip
ygZiolUSAuLHeFo5AQe9qQ,4wDo72kKuceoLw8Uu_Y_RQ,2017-02-26 18:51:19,0,Never had a bad experience here with food or service!,tip
VWqAP94ThQElriyfaxUy-A,nTBStZYJfHGdSZJbpaBiPA,2013-06-25 02:50:31,0,"The best pecan pie I have ever had, bar none. The picture does not do this justice.",tip
aAkf0nYFqXucJb1vUB8EJQ,z680Aylt8wN2KAeFM1hy-A,2011-08-30 15:22:15,0,Come see me! I'm working lunch today :),tip
KwMpbm3hkfR9OslAbOTbBQ,18790ccUVHejWqCmkoSJjA,2011-11-12 01:34:37,0,Excellent!!!! BYOB cash only :) specials are the way to go!,tip
DdlTI5BGfdCfoefVO6D-HQ,ncpZmV6u1E7U7iHMqQSOHA,2015-10-19 21:57:17,0,Be sure to check Facebook for additional offers even discounts that is where I found mine.,tip
84t85fsbqRc4vM97tM4a6Q,R3FDYMQBrMpkUquwE-eniQ,2013-10-29 02:03:29,0,"Delicious, split 3-4 tapas for a good meal. Try the octopus!! Outstanding!",tip
eSXG5M-mGZF_mPcHKea3zg,OdIBX09glfXNVSyd0RnIeg,2021-10-31 07:16:34,0,I haven't been here in forever. I liked it a lot and will return.,tip
ww6waIezgXpgy9HtigAj-w,zI0OdjkdQqD7az8aM6ppdg,2021-05-15 05:01:30,0,Airport sign,tip
NlxVYnzARL0HY34oRK78cQ,AlH5V97JSAu7AL_xdibMIg,2019-05-10 15:29:34,0,"Great food, great service, lots of fun!",tip
5HXZ4FfmWI3NJ_taTapjcQ,EbBing7Y8Y0rjGVfbt9h7Q,2012-10-18 10:16:19,0,Come early for seating on weekends,tip
nBmuh0l_eQ_ETlUTfOwMow,ntiIq1FNqduOyyowMFGh5A,2013-03-10 20:22:56,0,There is a $3 sesame noodle bowl that is a really good deal.,tip
4IRrlOuAZNw5ilVVsBNTmA,2rt7k-vLmXXqzP2UForL2w,2014-05-10 04:37:56,0,The Black Dragon rolls are my favorite.,tip
VL12EhEdT4OWqGq0nIqkzw,c37aDysgwNQsLpMWNedhTg,2016-12-25 23:14:31,0,Open on Christmas day. About to throw down.,tip
RKULSOrIvvYpDmtuYXEXzA,jdtPT12GXxxjfjUBOTc40A,2013-05-27 14:30:31,0,Enjoyed steel cut oatmeal with strawberries on the sun-filled patio...nice....,tip
iceRf0nF7lW0Y6VIRfVREg,1Hd-0f0gWvI7y9CI_3kFVg,2015-09-21 22:03:25,0,Beer!!,tip
j5IvPzFSMgg897zwQ47Kaw,st179iwe95QY_GxUXrzG3Q,2014-05-03 18:51:10,0,"Nested in a nice shopping area and movie theater. Great prices, friendly service, and they offer Military discount. :)",tip
eSQeqc2-OZnCeBZDc0-nSw,E8OTJ8n9WTTOh98gAruNTw,2020-02-03 09:30:56,0,Great Gym!,tip
D9d8DIcjMpF9ssgy4-rk1w,HhR2Lw4DxN_XKQZHG_TImQ,2013-11-09 22:53:02,0,Gumbo ya ya with seafood chicken and sausage was delish!,tip
rEqM7VlCr0IZjJUtq7MOXg,XlrBdx3l7sxKp2jgi29jGQ,2017-05-09 18:13:56,0,Great place! Love my pedicure,tip
I7mS3h73391itzYU3gp7CQ,K5l2vNSzJ1Z8GkJhUWCkDQ,2011-01-15 17:20:52,0,Incredibly kid friendly place.,tip
KzM2kLwCcilSbeQX0JUx0g,NqGCk_seVh-S2_iI1d8iDg,2011-08-19 21:42:14,0,US Airways - horrible customer service!,tip
_tXqG1V11A7Ot1vlM9tqHQ,EbuTBnoDNacomoLpw0Kpyg,2013-10-27 02:00:43,0,Very good massage very relaxing.,tip
aY56I5g_cVio68EIaqZdLA,V2aRYSwy862tExL-pBUFtg,2017-12-01 04:34:47,0,They've gotten my order wrong multiple times and there's usually a long wait.,tip
CgpsYx1dwOp-YuZ9yavKYg,Qc8GIJyfarIaakj98zwckw,2013-11-09 00:34:35,0,80 year anniversary this week,tip
w0NNPk-atopvgDPFtTw7xw,bUcwByQZX8PqErGrtb0V4g,2021-07-31 22:55:06,0,"Fantastic!!
We thought it was a unique combination so thought we'd try it...it's fantastic. Staff is friendly, food is delicious, it's clean. 
We'll be back.",tip
o_A5Huri9W_ZyEdB4ZQ63w,c-W17u2jiFOD2H_d6uo-bQ,2014-05-25 20:56:10,0,This place is awesome! Great wine!,tip
a-8ZuiQk4EsWgebrG-K2HQ,NVN_23yYJDf_RAinqFICDA,2015-01-19 16:35:23,1,Hot Diggity has closed!  Much love to Keith and his crew...we will miss this place so much!,tip
t4FU37PMnsDVhuCBsze2Pw,pqF3WkYktbR28uk2PSR7Rg,2012-01-18 07:16:38,0,Ask for Matt and Marcelo! These guys hold The Hood down!,tip
nMpgScJ9MNC4BHYtbQrCMw,9PZxjhTIU7OgPIzuGi89Ew,2011-02-20 19:43:01,0,"Normally hate Stephen star places. This was actually a nice meal. Ameri-Mexican. ""vanilla bullshit drink"" ( curb reference )",tip
F96vRqNFx_2zNSqjHiX6rg,29t8lDBLiwkEd1HA356dOw,2011-08-20 18:40:11,0,"Yummmy, I love bagles",tip
UA4ql_6_uX38n5YWRR97Ww,gKavBVCK5G0cPJ9moV6iOA,2014-03-29 00:04:09,0,Shrimp Po boys!,tip
qVSO1wZg7w2F33UKaySwSw,kPl_YGxEiYLQZmYI8i1Ksw,2020-06-17 19:37:51,0,"Best service ever!!!
Well organized ,people polite and helpful.
Spent 10 min there.",tip
JfqaznyuI0N4FnAXa-644Q,YZ7aP01qExBoF4f0LWnNEw,2014-08-13 00:03:02,0,It's always so hard to decide!,tip
OQ3LrQ4xdDvpVGQwGJG_WQ,FIDssW_SyTzhpcm4unCTGw,2014-06-06 22:01:26,0,The food portions are giant. Best share with a buddy.,tip
kYw_Zmu0JiFE1fmITRmj6A,dhM1oLxCj2ERjYXQs17K3g,2013-06-29 21:23:02,0,"Great service, clean comfortable rooms, well appointed. Free Popcorn and wine, breakfast and dinner.",tip
RQjtzwpJOU3-_g_KxsbgUw,XaCfq62KuZqituHdrDRrSg,2013-03-25 19:54:45,0,Cheapest gas in area!,tip
SXeMGP5lNgc03z7cl9Xihg,JycfyMakty6nHVwy2wggIQ,2013-01-10 21:59:51,0,Get your Danish and Irish bacon here,tip
UWoS-l3_RfSdZk34js_BKg,IgNDlyLERBwFGphgcC5VDQ,2013-07-03 18:52:34,0,..  Out of iced coffee?,tip
f_6H1hjxyKhr6QV7T3A_MQ,XmpbEmS7PRdg5sIbGpjt7g,2015-09-18 20:10:59,0,The food was really good today,tip
lKOP8dQlypWcrytX2omjHg,MIK2lBW3eFpPcy0vKxPS6w,2015-02-08 00:09:00,0,They no longer accept the free desert coupon,tip
jSTuAVjUExHzWkliqtORXg,bp5Mk2d0qofUeF5uLauIbg,2014-03-07 01:54:58,0,The shrimp scampi is fantastic. Ron really gives you a ton of shrimp!,tip
t-nB38eHbeFuabXBdJMwvg,ouPRffilHb1ohHeRUEEwSA,2014-06-10 06:32:55,0,Keurig in our room: yes!,tip
VQYIXe6izm67WSlaV8wWmA,gjkw7CkbvSnovjpwkfsArA,2013-05-18 19:04:06,0,The food the food did I say the food. Fresh ingredients one of nashville's best Greek restaurants  hidden gem in a rough area.,tip
JoiALeaYxYfLg79KsKjQ_Q,0RxW0oN1s4zgNh6uiWVPZQ,2012-03-20 00:56:50,0,"I eat here too much, but the Lucayan Salad never gets old.",tip
l23EFEcI6BR1x4XkHWO42w,TqDErLK4t0TfSiFzxuocuQ,2012-07-18 23:55:46,0,"7:53 pm ""we are closed sorry!"" 8pm on the door. Door is unlocked. Three people standing behind the counter doing nothing. I guess they didn't want to be late for happy hour.",tip
vTprcHGBn9asRfI349M1Fg,id2V9rR9Ctrek773KSbO5w,2016-06-15 05:07:33,0,Lights Out by Marvin Gonzalez De Leon,tip
c_eILN6dTm_yq_T1OeEr5g,ML4Oi-rMwAw1w0GsbbToAw,2012-11-09 21:00:09,0,"So far, so good.",tip
qjfMBIZpQT9DDtw_BWCopQ,HpWi2CRJlxVCYKd8kS0X-A,2016-10-12 14:36:48,0,Pearl in the Grove closed temporarily for a few weeks per TBT. Oct. 20 Kevin Bacon event still running!,tip
xywXoLnG7qWIayFu8oZQgQ,HbhVC8Ejp54uLj7JRowWnw,2017-04-27 16:01:10,0,Dont forget the have a colored towel to use on make up removal or anything that would stain their white towels. Only thing thats clean is the towels. Maybe.,tip
gyAfijhxmJzvwxPD9y6RHg,fJjwvjGAqDgOILaJrX2WRw,2016-05-28 20:55:43,0,"Not very interesting, but free",tip
mo5dMvHDT4C4MLZCTC0crg,wm23rnUccF_3en3NSN7afw,2014-04-03 05:49:29,0,Absolutely amazing Bloody Mary's!,tip
k86Z99g6Jb_BqHHtk0s3pQ,-63k_0GxwhakB6vY7eNVYg,2018-07-19 01:17:01,0,"Wizard world comic con 2018 my video review 

https://youtu.be/tAEH0prctt8",tip
LkF7PSN1Kc8pYgYavpvz_w,un0xxX785wfQfprryh0TjQ,2012-06-17 17:08:20,0,PB&bacon burger. Enough said.,tip
Y28Oo1SO7RPOdGYk3CsmkQ,mBgQqi05wLKjBqooPrDaUA,2020-08-22 16:14:10,0,Fuck Meijer.,tip
qc2uxts5vTAYdchE4Q1EEQ,gPAKtm8HwBfKTK6LkA1Izg,2020-09-19 03:54:46,0,"New bouncer, new bartender = badass. Worth coming to now. Good music, great drinks.",tip
0pgYDWcqMiiHUln2JUux3A,ViozaqqbL_pIEgTUl_U02Q,2015-05-23 01:34:21,0,"They do a great job and really take care of the dogs. Been going here for seven years, never a problem and my dog loves them. Our dogs know best",tip
WhiKDlWN91jUz67T_EKkOg,U0xnFDNnxapnjUU7BJoibw,2018-01-30 22:43:50,0,Great Thai food!!,tip
tipQmXdg181T4NvxrXPjFg,bjTnfHJEncc83exBS81ZqA,2016-02-29 21:44:35,0,Authentic Italian Beef Sandwiches...served dripping wet,tip
1F5wbSbtUBzxS8IsM7fWsA,fyASGvBV0wr3g5H9Goiwpg,2017-08-26 20:51:52,0,Call in to check availability or set up an appointment. You wont regret it!,tip
wZcAVcKjsR4tNIk-TbFOnw,mYYy0lS2TkzhPtLNP-Fbgg,2015-05-10 19:20:18,0,Bathrooms are not wheelchair accessible.,tip
S2Bz6g9Vc4PHO0GR2wWG6g,WeylzLacbhVyhnWAbUJ4SA,2020-12-13 16:22:30,0,Excellent and fresh! Go to spot for lunch and dinner!,tip
6yRERnMVtXkYN7c1YiOh_w,evbpaGxJULlu_QAnUV7oXg,2020-10-03 00:14:56,0,The food was nasty and they gave me very racist vibes.,tip
TohniIidjrRb_iW_TJB3xw,NFXvrdA_TUepcGAsHzjbgQ,2013-05-04 17:48:44,0,Really fast drive through at this location,tip
6ObFF8-uKnOAlXuSH4TlyQ,JVdRFZ0fZmd36f-s3FtS5A,2012-09-25 02:35:01,0,In a hurry? Fear not my friends!  You can call in your order and they'll have it ready in five minutes!,tip
7GbD-JN8UxCKev-kugsJ9w,6FfvGK0ULZzFH2LmyOd0Kw,2021-11-09 12:19:21,0,The atmosphere is great! Good coffee and tea spot!,tip
gjxv-7WqYy_aK1ZAUreBFg,eN-Zrz1orLoqIb7D6mUMbg,2011-01-11 02:07:38,0,"Be patient, good food takes time.",tip
xCANz0ccZ9-WPJUk8oZr3g,ZgmEBmGQbSHj8YZgN2pPLQ,2014-08-18 15:38:42,0,Very cool health-conscious cafe in the heart of the bywater.  Also a major hipster magnet.,tip
8RE5V4mClPCzfDp2dxNxuA,iUZEGx29miZObLd6_lt7Vg,2013-02-16 17:03:33,0,"Amazing place.  Very hipster and laid back, but accommodating with alterations of what I ordered.

Food portions are huge and had great flavor.  Perfect for vegetarians and meat eaters alike!  Will definitely go back!",tip
wdNTfRMdKZqpOo1G4YJGbA,dN7AMKUhwTa4Kk0bdMRPgA,2011-04-20 18:14:40,0,Excellent vegetarian fare but seriously slow service.,tip
jPRDnnoCvJi2plYWWAoOcw,bNBtk8F-iiiWp6Z9Zi3ziA,2010-12-14 17:46:41,0,Try the BBQ chicken pizza,tip
jfYPwAxFloCSqW6MjdW3pw,F48wjJ_jjEz59Prh20XhRA,2017-12-05 18:31:47,0,BBQ rib burrito was SO good.,tip
YrHs8zZHU1mJPQv-F6vRbQ,zbSTmUUH27ef3ejK6h7mdQ,2014-02-28 23:35:34,0,"Great service, burgers, and milkshakes! Highly recommend.",tip
CFyvX-AZh6cunAMu_zoF_w,YHjKcTiuZ2pkBCOgsqoozw,2012-10-21 02:31:00,0,Trail mix bar is off the hook.,tip
hulIBBzPsCaQDcoh_JgSBA,u2SO_waqiX4tbfPEB47O8Q,2013-11-25 00:30:48,0,Their ramen soup made me feel like I was a pig eating out of a trough,tip
cjLp1QarHZb_SCf6xJmIWQ,zAjBjGVFIynuJ2QiXrpkxQ,2019-02-26 19:33:21,0,"Best time to go, especially at the pharmacy, is during a weekday.",tip
spFCF9iDJGx6aIGqCcxmpQ,me6_pxvVh_mQTQJSYhLwcw,2011-05-06 00:24:47,0,Watching the game.,tip
3HXVxLfj2s0t62093hznmA,gu6p1iUCr0XxdQmR3raLPw,2011-10-03 02:58:28,0,These people suck at their job.,tip
DQLIeWYj1YVQbxGDzw9Scw,S6L5hB5r9_j6UeanowxRvw,2013-06-28 23:58:54,0,Bottle of wine gets you a free small plate on Fridays. Go team wine!,tip
Mo9pu5ngADDI7FoRaqtgpg,SMJ789hJySZZMhW7y6HDXw,2012-06-26 01:38:06,0,spicy sandwich to go :-),tip
iOSyuteitdf6Gm0Fgz1EBw,uFIFfqUZKrl7MQyUJAsNZw,2013-10-28 01:04:39,0,Macy's has recently started selling Nike shoes - convenient!,tip
MkXIN7TeTWsydoPF2sZBgw,3Lamah1M-ISKKbmmqufrbQ,2021-07-16 21:53:06,0,Excellent service thank you,tip
pqlLJVba9KAtahkjvNINYg,JVDHxMnKjif8XdXVFWiClg,2018-11-12 17:45:51,0,Check their Instagram to see what the daily hummus topping selections are! They change every day!,tip
HTCsSBT19XPCBxYknWA96Q,mW-Whzi8dASVhkajlhd1dw,2018-10-08 15:50:23,0,"Great food, attentive service, laid back atmosphere.",tip
TzUbr6BiQwR1bNfVOuE4GQ,zHKm_ewctAxLokrGQpZewA,2013-09-11 03:29:41,0,I disagree- the place is NOT dirty- it's actually very clean & they just got brand new pedicure chairs.,tip
Tj7z28g_QsdCcb_EtxruuA,PGd06nrseC2YAIqP6S9gUA,2017-04-18 14:44:46,0,Try the trifecta ... only if you are hungry. It's super good but super big.,tip
PheI6f03y08rVOBC-0hnfA,xSn2d1RTvK7e4KM0bI2NLg,2015-11-28 23:15:48,0,Awesome taco shop! Friendly staff and fun atmosphere.,tip
aV1mCml7rbHIEKnkASdEEA,N4IFNpTn7kKfK9akJkerwQ,2015-05-19 02:17:29,0,Amazingly good food. Wonderful flavors!!!,tip
FPpUdpmy3vMgi4j_td_07w,08q4nEOcz9hc1lRW7UPOng,2012-10-25 03:40:20,0,You have got to try the grapefruit basil martini.  Kelly makes it best!!,tip
DwaaafwryFbW7C4E1gU1AA,W0Re-5UviF5pJoGf3ulifg,2017-03-24 19:03:14,0,Can't wait till summer weather- look at the huge new deck they are building along the river for their restaurant.,tip
9TL08okiTuqeAKaoJQEXBA,10vwMRFlL-lUeIhli-1rLA,2018-06-24 19:42:12,0,Nice guy working the place but the food was not good.,tip
s-SwBhUBY_TF58xAItavqA,oBNrLz4EDhiscSlbOl8uAw,2017-02-05 02:02:00,0,"Best eggs Benedict ever, ever!!!!",tip
KLd9ahS8hINGi4iA5gvRGQ,lpDOqBhkJlxACzKQGAj_uA,2012-02-06 22:25:28,0,Mmm salad.,tip
raR44NeCYxCilwrkqJGF2A,FuDAtkLAHBKyhzdPeM1iVA,2018-05-07 00:45:57,0,Worst restaurant even！！！ everybody don't go,tip
O_mSj1V_IWk8kYQVUmIvCQ,3yI-7C8JzbG-ZaSqAGHMAQ,2021-08-13 12:33:21,0,Always wonderful!!!!,tip
-N1plnTvrPvm8Kbz8tNC0w,1Pxg1AMf0rEn9QF__ZYoWw,2019-04-19 03:56:40,0,Like the food and the service here. One of the best sushi spots!,tip
6Tz4S5xgyUJfdJ1c8jVtlg,jXrhIVKcJ-upvglUmfC1pA,2011-06-19 04:22:55,0,Bring your own wet naps to clean the grease off the table,tip
sxBTwhwf2mbsYnQ2OogPsg,DOx8iZLCmP6tRpfyAadBRw,2012-09-22 21:42:56,0,"Really awful, literally the saltiest food I have ever eaten, served with a side of argument between employees. Nice.",tip
IKZAY_qs4AEkeih2PfujDg,dQ6d9H7rnFSOSC_FXbJ_FQ,2016-05-06 03:33:12,0,Great smoothies at great prices and cute chill interior,tip
KhHwhL89YnbEw8RNM03C4A,6o3Xj4Lxa2XcaHuCblCc3g,2018-07-15 17:28:37,0,I like the patio!,tip
H2y7MAlb3PNFDdai_ituKQ,bf-BDk_qvzaNRsSEWMFmOQ,2018-04-22 13:24:34,0,"Visited Woody's due to having a coupon from the City Saver book. We saw reviews and figured it would be fairly decent and it was BARELY just that. Decent. We both had prime rib, which claimed to be one of the best items on the menu. We were very displeased with the quality & flavor of the meat. We also shared the mac & cheese which taste like it came from a box. Best item we had: onion rings. Also, the bathroom was & smelled disgusting!!! Our server was extremely nice, however, we won't be back.",tip
vOJo2x_vblf6Jtcrv0dc6A,Z36SdiTpfOAjqpxIKe3mqA,2019-02-26 20:20:18,0,Kind of aggravating how service changes so much depending on who's working the service desk. Guy who helped me today was really standoffish and not particularly friendly.,tip
Z6OjIdBXiIxZzGoDc_cWKg,gqhOAmj7npSiq4b6j5-vuw,2015-01-08 07:18:23,0,Try the desserts- peanut butter mousse cause was amazing!,tip
VA-EKJ7Lk0klvTsBYxnlBg,w4Lou-zDre4UdsKZObrz3g,2013-09-28 21:58:46,0,Closed we think out of business,tip
GYPoAqv8XBkC1SJf6NDZqQ,1RerTYaZEAfmSARDhsZ-8Q,2017-12-06 21:40:21,0,i love the valentine!!! best rooftop in nashville!,tip
w_L_pYt3830sy_zWJwjORQ,UjgqSqa4Biy34pHSEdwj_g,2012-02-15 20:21:54,0,"For $6 you can get a slice of pepperoni pizza, a salad, and a soda.",tip
nj6UZ8tdGo8YJ9lUMTVWNw,42dVj5q-LMx_iJxcq5Fzng,2017-06-23 14:50:24,0,Amazing meal celebrating my birthday. You won't be sorry!,tip
UB-LQUkbAYQg_1Mwc7Ladg,VwDrUaY7PPkvfD6M1dAVBQ,2021-11-24 23:08:00,0,"Outstanding, highly recommended. Get the Sunday gravy, you will not be disappointed.",tip
0PwaRSM3pfZnZ-RRczhYOQ,pvzY0w91I37xDBPM7QUPnA,2019-11-17 02:53:41,0,Lots of patience recommended. Sometimes some pets are more critical than others!,tip
-e0Rdx6xGus_24VgaUY2nA,TjAsf2vHEYh_mCHpQqGgDA,2013-09-16 00:44:56,0,Love this place,tip
HvO4EP21-9Ty75slfATM9A,4oShhJaclV7irEvjGryUlQ,2012-08-24 03:50:03,0,Flip cup tourneys every Thursday's starting at 9pm!,tip
VM7mqVHJ08d75608BO-E4g,c-iKAO2GBzSKjm7y1Oljcw,2011-04-27 21:39:23,0,BBQ oysters. Nothing better. Trust.,tip
9EvP6HfOW7qnnnXLIQRuxg,A2q7d-CBM2-81tVkmS4JMw,2012-03-04 04:41:47,0,Just did some serious damage :-),tip
gbt8fxFlcyfBvcfvtVtXyA,sXMC2ZZD_8hss_BuVlfB7g,2018-04-06 23:46:56,0,First timer. Super delicious fresh large bagels. Yummy!,tip
fi0t3e1-94wH7xyUJ0FmdA,n-5axl7flllst22atNMwuQ,2016-06-24 19:12:57,0,Really good American style food. Really great service.,tip
tH6aHOMkfNEapER1iNtVdw,O0kQGkmlllaN7oU6sQyzPA,2016-07-19 17:06:57,0,Great  eggs benidict!,tip
CA_bu6mJ3mZlpU5fcQQ-3w,cml-Rgal21NkTbQUPJ4TIQ,2015-04-06 23:07:02,0,2 for 1 and great food as always.,tip
jr8qYU8QJdteAndhCvK6Zg,cBeRbpoHWFzwqfeNTvC86A,2014-01-04 02:56:24,0,Everything's always super fresh and delicious - my favorite place to get a burger.,tip
sNje5_el-0_kaOFWKTnJ1w,pGwsPvJmdCYbbUyNDoV_BQ,2019-08-09 06:10:07,0,Super yummy! Was craving street tacos she didn't disappoint.,tip
rqLjc2paa5ppOLPXyBry7Q,QwivC4zwNpMjIZsCkY3chw,2014-05-10 17:27:29,0,Perfect on a drizzly saturday morning :),tip
RWtqlgJ4VgL8XYYg2VkAAA,cX-JMoOBUxjXCVQS31uRxQ,2013-03-04 03:39:15,0,Omg..lobster bisque tastes like there me be a bit of pumpkin puree in the mix..niiice,tip
OIl_ZSc0rDE8iphiAjS-xQ,dvYS0Y_RHFGyR4Q29rqm3g,2019-09-14 19:35:59,0,Park in the overbook shopping center then walk,tip
Qu88Km6BkupsBn_RhOfazQ,xbgai7EB9_ZcsJLAzcPIwQ,2019-05-12 15:47:26,0,Best Cuban around from a corner store!,tip
Ve3JuRO-nF9DgRVokzWLuA,eqHh2Sbw43hWwFNxLWEycg,2017-07-29 04:33:37,0,Go to another place.,tip
YCTiOJ4WdyhZA5lgf3qJSw,aaxinJkvK841csT8tpk_lg,2014-03-29 03:06:36,0,Great place to watch a game and have some awesome bar food!!!,tip
j-MVlgjnFyGHEMJv3tBhMQ,X1cAKstyGPdqJEY1-_rSYA,2019-03-30 13:46:00,0,The pizzas are so delicious. Get a yummy Caesar salad to start!,tip
2m48ZKz9hYXbzENwOUpU5Q,4mWzXhD8vo0bABVCGAhlqA,2015-06-03 13:25:34,0,The alley next to it has a batman sign on the garage door!,tip
bNfsP-5M1zmxhUIHjPq1fw,UncNYFAQRvNANRNdVriYcg,2015-06-02 00:28:45,0,"Great bar, awesome staff, i love this place",tip
wp8WKqtfJfjFRn9KDiaz8w,mFhZpY_IqvD-b2Ir3MSXMw,2015-12-05 21:31:02,0,Best fish tacos in St. Pete,tip
uuevcgoXxgBWPZuGcMbU-Q,mK4gpsdN7qqb2MMUYbQb7A,2013-12-08 18:39:43,0,Restaurant kitchen recently burned so they are currently remodeling.  Should be back open by X-Mas,tip
2f0dOxG1C4ykce2Zyz854A,QaOTMn7BVBx3xXrjRlVnCw,2012-04-15 16:16:00,0,No rain today!,tip
SL6H1cckURihDcoumh0dOQ,3mu3ijii3J4WYDQz-RxCMA,2016-06-27 17:50:58,0,A wonderful experience .. We will be back,tip
a-8ZuiQk4EsWgebrG-K2HQ,uxPKXkQXVptsahM9-uKaaw,2017-06-24 15:46:26,0,Do NOT come here to get a poster printed.,tip
zxkpvlYCpeHEuky4MKe3_Q,PuzwKiOWtM8CLRZ4tgCsSA,2012-10-03 18:00:53,0,Try the monkey business cupcake!,tip
REmj73mVB8Vq-xgQr72ZZg,Hb8bZ1xfIbmMfiMC-LTKOA,2021-07-21 16:56:11,0,This bakery does not support the sacrifice police officers make everyday a d chooses instead to alienate folks who support law enforcement.,tip
-QQlXpa9q0b1AEirDLaewg,HxSAlo0GRb4JTmDIxNw68Q,2017-12-03 19:19:26,0,"Over priced, limited below average fare",tip
LVMgwNecJDZTku00Upw5yA,8ub7Sibpad81bU5gG2cfFA,2014-01-17 14:32:18,0,"Suite D and E are connected in the back. Also when leaving, if you want to take 73 N., use dutchtown exit. No left turn from Bowman rd exit",tip
mG6oO_YZUr8AOV6mgK_rtw,z0MXYel0okwMqLjgMkKD2A,2015-09-12 15:42:42,0,There's free water in the back so no need to buy a bottle from one of the vendors!,tip
WggD0CevCOVLFm3YEC1q9Q,THjxjpvGXr4zizKCj5WSkg,2010-04-03 01:44:36,0,Music = Meh.,tip
Oftucpaww6UVANZcsHMPkw,4_-IcMpkF_sBRHomWZHNzA,2015-03-01 14:01:46,0,Food is good for a small place set up very well its a nice place to try,tip
egXjo0JS_FYHzG5pqqHrNg,tDzG-Kmmuf5v5VkLCd7Yig,2021-01-15 14:05:42,0,"Good grocery selection ..:: the rest is average . 
Can't really say much more.",tip
9MRfuWJKq1FM3nfs4be7NQ,A3z6TN1Cm_U5HpkTsiwEfg,2015-06-26 23:15:55,0,No reason to go here without having coupons!,tip
76xS0Vin4uT25XKaxbsvmQ,0-CQlqMMOrwMhy4EgW4tfw,2011-04-14 21:00:40,0,Yum,tip
Q_rdK9fDqzydTLIT2gS8VA,qsm7SkX60JsajT7Yz248FA,2012-12-07 22:43:24,0,The wings are good. But spicy as hell.,tip
hco_nC0ObKGD1EHLOT1nmQ,O0CyCnSFr7cYK78nH2w25Q,2019-02-03 18:57:41,0,"Fun and delicious flavors, always hits the spot!",tip
ky07rrRA6nHL3vNvyKSZYw,qdpdUjdkEUpzYDdce2yZng,2015-05-02 19:20:08,0,Now accepts credit cards!,tip
CaGXJ1j-e--obGY29mhKKg,c3WKZO5vtv61xYQTt0TnNw,2017-01-12 17:55:54,0,Burritos are dope and it's cheap AF. Cash only,tip
Nr5afxQUCa88IqAVGGGefA,plobBsTtVUODb353xxFT_g,2018-09-16 03:03:33,0,Great sushi that is cheap!,tip
yn25-8Ou9m5Ezm8B5mekyw,Q-prSTdggNlxAEFV88BZOw,2013-04-09 20:29:53,0,"Beautiful spring day, the best company and a great glass of wine. Could life be better right now?! Enjoying a glass of the Rueda (Spanish white wine which is like nectar in a glass) an order of roasted beets with feta and probably the roasted duck salad.",tip
c_Sa7vniPl-IIh7mcz2fEg,EO5ne2jClfd16Sus5D6i6A,2015-08-13 02:39:11,0,All you can eat sushi. Very good served fairly quick. Can't say more.,tip
sstBQyaXcdYySRdFzw3ctg,s3ZR7G5l-YN5fqms8vRSRw,2012-10-19 11:06:21,0,Breakfast is phenomenal!,tip
tpEWW4usnsOAMlkh1akxcA,YGVBacpj1YW4q69hlYKoVA,2013-12-03 14:27:28,0,So cheap,tip
pewgdXbK0wf6JzGRzTruow,SjVPFVeVh4-EXapzYObZpw,2017-08-26 15:48:31,0,Nice place...extremely unique pieces.,tip
WEHARuTmWKB_1J_90DSVWA,8sexen7sjgWud3DhCAYZ6w,2013-02-21 00:21:31,0,"#11 is awesome, add the bacon!",tip
nzhycEX8hxag5qhzh_YPPQ,thCbLZ69suCvVNr4gPQU1Q,2013-02-15 21:26:12,0,Beautiful view of Victory Field at White River State Park ~ Indianapolis Indians Baseball.,tip
7ajfMmBJGkFU1kTur3DkkA,8A0EhF01B4Cia4ViORB6jg,2011-06-01 16:11:42,0,First try,tip
TtfjI2AUPj-8IvhtdTHaVg,9TNrkJ8HRO9ba_y5ZDqo6w,2021-09-24 00:41:14,0,never fails,tip
GfI-d9mQePFA2PvhAd4WGQ,zFk38MOcCRPXf8Ul94vmSQ,2017-11-28 20:41:16,0,They burnt down. They have closed. It's gone. Really.,tip
nR91y6KbMbaKEix8_8BoyA,8DmOlBpV6PQcdhuQm9koAw,2015-05-01 11:11:50,1,Go see Dr. Ami Patel for your root canal needs! She's great and explains things to you so you aren't scared!,tip
mkG7hD4ND6grmUUnhA1AjA,KvcJ9vgZN8MIhsbRpXPxqA,2013-01-29 03:45:08,0,"Their green apple, pineapple, broccoli, spinach and kiwi flavored froyo is to die for! Mixed with some strawberries and it's the perfect touch!",tip
wqSR-eVkzMnNg0zo0Rok1g,pNN5ggRc5KUBsnIzDdf_2A,2013-08-05 03:03:55,0,Love all the craft beers!,tip
kBZL6aLWg0M3J-zZ3Jt39Q,dclL14pr7OojCOKJ_ZbMbQ,2017-03-24 02:31:29,0,"Best ice cream and gelato place in nola, been here over 100 years",tip
VimzLaQ1QYXuLCzDPcWrrQ,PScnKwDfJDPZbh-paDar7Q,2014-07-28 13:05:23,0,Yum! Get the chocolate long john!,tip
86LShznmKvDOtI6pVTCaLg,nLxzI1lBOFNTKEnoip66wA,2011-11-17 20:19:54,0,Can't stay away! Trying the rabbit scrapple today- will report later.,tip
n-_wD3k6Np8T5jxc9NojuQ,UQMUtySn2q9cSObiw5UVsw,2014-01-01 19:04:31,0,Lots of kids but the food is good.,tip
5L4QEmVmeiriQQmMw6gDKQ,1nsm8avLbSc1QOmhUs_kzA,2013-03-01 14:30:02,0,Ask for the $99 weight loss special.,tip
0du93EkEwKuxRG_x6hqVUg,4i4kmYm9wgSNyF1b6gKphg,2011-11-02 00:55:14,0,le sigh...,tip
8J7S0aggKdRvGLrthzojQA,m_t0u1Z9bPmKRdEVBa-MJQ,2019-05-27 23:41:51,0,"Terrible service, didn't even have time for customers....",tip
jWSI7LWkBPk-omUpURauxw,rx4fcNjuqoaEugMPq5PBfw,2012-04-13 22:44:04,0,With Tina.,tip
Kp-p_FxKVj5me_kEhFQwSw,rpFT0AX5kqMdtbdNH-gvdA,2020-02-03 12:56:27,0,"Tried to go at 8pm on Friday, yelp says open till 9, the door had the open sign and all lights were on but the door was locked. Disappointed :/",tip
CozGguiwx7JEVk7cAwdvpA,VseByXV7UduTt7N2ofjVsg,2011-07-10 05:29:21,0,Teen summer hangout. Forewarned. Good people watching.,tip
b_-v5C5bbABzZbuSeikHxA,wjR2SPyFDgS-M6WXyDsbBw,2016-05-29 00:54:38,0,Best pizza in town. Maybe the best pizza in Florida. Bravo!,tip
1wapblJyjgaokyucKMgtIA,PVDh-6ge94GefpNfXzsSGw,2016-02-11 03:57:34,0,There are hooks under each table so you don't have to put your bag on the floor!! how nifty is that!?,tip
wCKJ1xBUqqY87BmAXlRn5A,GjpMXrlTWpADpyUR1WByNA,2017-05-25 16:39:55,0,"Music is loud and they play club bangers, so if you're trying to concentrate, maybe explore other options!",tip
6zJyXI4frWunkPOBHq4ikA,ipPhk2H1S5MjswqJH7xrCA,2013-09-05 01:17:14,0,Great food both times we've been there. Very friendly and helpful staff.,tip
vkQE5tgjXkyqJxsBd0Ne1w,USVks6B2Xkf0WLmLIiXqMA,2013-03-10 04:15:57,0,Could not live up/meet my expectations.,tip
lMY8NBPyzlPbbu-KBYfD9A,yGFkdrYdndizAPymvyq2WQ,2017-11-05 22:31:30,0,Donate shoes here,tip
il64P3G-9k2-8r0UPgzXCQ,t9BNV5xMOr9NVc_OmvdQ2Q,2017-09-30 20:43:06,0,Good vibes cute hair nice people!,tip
MBAAWjJU6urfzYn5X4uvuA,OiVMx46uU87AHMA0gbsJzQ,2011-05-08 17:18:02,0,Happy Mother's Day!!!,tip
8_MMF8zLPCDg_gh7c3V0hg,3nYIq4THGUOgQCAF-mkd7w,2013-01-26 02:51:03,0,"This waiter has been amazing so far, and I haven't even ordered yet",tip
hLsXVZ4ammtb9ZrdwA_zTA,J2T70-o7aslJNOfKSFf_Zw,2011-06-10 22:56:10,0,Nachos and a cab,tip
YrSt6CbYLFUpP93f86EJVw,FbTlPul0byYrG953tRCaXA,2015-08-07 20:57:16,0,"Wow that was disappointing! Reviews were so great, food was minimal at best.  The pulled pork was tasteless and swimming in water.",tip
lAW03ccfMEuRZiDqvVgc0w,tO3Ks9OYJY8JXxp-1GyPkw,2015-08-08 02:18:41,0,Check them out at the St. Albert Farmer's Market!,tip
gUasQF1Gp-qQAY_qHcdb-Q,SNxUXrSr-XkEkSQIdjmjhA,2015-02-14 18:34:47,0,"Just bad food.  Dry pork, leathery catfish.",tip
R2tAq8KtMTYBS7DXD5MCqg,YRBCEpAGjedZVC_6Dw8S0A,2014-01-20 00:57:36,0,A scotch and a few dirty martinis are just what the doctor ordered,tip
pYXeL0RCqus2IfhthYCOyA,eE5w-7yMOwgL2OPsG85Z2w,2012-12-23 17:15:57,0,Ask them anything!  Very knowledgeable staff!,tip
PCSbOGQLPiXYzT2xQVQYiQ,PZcS2-2DCssSz3v2Qydriw,2011-05-03 16:31:49,0,Go to all your classes,tip
-mTD2SBjHwdUmHOazPOkdg,GXFMD0Z4jEVZBCsbPf4CTQ,2018-09-07 22:14:49,0,They have the best taken I would eat there again,tip
m7EKQOzi8OMZmOslM7o05g,wupvqueqdEZXQxv14sa9vw,2015-04-25 00:38:23,0,Great beer! Delicious food (try the saracha wings).,tip
PSdV3v2aquaLH6ssGckOVQ,k6TrqmNB8Wu7PQ0NomCPJA,2015-01-12 16:55:17,0,What a good pizza definitely eat here you will be pleased,tip
c-4gKqV3sSnnDlGJDBjuMg,oaboaRBUgGjbo2kfUIKDLQ,2012-04-15 22:59:03,0,"Delicious, air-conditioned, but not much room for strollers :/",tip
ec2rBsm1Bm04FYfBir79Tg,TdMm_lTZ5LF7bEfURG-5Bg,2015-08-01 01:57:57,0,Love the won ton soup,tip
9Q4Piq5G4qs_ua5UWKTsVA,EAunddVzxTogbXoVtJ9cMg,2014-01-06 20:38:22,0,I eat here every time I'm in tucson. I always get the grilled chicken burrito  it is amazing and recommend it. Amazing,tip
He-00U4CGIb8KtPd4u6FNQ,FdoqtMadj4ybDAL7S-yUBQ,2011-09-10 18:49:27,0,Looks good,tip
gwYE77ZX2fpFdOLeiR_64Q,G_KNTE6JKSN4QeVzjiTxFA,2013-09-18 20:04:56,0,Don't give them a second of your time. I've been a customer on and off for a decade....I could write a book about all the crap that pull. Currently getting 1mbps speeds while paying for 12!!,tip
rlelbcp8SEOm7YJz-UdOKA,fi264Jd5ThtqP-QIgzzong,2015-04-20 01:30:43,0,The shawarma and kabob were delicious!!,tip
iUFul066LK9XyXVcvH6AjA,ivD5l1I3a146ZDGIfr6HYA,2021-11-12 03:01:24,0,One of the best Thai restaurants we have been to in the US,tip
3SWkkkWMNzV1Nws3oZCwKQ,PH3U6L2eeKaPTjO6XYGalw,2012-03-31 23:14:04,0,No bread pudding or corn bread at this location!!!,tip
YuKxD64NIlwy9LiO0qoYdA,Gq2o0at0DYCdOwWeDGDHFA,2012-02-14 05:09:29,0,Karaoke in Mondays!,tip
FnVq72yPCc5XpaIv2mtg-A,CjkxTRergWcYWb4SVW3gxw,2014-04-29 18:05:06,0,Get the lunch pork combo,tip
H-Uk7l3jeNYc-REF3AxH6g,v5iurptJZo_7xm2Qm-3lgQ,2017-10-25 14:59:27,0,Seriously?,tip
hcSOc3JGGD03qfXMUU746g,8ynnZAfsIHltv72hiM-rlA,2012-06-14 11:01:33,0,Love this place!,tip
LqBvPYcInBvYtuYCeckXVQ,ijnCPsMfWWcxGlzwOzUxIg,2013-11-09 22:41:45,0,Good vibe. Like my good choices for lactose intolerant,tip
EMMKdK1cGrLSo08wgSYHJQ,DT_ZjeS2ZvBuzZvt9h48fg,2013-03-19 17:04:28,0,First time eating dim sum here in st Louis. Well see how it goes,tip
odLyPSBR59v-j96Whcxs6w,wQUBiBqlzC6cbdkX-GaBqQ,2017-07-09 16:14:16,0,"Amazing flavors, prompt staff, our favorite Thai in Reno.",tip
pPvsrGX78-vP6IctzU1-oQ,Jy1ivHnSRtNNA6snZSAKBw,2012-08-16 13:55:35,0,Get the Twelve Mile drink. Fantastic,tip
A2p1PlxteDn-W4kyJvrTuA,lbvhjs3ShUHi9cTcORiYwA,2014-03-18 18:43:34,0,"Excellent selection of beer, food atmosphere and staff.",tip
qmuCid52Y-SaJS_6v2CkNg,JDPGNFFq6kheUQVb8Tt-RA,2013-04-01 03:23:31,0,"1. You probably want a car or bike to stay here. It is a little distance from main Philly.
The free breakfast is not what you'd expect if you are a regular at Hostel Internationals (as I am). They provide flour pancake mixture which you need to mix with water and then cook and clean up.",tip
g56AZ2oBW70JSoxnR1FR3g,tYE0zj5xKRubmV1H_nRo_w,2011-06-15 23:41:12,0,20 minutes to game time. Where's everyone watching the game tonight?,tip
PmdqZgDLBH9Y05Jcnd9PTQ,Po6WLHD5ZFkVoiuTFL3Jtg,2012-05-18 21:03:40,0,Peaceful!,tip
HwRzmVTFfFHcIIZj7XtTOQ,Ee-V8jWifZDvRyFrSW5LIw,2015-07-03 22:36:15,0,Best customer services,tip
mm6E4FbCMwJmb7kPDZ5v2Q,Knk5_SDSCx7slFb2rtBgOw,2016-12-31 17:03:56,0,The New Year's eve celebration is a must! Full house but it is well worth it.,tip
e1uMnu9O7kGU4-LVcci8_A,qKtq_mAOMLBonDn73AKXzQ,2013-11-10 20:43:01,0,Excellent food and great service!,tip
FhaubA61KJgCskwa2U2vvg,9Ys1CvuL7GFwRdhudvWWfQ,2016-08-26 01:20:06,0,Best waffles ever! Also try the daily flavor coffee!,tip
WdEG5Y2UxwCYhyzBTIDLhw,y0CPKGHQBPH-maFgP5IFYg,2010-12-06 18:51:04,0,Roastbeef po'boy and ice cold Abita amber,tip
hVs9HMufJFc4_nvos4FtJw,SyAYFxPBjuaHajx9iE7wLQ,2011-04-16 18:34:06,0,Very nice mall with great places to eat,tip
gAHGrxeVGca3RYl_zW6QdA,6ajnOk0GcY9xbb5Ocaw8Gw,2018-06-22 15:47:32,0,Licked our plate clean.,tip
BZNxnVgfxS1vk3hczdOQIw,nr5wnJhF6xTb2p7OOjqhEQ,2017-10-11 05:24:30,0,Friendly. Reliable. Efficient. Trustworthy. Professional.,tip
htri0dIouBn0VUEfF4aqBQ,iwmW2mgcn2YdirXUHCsgXQ,2019-09-30 20:36:17,0,BBQ po boy and frozen milk punch!,tip
24NhqfQwLUSHV9rTqNltvQ,7pwZZVVlYCxQvVdd8Q03wg,2016-11-07 17:06:14,0,Be there or be square.,tip
a3wO_9v2OY-zdGrDJNxemg,0Y2E0nicCxt4-WwN-oVdHg,2021-06-07 13:09:03,0,This place rules!,tip
V0X6J11WuuWgF-DSfjN79Q,hUl_zNzmwMd8TD8pPL81pg,2021-04-17 02:21:07,0,Pizza's were bland and also the bread was too dry.,tip
ITgs1yMH5gV6fAjtQ3tnLg,Cr-uaPrfvG7tvqzLGAGErA,2014-09-01 19:40:12,0,"Went in on a holiday Monday, definitely the B team working today.  Forgot to enter our food order and then finally got our food almost an hour after being seated.",tip
ahkpakK2KejkJ1jRiotm8g,FEXhWNCMkv22qG04E83Qjg,2014-03-01 21:48:31,0,Come during the off peak times. Shorter wait.,tip
x0XKXXyqMVIzIX7Du9ei9g,RErmRFb5doMTn5-WYrFK2A,2011-01-22 19:33:31,0,"This place thinks of everything! Hair dryer, plastic bag for your wet bathing suit and even a shower caddy!",tip
uOQ-9KLCRqgG_6BecW0Fdg,PjdptzCf6Ep1J8N8XCdvXA,2011-03-29 17:59:46,0,Great place to find graduation dresses,tip
w5pSmzQIobsQ5ur9PI5FBw,0EH0WBJSqVvu0vyVUM2zBQ,2012-03-23 17:15:31,0,The steak is unreal but if you're real hungry just go Loco...,tip
QD2UYEzzJ6-A-gMtZzyGMQ,VZFQS0SXzXPuxISbAgIVBA,2015-03-27 14:52:46,0,"Cute, local coffee joint with great drinks,  friendly service and free wifi!",tip
Rr0BqNCqYwq0W-F8zXG1zg,2WGzEtXWHQnh2YblEzT7cg,2017-10-29 04:54:29,0,I also got robbed by the cleaning staff of electronics and alcohol,tip
tw7FIwLw8-GqiuqxJ7A2pg,2oJEZAxMIt9dGwap1r6xAg,2012-05-05 23:33:53,0,Sit at the bar if you want a good view of the drag show,tip
i1zh1ixdiVnOeYQawtuCeQ,MtuK_J8mOFGSidmoTqM6Rw,2018-02-04 18:16:45,0,"Joella's. All day, errr'day. Gimmedat homestyle, ooey-gooey goodness.",tip
87UCNW0g5gygrglDxjyDRQ,F2kCbAFrk_Dr9f8CaKARJg,2017-08-04 01:38:15,0,Call ahead.....it doesnt take 20 mins for a pizza these days.,tip
VMpXqXTJkb8xyPHGXZzTbg,VCGOGpOYnomj7o2qeVHHiA,2019-12-22 20:50:15,0,Love this place and love that it is actually good fresh Vietnamese food!,tip
YLXtmMLhNVJBPgwPlppaLA,Y2jDVmMpRzQRg6HkNvQc8g,2018-05-15 14:13:00,0,"Nice place with super friendly staff, he was the owner.",tip
gAdfSRAcKmoG5mXWNXjZpA,AxpvYktl1iX-4qakULDT8Q,2012-08-08 22:01:48,0,Harvey's onion rings are great - even better when used as a topping for your burger! Delicious...,tip
1n6UMW2kUxtLhwTuwHTckA,4JV297fM7vuO-AYukVbqow,2015-03-29 16:48:28,0,"This location is closed, you should try the one in Bowling Green.",tip
miKDbawgCU47lpAsyL9K6g,-f43-rglIkI4AIowaJF0sQ,2022-01-02 01:07:55,0,"Don't come here unless you want a long wait time, cold food, and an MIA waiter. Manager is extremely unprofessional and rude! This place is infamous for poor customer service by locals in the area. Save your money!",tip
7xZudbUY6FXBc-MAgI6EOA,Ah2gjiO-HArE2VPGiMKeiA,2016-10-03 23:06:51,0,Pretty cool for my first time in this one.,tip
QhCfs4lkeWdJx7_lZdfCSA,P0yKtQ4cFjNTY1X2CIdzBw,2015-07-21 13:13:51,0,Their Continental breakfast buffet has very good selection! I didn't have to go for the full breakfast buffet.,tip
pk5OkmR-2aKM1oOmNaaCww,p_3fUkrXZXvUvGFi84yv7w,2021-02-03 02:38:51,0,Short wait great service,tip
RdGX12xRj4tYHSBrr8cbpA,h0tG-xBjEz2cheVsE1VXsg,2012-11-21 22:51:41,0,Prompt service if you smile..:-),tip
5uWz5_PITe7Kjfeoo5z77A,JKWESf5gIZ5CKj_FJ_E1eg,2017-02-13 15:54:31,0,"Any dish here can be made vegan, just ask for it.",tip
jsHRsigUMYaKysFWp_Wo5A,oXr3EhnQCqA8SNWIZ3H4Fg,2019-04-06 16:48:55,0,"Mikaela J is an amazing server!! Food was also delicious. Love, wine club :)",tip
pu15ISbF4RW-00Ya0DnXsg,0UmWgTWcdj6CK_FPdM2Mnw,2015-11-24 02:48:36,0,Horrible place!,tip
_ooMvpqllgfGM-pSZe6CGA,V5Bb9StvahgCSkBKXHMW8w,2019-01-26 23:19:38,0,"Your GPS isn't wrong, Branches is inside a greenhouse. Actually when you think about it, given the name, the location makes sense.",tip
Wjia69bHEb7xeWMlxWNPGA,5JiFbBsbUdb-caBZWRyMSw,2020-07-02 00:25:18,0,Charcuterie board was excellent EXCEPT for the kielbasa which was smaller than my thumb. It's hidden behind the honey ramekin in the picture.,tip
ga2B-wDZUFrOw6h9vfY9yw,gzMlFR9ViVCr_HUYPgqqVg,2013-03-22 01:50:43,0,Champaign and fries? Last night here; yeah we bout that.,tip
s6jBmDGtPrdRD09QdbEg2w,g2zwbLIqxtN9nGGuL43trg,2013-04-10 18:04:59,0,All I can say us check the menu. Amazing pizzas!,tip
xXmtvRLU_Qpz0FT09mXGgQ,Qw83CzUGy2m2ZwvC2YAp9g,2012-10-04 22:33:15,0,"Trampled by Turtles, honeyhoney, and The Kingston Springs",tip
8pHQA5b4WJJjmPnWragiUQ,ODmDUPqiKTDm_HiCaQMLPw,2020-09-06 00:08:19,0,"OMG!  Where do I start pad thai, fried rice, basil noodle, panang curry to die for.",tip
QaH3ILheMjG8jQ2qDkqwmQ,NDqbXaf2BEzVV3Rd2tYg1w,2012-06-27 04:45:47,0,Go early so u won't have a long wait,tip
G3E69neBDQChbhahmzfnAA,8pqdJjefYq-a9IBSJJmKwA,2017-02-14 18:15:00,0,Love the spot!,tip
AED6tP0v4aMPd9-YtjPcPg,sXaiyPC1fT6ESl-6t7eSXg,2013-12-09 05:51:01,0,Stop by after 9 o'clock and they have a special menu that will fill your belly on the cheap.,tip
J4rsJEx3JHi_SzwwiPWpdQ,dVtDmflu2O8mTMcYdtudEQ,2017-03-01 01:42:17,0,Mike and Wyatt are awesome!!!,tip
k5eGt-AG22fKoRCyxhlVlg,ThZyytdc_kj2uBYFiSao-A,2017-03-26 14:57:44,0,Not happy with the experience,tip
3sWPbkTDNxvXAe_w2MZ7RA,Z4lwt5fK5-gINuWfI1aiRg,2011-06-27 03:09:49,0,Excellent Thai food!,tip
atmoRW1JqFPtUqidW-E1oQ,VaO-VW3e1kARkU9bP1E7Fw,2018-03-23 02:21:56,0,Delicious food. Great service!1,tip
weSXj3x3_Eej8DT5WfYINg,COXxUlFVa-kS40T_bdcP4g,2012-12-22 17:12:51,0,Come see the Steinway piano.,tip
WHlUa6_SiIXDMbaXTBWwEg,3db1R99-mdSvx3QwryJSNQ,2011-06-26 16:08:36,0,They have good red beans and rice on Mondays only.,tip
t-nB38eHbeFuabXBdJMwvg,a5TaDLChZDSgZ-en1sxNpw,2014-01-12 02:17:46,0,The drive thru service at this McDonalds is very slow.  Go in to the restaurant!,tip
PqUdP3T8uyZyelCe4qTgPw,vyWlrMyMypGPnipA7ovgSg,2011-05-11 21:01:43,0,Can't beat free wifi!!!  Bring your iPad.,tip
HAAqNxYy56VAm56_HvUubg,JpKKLxLo_6RxvQXyjVXnvQ,2017-12-09 04:50:13,0,"Grab a drink at the bar on the weekend and see John, he rocks!",tip
RbDeyKnhzxBm5qbvPbu3Eg,DOfiulOub9hVPBCtiDl9Fw,2014-04-28 02:23:06,0,"Order the mushroom pizza on a sunny weekend lunch outing, then walk past the crowd and find a table out front by The Lark, which is closed during this time.",tip
117a3aPbQMFcwWvFLPQiyQ,Ct23NeSxZrayJd_n9pkK-Q,2011-08-30 20:14:31,0,Get some extra chipotle mayo on the side: yum,tip
p5SSmZWjVInPZDHALYEAPA,O4mH_WvFA0My7qOxbkAYow,2021-12-27 18:56:40,0,Really good. Fresh. Quick.,tip
JoOEzl4ZSckUQDP_QXBhZw,PNRNPwTqxURNWKhE1uIW-Q,2016-05-16 00:35:58,0,"Love this place, good fresh authentic food, great value",tip
20QhYI4Yds9dbagwohTR6g,vMIWLGcgk6HD7FDM5Szjcw,2015-07-07 15:27:20,0,They don't service Montgomery county.,tip
E2RmKWGpVIk1u-cO-ajUGA,xxL2_-oExRCwKs_Nyr0KiQ,2010-04-10 21:57:22,0,Yes again ...,tip
cCHa7LjSYAYY7GmaC8qrBA,iv2-IAR_ej7MnN2DZyU33Q,2017-08-17 00:51:27,0,Love this Verizon store. Great staff and support.,tip
k8y8sNAXTl6XMzg5Qr61rg,21Xcp6zkG2fY515uPobBww,2011-10-08 20:47:19,0,Wedding. Again.,tip
ijzm1bx62ZAn0ncCmS7Zpw,AEgMDoFmikKJv3wYYKlseA,2019-07-03 03:09:36,0,Number 1,tip
zatEOZQ-CNCHBSpjGeM-5Q,QA8QLpwf_YT9C2ST5YJ0vw,2014-04-13 13:59:27,0,"Galatoire's is a New Orleans Creole tradition. And just like most of New Orleans, parking sucks. Plan to pay somewhere close in the Quarter.",tip
sjDaKZFMrQx3BwNz_AM5_A,nGcfY8qVamkNIW7emQlfSQ,2015-07-07 02:40:20,0,Love their shrimp tacos! Service is great! :),tip
W0oHUYC1qlXhFInm4kgLZw,CCcrj8s2vcu7vbRFfV6ayg,2018-04-14 01:03:54,0,Made from scratch!!!!  Great family place to eat!!!,tip
SMyARarjQxaemJsbH7Vd9A,68ZJoGeIj1DA2TnxHgRFyg,2011-12-22 18:00:18,0,Don't be scared...it's great for a sushi fix when you're near! Adorable owners!,tip
xsQyTGdGwM8k3Ns3miYgGQ,RqgS_YDueb2KgBpaNgGOZQ,2012-07-13 23:39:17,0,"Outside is ""closed"" for the night. BOO! :(",tip
EN0tnQVYVQIGoWOWieUmPQ,E2sCj16o8blVxGIxBTxsbQ,2015-05-13 18:57:51,0,"When you go, know exactly what you need and what you do not need. They up sell for problems that don't exist.",tip
xiDVj7FKvaFNosDVFqbobA,7yq7vzRlyb7Kv_Z5op6dxw,2014-03-15 23:21:31,0,Top accordingly!,tip
-5jQwDDJnuL9KnSgEwcKww,RQhkLCRwYCl_7wbGCll8gw,2019-08-22 00:39:16,0,Very good service and food,tip
LxcGaYmhV0gMTNuA-cWwGA,S6ACtNZ5wY0EjmK07iWUgg,2021-06-07 22:58:12,0,"Always good, miss the salmon spring rolls!",tip
nouTFCNKDJBMoYEL_HXYMw,ZsCErD1PI2FUaEy2LMBtRA,2016-09-19 19:24:57,0,Never lets us down excellent food.,tip
6tJrZqiH6nkS5ptg4hsQrQ,RRCgIohWjaeGtlbpcYJBbw,2019-12-31 13:10:37,0,Come hungry,tip
2wP5-MTCHKZjCKaeXikiaA,2AVA3WSH76LXCCBEzSKNqQ,2013-01-06 02:08:07,0,Great food ...,tip
SwGrfxXR0BB2feeACY2-Lg,t1mWfxivNyGde5VxYYYhSA,2020-11-28 01:20:46,0,One of best Korean restaurants In town absolutely love it,tip
DrtLYpHy7wLQU-p7TKJyvA,C3RFTpNj8_4Yz9gtmGeH5Q,2014-08-24 15:18:35,0,Very good German food. Authentic. Good german beer selection.,tip
8prLj0lcK-2Af7MnCymucQ,Dy4cmOkfS_2e4DNNBx3O9w,2015-08-16 06:57:41,0,Do not come to this one I don't care how desperate you are for that 2500 cal! Cockroaches everywhere!! I even brought it to the supervisors attention at night and all only had to say and a snotty attitude was there's nothing he can do about it. I looked at him and said really? You can't do anything about cockroaches? He just rolled his eyes and walked away. Yeah disgusting!,tip
ijYNIJA3bkBDTYTVYo7HAw,qclZoDz3sjT7v5xOSj5P2Q,2016-03-10 21:35:26,0,Great bar! Awesome hurricanes.,tip
IsobkeeYo-tPOTbEF6ljMA,otJAPyE7thHcLuFCM8Wtvw,2021-11-03 04:51:58,0,Quality food! Pita is amazing,tip
tAbsmelp7clAjRppTMVZ9Q,Cmw00BFD1l-_DJHPuKi2Rw,2018-08-12 00:41:03,0,60 min wait right now,tip
SJp3ur20tMsvGVitMxiaww,4iu7fFErsz7LS298z4bk8g,2012-09-15 01:08:49,0,Dumplings in chili oil are a must have!,tip
a8D8jgSWhY44LI1EKU2MhA,nLyyTrxpEOdmNl9P95zXGA,2014-11-26 02:25:59,0,"Poor service tonight , no one is working the dining room , instead they all seem to be hanging out & talking behind the bar ! NOT Good !! Had to ask for refills on water several times.",tip
edYVV1mN2KlqIZsIB3Bglw,0hNFxa8hU_ybM8mCQAVE2Q,2011-11-22 17:53:50,0,The service at this location is ass awful!!!  40 mins to get our food today! 3 times in a row - either slow or they screw the order up.,tip
qjfMBIZpQT9DDtw_BWCopQ,dQUZyX2QDWuqi_-y-cEjMw,2020-03-16 18:05:52,0,Temporarily closed due to Coronavirus. Check their FB for updates.,tip
kKPbWlBjpSL3Qzvtn_AaPw,t5Ca7rn3NsjfZcpfbhRZKA,2012-08-06 16:16:07,0,Juicy delicious!,tip
kRy-wpANwL4O8GIGfFC-DA,74OO_45KTjh6WI3XKdP9Zw,2012-11-09 15:28:55,0,"Location convenient for Warehouse District folks, but my first visit was disappointment. At 9:15am, they already were out of wheat bagels, English muffins, and bananas. As well, they weren't brewing their dark roast or black tea. Staff nice, price affordable, coffee tasty, egg whites just ok.",tip
_zC91aGLwBjnMJji-rpG9A,pM1M2A14mNXz48KCcQtz2w,2014-09-26 15:48:40,0,Not a bad spot,tip
ZcNRzKEVqHezoZ1EeixdLg,9b-LZWsj75mmfMYuChXDkg,2020-03-07 21:03:10,0,This is an amazing restaurant!!,tip
L87mKzA16vlYuoTbravloQ,EBonJ5tjkxBEUezwosVlLg,2010-10-12 15:14:49,0,Pee before you go.,tip
ipi5553NNCX9jrCjlstg7g,OyQZHHPyfawLiZ4PQxCNog,2013-01-13 03:46:21,0,They're closed as of 1/1/13.,tip
NyOLLuFt1ZMwZ_qnvldJWA,DXDoh8MNrqjtXsZnkuk4hA,2017-01-08 19:41:14,0,You can't come to Clearwater Beach and not eat at Frenchys.,tip
LIS-q95y_xTlEubZAfBgIQ,La-xKvOupbntNTUQqd4U0A,2016-06-13 01:17:04,0,"Prolly a better walk to the elm testing site than the other marriot. Over bridge vs up. 8am testers can request free shuttle.^^ 2pm's can ask, won't hurt.",tip
mL4CkTueL3cM0jjeMIUCqg,Yk3f9P3VrW1rBMNtS1iinw,2012-09-15 00:30:53,0,Full lunch/dinner menu. .,tip
HQG3no8C5U31z-k1MaYCqQ,H91qZiLaUQEHNkDP4DO5pg,2012-01-01 21:28:50,0,I'm here because of an Aimee post...,tip
ga_05brEylDLIabc3lZOgA,7e8zmUH_che09a2VHrSxeg,2016-04-20 03:00:44,0,"Friendly front desk staff. Conveniently located across the street from beach access and heated pool. Thin walls though, you can hear everyone walking by outside and your neighbors.",tip
dqucQwA-CHWhUczwqIxKKg,bjZQ8Ql0QzlRW6GgdgIytw,2016-12-02 21:29:17,0,OMG burger is only available until the end of December 2016. It is Oh My God Good.,tip
lw9kwXgQ4qU0NBEkalnljA,ISeSXszyDBE9pn1sjbUDhg,2010-05-15 17:43:40,0,"Ando's restrained, poetic, meditative oeuvre",tip
JwpGFZIf5782bwOPgyrZzw,1y2oj41YDNmJA6qPQce-XA,2016-05-26 22:06:25,0,"No liquor specials during happy hour, only draft beer...",tip
_Ks_3qTGgpHHzvnqjMLG-Q,xYDO35xImuSEGO5fKk6UtA,2017-08-09 21:14:56,0,this place has great cuban flavor,tip
zYFGMy1_thjMnvQLX6JNBw,2pov9KtQBTChfCoJ0IvU5A,2014-04-25 23:38:36,0,Dog friendly patio,tip
IpgZY7yJpT7d-OsoCAN4Sw,g0KYKn9RG6NjijcRp4VIWA,2020-11-15 15:42:20,0,Great service highly recommend,tip
kEyRH-wIsIw9M7T-pfQZAw,iqQCSTq604MRbrUwMNBeug,2014-07-23 23:32:24,0,Try the family style menu for two.,tip
qk8gQgqEUTXAJQLErwdAHg,ORL4JE6tz3rJxVqkdKfegA,2015-08-11 02:16:25,0,Dont go here,tip
c4hFjYiuHv8xB1x_ujHFpw,Cwz2B0bXZXwCZ6Ru9-P6UA,2016-11-22 00:58:20,0,Best Jamaican food in the northeast this is good food at a great price,tip
70p7ZC7JNkAn4YHJL2oLqQ,FEXhWNCMkv22qG04E83Qjg,2013-03-09 19:29:30,0,"Beignets, mmmmm",tip
3J44PSuAqDNdY3L4WXWZUw,kfpwO_cdVQdTh2_oMDZ51Q,2013-11-16 04:18:38,0,Bell's Expedition is on right now... and they have fried ribs. What else you need?,tip
50lBjqPyg0qRDzWeDlc-aQ,NKn2x0CsWnWSfjBfmvq0fw,2015-01-30 22:21:46,0,Free can of soda with check in on Facebook!!!,tip
tj4f7dbf803UjDejrs7eiQ,8fB41ZVGzU-i3fOgKLZdqg,2017-12-30 18:35:04,0,Good vibes always!,tip
yUngqxBzqCgcdL4heo4Heg,wj8XtPyuREj8_0GQz3LZ6w,2015-07-03 20:15:33,0,"The food is great, good taste and very big portion. Just a little bit crowded.",tip
xf60837LYdPrcNkvstk7yg,8NyDM-FDoWEEeEG9XUwnbg,2010-10-07 18:14:16,0,Always a winner!,tip
mV2XwLo4XqIN5xnVyp95dQ,rgSHLh2Le0Un82FDxbq0mg,2016-03-06 18:28:21,0,Yes.,tip
9lCb0V9FVtvI9qHuZhJmqw,99e7bysta1myyrQogFEWUQ,2017-02-04 01:54:49,0,"they're always busy! no matter when you go...summer, winter, weekday, weekend...but always accommodating, and delicious pizza and beers outweigh the wait. fig jam pizza and golden ipa = yes!",tip
Ce9vPho0OnX2JrJ8VEjd_A,eOJtzVd3F25GHRFWy9j-MA,2018-02-23 15:03:59,0,"2018 date is Saturday, April 14th. It's free and open to public. It's tenth annual event from 10 am to 5 pm according to the organizer.",tip
q8dRHhHa9V8lSXph54nBcQ,5fIG7laATvOIgsPPFevqXA,2016-09-05 01:49:06,0,Highlight of my day in Nashville!!! Views at sunset are awesome,tip
Rr4cLb6Go91FT134o6RsKg,ldr7iDtxFXX-q7tJuXqlGQ,2011-07-04 23:24:29,0,Mmm chocolately beer,tip
0mvCgd10RJndh0rxSrLlEg,upgYrte1f2kR0VED3RQtIA,2015-03-25 21:46:39,0,"Food was yummy, service was great, prices were reasonable.",tip
h3KYuVHhr59Q-UFloqhLHg,7kwQZV6PjhZ7jQn8ZmJCEg,2020-03-06 16:49:49,0,Daily Lunch specials are 6.99. A deal too good to pass up.,tip
mivYt-sr0OyYsnwpLFuXDg,sJUe1pYicJ54xOXPDNT6hA,2016-02-21 15:52:53,0,"When ordering for home delivery, be ready for an immediate super fast delivery. They are by far the quickest pizza shop for delivery and always with the most pleasant driver.",tip
MG-Be02Cjx32ktC_GvzHNw,1ymFs_vuos2IsTvWAvQv5Q,2019-05-05 23:35:55,0,Dont forget to sign up for the emails. They are really nice about sending out freebies for special events and birthdays! Good treats!,tip
WDoEa3YDnBzDnjSGEqpVCg,A9NqmUP1L3eU40a64q5Kdw,2016-01-18 00:57:11,0,Nice spot.  Good price.  Not much not to like.  Not quiet though.,tip
9377RF0bLEi27z0swwkBdQ,8O35ji_yOMVJmZ6bl96yhQ,2012-02-09 19:27:18,0,Not the nicest I've ever been to,tip
heTqqLpW0Bq1RXddbnOUJA,3znEsU5ctOr4TCj4t0ng0Q,2013-08-09 21:53:22,0,I will most certainly be returning! Love my new acrylic nails! Fantastic quality and service!! This is my go to from now on!!!,tip
kbW5LShNp7Nsz7vquThxuA,vSS_H_9mEARWnQe7NtFNSg,2013-02-20 01:48:30,0,Get the chuletas: parsley lemon marinated grilled lamb chops.,tip
5J_LxGmdBEPp9La0jXjPng,_V6hl1oGkTV2KbGeax_HPA,2011-02-09 17:52:41,0,"RPWNS - Roasted pork wonton noodle soup. Deep breath, sigh, smile :))",tip
BCbJ4C-LimAPU2dnzwJDLQ,0R2yKDNMUztQwgo8pG4z-Q,2012-08-12 18:51:16,0,Beer! ;),tip
eEH-8CEPU5ndPxDGzVfHiQ,1Fs3_bjPQwvSXZHGGlFE-A,2018-08-05 12:58:03,0,No gluten free options-it's 2018!!,tip
pCjCGMw-1S-02lkII0ujpQ,hkaS8jWbnK0R5uPzQjTZwQ,2012-04-27 17:01:21,0,Lunch with fellow portolio sufferers....WE DID IT!,tip
erbvb1HGwwNdslTYjvw-7Q,-Py1Ry6hbmMznYq2ZNB5-Q,2014-04-23 20:44:41,0,If your looking for a great pediatrician check out Dr. Roy.  He is very good with kids and us parents.  Very respected.,tip
aR6rQMWqxMBVch13dGCnSg,e4MoozYGqe_rb4_ZC1rYMQ,2012-10-15 16:59:57,0,"First time having lunch here. Add that to the list of things they do perfectly, which already included coffee, mochas, cupcakes and truffles. :0)",tip
X2I6xseHrmijBESOz71pLw,Z8Ogntx3BWTvzxOFJnL5xA,2014-07-26 19:51:50,0,Online ordering.  Nice!,tip
uS6rTQk1fyQO4EmxKK806g,oY5EIvb0WZ_4qwioC1eXsw,2013-01-24 21:20:06,0,"Get a cookie with your sammy, you won't be disappointed. Awesome!",tip
oEdFg_-hbjUEIpHEPdAcww,Z9tVLQxaXm2jc3M3u9Bzww,2015-08-01 21:15:40,0,Hot-N-Ready? More like Cold-N-LongFuckingWait.,tip
5jArNERIaXDA9htJswT_Qw,AjxjKRNin477A7nKAZciGg,2016-06-05 22:26:05,0,Beer is yummy - patio is kick ass.,tip
RDEzAVmST4q2RjKYHAUVKg,wAi8PbU2-HL-stkI2z2YcA,2016-05-09 22:47:29,0,Don't go in,tip
8Jetkd4W7Y6kONGN49d4PA,06_ObrhBE8qd2puOu-lkiQ,2013-04-26 02:09:46,0,Thursday night $0.65 wings can't be beat! Asian zing anyone?,tip
W72JTItpNQ7TY69SNjTO7A,JBQFWXXdKX9YKK1p3QI49w,2020-06-25 22:03:18,0,Best. Food. EVER!  Get the BBQ chicken sub. With the corn!!!!!!  My fave!,tip
6GxM689f_9gPGK4uDAZYdw,zBfYuwdybeMHfLuUbO1Ung,2018-03-21 02:13:11,0,Great atmosphere & food... incredible prices!,tip
nkSKPsgGEWiEj6pQ3K7n9A,GUaDNAYbenXuCji1Da-skA,2013-01-09 15:54:06,0,The veterinarians and staff are very helpful and friendly.,tip
IDCVIPzpUCuT8Vwxct9jYw,Z0mBsgDzDnFAEC5o4X6G9g,2021-11-09 03:17:47,0,"$1 'vegan tax'--meaning an upcharge on plant-based milks. (However, manager Rebecca seemed openminded about changing this, so if you're opposed, let her know!)",tip
Ber5AYbJj0IkWa2M_RXFiw,9A8AuBfUNyWdQRTRjIlpzA,2021-02-28 23:04:02,0,Don't waste your time. Dry and inedible,tip
Id615kNOQxerWg0kU9cmfQ,1gbTusC1PP8S84lp7TUxrA,2018-11-27 17:31:19,0,Tea Tip - Skip the sweet tea here - no good,tip
LrBdK9HdRUHubu9CJVkSxg,292kNklhFCqx2te2UE0OrA,2012-01-30 21:02:41,0,Go early to avoid the crowd!  Love the peanuts!!,tip
qc3DJxkOfxKH6zcVlAPofA,73esU0u3hYIPPqCScAA2HQ,2012-10-06 17:36:38,0,Celebrate Nashville Cultural Festival!,tip
YlWqbKfRinSudpLlgTxKbA,Qlmusk0BBY0kMOd8Y96H4A,2016-05-28 04:17:08,0,Make a reservation if you want food and an atmosphere quiet enough to talk - the bar was packed and very noisy - but those of us who made reservations had tables in the quieter restaurant area!,tip
pkP3z8r_3mmkHZ7EuiVahg,VSjoo6kJ9MU4G0cfO_-CRA,2012-02-02 00:18:25,0,This is sooooo good!,tip
iJQtNnEcrxdpaD132v26nQ,qovNOicSV1A2xyVh9LLeUg,2011-05-27 14:16:24,0,LAME when they're not opened as advertised. Ugh.,tip
nUf9wgN755lhA12t3E44dg,qCOr-SXLYq5zT9H7jwBB_w,2021-07-23 21:57:01,0,Always delish!!,tip
sV0UPTl3Kbz7tBiGnPzwFg,pUlpCJBYR7chLMMUKA5Ydg,2018-07-13 22:36:14,0,All ages welcome until 10 pm,tip
wgxKBB8GQg4nrO_fFFa6sQ,OdIBX09glfXNVSyd0RnIeg,2015-06-03 12:08:03,0,Biggest beer selection I've ever seen!!,tip
cXygp0ImOmk69aazAm9V0A,DzjOYSKnjmYYBwMUcIAKcw,2017-03-30 14:40:18,0,BurgerTime 1/2 price burger Wednesday is just the burger now includes a side. Way better deal!,tip
XlP7ZMml-4FpS7cBwTr1EA,6WmOJ8ARLjDUvqtHuRjQGA,2021-04-10 21:33:52,0,Love the pizza here. Best pizza around,tip
c16yhfke8BuDmYM0hDentg,3yW8-dUi1wwCEf0URxUA7A,2017-05-02 03:41:59,0,The drinks here were sooooo refreshing! I cannot wait to find any excuse to go back!,tip
640-XJULtQ_P073RMClgPg,OFOCckxzypHnh35Xj5FQ4g,2012-05-02 02:12:54,0,"Quick, always available pumps & great selection inside.",tip
kSqJmPeea6__3YCUPzmadA,4RNZxB_UfRY6xmCHGwd18Q,2021-02-24 23:47:53,0,"Great little place, if you like real Mexican this is the place to come.",tip
wPRGQ2FgHFQmbrmnarR9MQ,cuqMujbXL_S2Sv-OKPUGXg,2021-09-16 02:59:23,0,Susan runs a great shop.,tip
hDsxdlsFEDETR-c1YwYHsg,5bp5RCfHs0xN8DgnzwK4FQ,2011-05-16 21:55:10,0,Mountain Dew Icees!,tip
jjuLQSMakLmeSCyB8KMTdA,qV325HCv3cZKgdgkMJObNQ,2011-11-20 02:50:43,0,They play wegman's music here. Werd.,tip
wDcY97doE0wh1rl5LsXOcA,iJp9sq8UddLSrUtIieoD0A,2011-05-08 18:27:11,0,Don't wanna go to the chain coffee shop? Here is Good Cup on the cliff!,tip
alF_72E35Q4bIsw5MXyZBQ,pGSSJChaxuZf34M9pkdKtg,2012-06-30 18:03:06,0,Case of coconut water!,tip
PsAc75vd-ujO2y6dQZ5MUw,tvbFcYCEQWc76CUK-nBw8w,2018-08-02 22:50:00,0,My favorite Korean restaurant!! And Friendly Service !The BBQ is the BEST!!!,tip
2rgIaO_X4Z07qrlu8xzGcA,vd7LTCGyxHOeO8FnWVbHzw,2012-01-27 21:08:16,0,Snack time.   Real chicken.....good stuff.,tip
HcyQ--NTVG18UDpVQqzDaQ,DXDoh8MNrqjtXsZnkuk4hA,2016-10-09 23:46:46,0,Our waitress was awesome. But the food was meh. Nothing to write home about,tip
MfQZHMn7_bIL2GtS0d9wDg,CO9r8EOwyuAdgKHkr36lqg,2020-07-19 11:16:30,0,Ronald was excellent!!!!!,tip
Z8Dv-N42EfoCkQ_MP6npmA,8Sv9ohuIAWbElDj-empIsA,2014-02-14 00:49:43,0,Joining with Kilted Dragon for take-a-way growlers!!!,tip
Yd-8gio3AeXHuqv5AjcLOQ,NziLOYsNy78bJ3QCUPKeIA,2012-12-30 01:55:41,0,Buying some fruits and veggies to neutralize the heavy food!,tip
t6oMDTL1KhmVdQz4phXxVA,mAqgsZBTN-wsShMpkz2o9g,2013-06-27 22:53:51,0,Not cheap but great deli,tip
4RAyfiyUSP380v4VSYqj5Q,-h2ofCKKVch8fyinQxTsGQ,2015-07-30 18:13:51,0,"Good food, lots of build options, and good sized portions. Worth it.",tip
H6VcA64AGcb9fdlgWXnJ0Q,wexGsdw5Wz85-hOBx9r2Tg,2013-07-08 22:07:29,0,"Very very good ))) I love their food ) yamm
Ikkyu is  really friendly and nice!!!",tip
HpSJp6pVyzFeYnup3qAXBQ,hjyII_vOD7HvEiY1xHrikg,2020-05-07 00:13:56,0,They take touchless payment like android pay / apple pay,tip
etyNhRLqApbsp7UPZVCF-A,al3Ri6TEqa2rBzjHsn0T_g,2012-05-27 15:33:34,0,Mmmm...duck confit crepe? Yes please.,tip
MWjOBJEQop__owYvB3quLg,VgAKmXE8B7J0I_O_R13UKQ,2018-06-07 05:25:00,0,The parking lot right by this spot has free parking for 75 min:) and no validation is needed.,tip
iCDAZ3mFVsR1Ep6Lp8PP0g,b05wG00_-dkmREglAsCbfA,2013-10-13 01:51:12,0,a perfect pint of Guinness! I love this place.,tip
lJmR33nfDJc_RTFqTV6L4A,Lm6VyDb-DPfSiUYb8S4_TA,2014-02-28 21:41:15,0,Try the baklava cheese cake,tip
JMjLWYbP-d9tlYAkLz1Ogw,yvh5qUSAbjMnvYy_HrATdQ,2013-10-21 00:42:04,0,"They changed the spicy garlic sauce. It used to have great flavor with a pepper kick, but now it is all spice no flavor. My mouth nearly went numb. Had the guys at my table try it to make sure it wasn't just me and they could barely tolerate it. Manager said its from a new supplier and they've gotten a lot of complaints.",tip
rCsgqffVpFcHqHdO2aAHcQ,6yUwIic-obMfUiPBDDkTkw,2020-08-01 13:41:18,0,Grand Opening August 8th!,tip
dGqEM5QKobr_GNzryBrFQg,W4ZEKkva9HpAdZG88juwyQ,2020-02-24 01:59:23,0,JC is da man!,tip
j-rhaPEBYWLRNGIYJ_K5lA,6Z89Ixagyc0mrVnyZHiIVw,2010-02-15 02:40:32,0,Burger night.  Banana bread,tip
a2fKHqHppQiSh6rm_13LsA,rLg-bkM7CHiP88dheqFkzQ,2016-10-09 14:52:50,0,"If you're typically a demanding brat princess, you won't like it here. Treat the stylists like the professionals they are, and they will be likewise to you.",tip
4uq4mG9hUOcX_iOfCpvJIA,yui1n1JawiW9g7RR62a_wA,2010-03-07 20:35:02,0,"Great food all around. Best volcano roll. Also recommend tt roll. If youre not into sushi, then bul go ki",tip
sjRAyI7qudC_537KxAc-aA,KXecZki-_3N7afs6HKWM3A,2018-01-29 21:45:14,0,Yummmmmy!!  Great atmosphere and food is excellent. Will definitely go again.,tip
tHpajGWxEzAOj0U0Jl5EFg,I7tuRXZyKCB8SWaq3tQVqA,2011-11-15 23:42:18,0,have to break out the big guns for this cold of mine.   chicken consomme!,tip
UgkYMKCk1vFjJ7oCK78qpw,CCnuyfb1nd-doEpkj0OoHg,2015-01-31 19:00:52,0,This place blows !!!!,tip
5UEDDJm6nxd1xFSRHMEj3g,EnZGNF1dcJDtvTfmGi7eRw,2011-11-16 00:05:36,0,"do not eat at the food court , goto ruby tuesdays",tip
KDewJBJknfWvQyHHFNbfdg,_P4ZlE_3h97jt9o7-WSXmw,2011-03-04 03:07:43,0,@indycm @bhorg behind the bar!,tip
VKbWp8FxV0NAQZQIm0rVaQ,OgEMh5PsqLPNbKw78oZJ-w,2016-09-18 17:18:57,0,Friday night regular...wings are exceptional family friendly,tip
ODt6sZ95CnlC3K4S8Rliog,kNe-WMFqoUbxhXpOs3-U4g,2012-08-28 03:04:54,0,Brad is awesome!,tip
Fr74b_daaxhs9YhsHVmiGw,2UZvVu5v5SQ_xrPwQAtvJw,2014-04-08 14:55:32,0,There burritos de asada are to die for,tip
JcpDK-JobtPjcJdIFaJ0Hg,QCaidu0NAS_sseca_xe4hQ,2013-08-29 15:49:22,0,Delicious latte with foam art,tip
Jh8K6IdnntfpfqbO4LMDTQ,mdMsb1OrUc8onJNr9Zk7hQ,2012-07-21 22:47:33,0,Pro-Tip: when it starts to rain...wait it out in an unoccupied cabana.,tip
dyY8BYC5T_KEcJ0__LS4SQ,fRFNQNoVRDI3YFhiGyqZxA,2018-12-23 15:26:29,0,Huge. Delicious. Nice folks.,tip
uEHq2-7STj31jI_H8Txwdg,5EPgeoxoSLLZbOL8chDjLA,2010-07-25 16:47:06,0,Great! Green bean casserole and the pig burger. Also fried green tomatoes bentons bacon and caramelized onions on it. Wow!,tip
AYKalvxWY5h2x94LFDQWPg,Mrv9peYeHnxAQAntYw50rA,2010-08-13 20:36:22,0,Not correct address,tip
6RR4IW2rHemPOkSGopsy3A,Cq3pmXsd5k4Z9zPlYkTvxQ,2012-03-08 01:36:45,0,"Hard to find after sunset, have no glowing sign.  It is in a small plaza.",tip
Yq_T242aUKiiD7sxLqjvag,yPSejq3_erxo9zdVYTBnZA,2011-04-03 01:39:48,0,"Very rude waitress, must order before you sit. Not a pleasant experience!!!! Not recommended for families",tip
yXPnvYeFsovx_kSR6xASzQ,yktnwboMIQZkOvcZywktzA,2018-12-19 23:51:30,0,Butter chicken is the best!,tip
FYP9AduTsnD3zvTqUSW-vA,o65oF9scUkixVW04MQI9hA,2012-05-06 20:50:39,0,Checking it out. Very nice decor Italian villa style.,tip
zBjrUkIPfvQSc05iN3ykIA,K9mmm_xAVnYyjvUXlfnZEQ,2017-08-27 18:08:18,0,Highly recommend Jamy ! Always perfect color and cut for over 4 years.,tip
Ih8AuBUpWVtHg0x7Auh_Qw,-kRtI79gCFWX__CvFNMmoQ,2017-05-04 19:49:22,0,First was great and fresh!,tip
qqyggmRdhfWjvGQ15URiSQ,S_jfDqc2TUhkraTpeZgqjg,2015-07-12 20:38:50,0,"$2 PBR pints come with terrible service. But hey, the chips and salsa were okay.",tip
EIPN7GwMqVO9IJV1TKPTRA,zOKaw5aadadq7KJc0TPENw,2013-08-24 15:18:44,0,Great men's cut for $10. Open 7 days. Juju is very friendly and is a pro for a quick/great cut.,tip
iMFLIn0CVrsAgK4v1YFzMQ,m6lqjyxAKw0i_5UaREfMLQ,2019-06-06 02:25:56,0,Good food and good service.,tip
giQSReOdlfwPd9dND2FvDg,QMLC0vHvioht4SqbAhoIbg,2020-11-02 18:50:46,0,Revised hours - Wed - Sun 12-8,tip
wI795B7EQTjkSL1eiYpMhw,Wxk6pzWgmDoDjfnQcQu3-A,2013-03-21 20:42:09,0,"Not sure how far in advance you need to call in order to get a car to show up on time but I called three hours before hand and ten minutes after my pick up time I'm still waiting. Got a call from the driver saying he'll be here in five, which was reassuring considering both of the office numbers are nothing but busy signals now. Grumble grumble...",tip
BTzogObU2RFLCU56i8qdlQ,UeYZgcORV2Veo_BZzdiaTg,2010-05-08 23:57:40,0,Cheese board,tip
wTEvVoJIyYuDKijICd18Zg,knP_Le69wM8xv40B99ztCQ,2011-02-13 19:35:45,0,Mix three is the way to go,tip
hT6mM3xEJP3f05fmm5oKxQ,PWvfnWWqQANYqYLbjkkvWA,2016-05-29 23:52:48,0,These guys are great; very friendly and honest. We rent from them every year.,tip
eZ8PbsN5ng0VENFOa-VY0w,miuCbpDx1YphwfHwgaYoPA,2019-03-27 02:09:11,0,Best meal by far during our 4 days here.  And the service was just as good.,tip
c4_l_Pw86PTtpRqygqibdA,mgsQIMjSGfYFV8s0IFBUVA,2014-01-02 05:42:19,0,Military discount!!,tip
LkXNQQaIc5yrKu9Ap87RrA,XG-TaijaXQGFpuTZmnt2LA,2018-01-27 22:33:12,0,"In the Joe Crowley Student Union.

It's NOT Mexican!!!!",tip
GSVmJja9_1mjlfNgv6nOjg,yxQs5gSf0-8cEd6YMgSjbw,2012-08-26 23:34:34,1,It's chili's. It's exactly what u expect from a chain. Quick food good service,tip
oyDknlMJW6dZpzN9umaDxg,rQgvzje411OZY2p9fLdycQ,2014-10-11 08:12:11,0,One word- Monkey Buns....just get it- OMG!!!,tip
mTk_RgydlKXXnMb2retOFw,kVrugngpixLsf4pNu4uzrw,2013-03-03 23:50:24,0,Great fried rice!,tip
Q6VblEJA1KIF6ahjENNaRQ,IAgeKx3Z3_JqMjcAOCy2dQ,2013-04-27 13:08:13,0,"My group of 3 went around 4:30 on Friday. No crowds and great service. Great selection of draft and bottled craft beers. The menu is limited and basically expensive pub food. Not a fine dining establishment or for kids. If you like craft beers and an informal atmosphere, this is your spot.",tip
4QikH_OZkjN5CPA8xDS2YQ,SAJa2h19C_U6KLZI2x1qCw,2014-08-16 22:28:57,0,Guns guns guns,tip
FnJBeRGx2LYLT4cv1Hra_g,f88P1gIbRpRzsYAHj9hGdA,2014-02-26 23:23:03,0,Best fried shrimp on the go in Philly!,tip
6oxKRNU7S6z6Ba4uy_Gs7w,XhFw-aeohM6UKPgyBDLSnQ,2012-02-05 00:19:16,0,Best club sandwich ever!,tip
ILbTN47MEUvnEaPA_OlFvQ,2S_CEQYBbp8RO1bJm_1mng,2014-08-01 00:23:42,0,My favorite dive bar in Nola. Be yourself and make new drunk friends.,tip
pOAKC8pM5ETMQzJHO1t3lw,wctrPm9rrluvZXsnGkyrcw,2018-05-25 17:52:09,0,"Great lunch special , rolls are well made , fish is fish . Good stuff here ...",tip
A3KZDoUKLxmBIL3QnL9bIA,BVv3JFBNRQW3pX9cTZizkQ,2013-08-31 22:53:22,1,Special tonight all yo can eat more pics to follow,tip
_Ij3AvLsY5-psWNjhDRgDQ,Vug6egBQn63ejHoEUUVdKA,2011-11-25 15:23:28,0,Reiki Master class today. Private instruction is always available www.livingahealinglife.com.,tip
EbTcQEy1NT7ZY9WZSkhLWA,vQTFffd8OFO8PN94NkQXKw,2018-03-03 02:29:02,0,Try the sauces before hand! They can be more or less spicy depending on the batch.,tip
ET8n-r7glWYqZhuR6GcdNw,0-7N3z_cb3Z1xMGDrbez6w,2012-05-19 14:24:21,0,The burrata and house-cured culatello is fantastic and large enough to share.,tip
X7cade4By6ENDk54g7XRtg,wocwfwSFrNfYJRyfYSi1Cw,2016-04-19 12:40:20,0,Morning happy hour special until 8:30: Bagel with spread and small coffee for $4.75. Yum!,tip
6ZbOSWYppK8yEIJWmVhNyA,LCEiXJGTtu2dKre1RCcqYA,2011-09-30 23:59:13,0,Goodwoods on a Friday.  Life is gooooood!,tip
r3SM1g4iR9TyvVBxl-3IKQ,-qkRPWkNQE5OWbB8wQ3MZw,2018-10-14 17:20:25,0,Rude staff,tip
Rqfbh-m2qqe8SPgI334i1g,CRnqAB-ViEfQ0CQGOlEIeA,2017-08-31 15:34:14,0,Excellent neighbor bakery and after recent retooling really upped their game!,tip
LuozQamYqkljxSJhDdD3ig,R7ZqfB-4Z7jyl73iQ58nEQ,2013-09-07 14:51:11,0,Love the cheesy chaurice!! Best in the city!!!,tip
4DyMRBKrokax6d8LCI3GAw,zZrDoiQIUmiVkifJx0h_KA,2021-10-03 00:02:43,0,Officially opens 10/7/2021!! Get your Old Town Coffee fix Downtown!,tip
F31D4eso76hWFTAylPsPgA,HabjOG3X8V85QWkULx_vBA,2017-05-18 03:45:53,0,Traditional American food very good,tip
7dpRpeHf7AOOVQl89YIb8A,_C7QiQQc47AOEv4PE3Kong,2017-01-07 03:22:41,0,Make sure and call for reservations. They have a dress code so make sure and read the notes on the website.,tip
vHB54ue8uAuTIwSgv3HlGA,hExi86DTBlmIhB2FLvqrHg,2019-05-22 02:09:03,0,When everyone raves about the kale salad.....it's true,tip
HaRDQp1mb23oH3OK_MGtsw,mhrW9O0O5hXGXGnEYBVoag,2011-09-25 04:03:56,0,Rack of lamb baby!,tip
q0IIXgLm35Iq5-F2WE3EBw,wsRRALb4nihuUYhBbmHbxA,2017-05-28 22:35:45,0,I leave revues all the time nobody contacted me from your site.  Thank you.,tip
_a-z5ZGISNskM_D3ZtI0_Q,FHNIvNgh3fS7VZQq2Y3dsA,2017-04-15 17:14:30,0,Excellent!,tip
i6Qny6FvF-n_nD-iELpH8g,w0MduHbQNWZkYl66jZIiEA,2013-08-22 13:47:48,0,"They are slightly more expensive than your average mani/pedi place, but the lengthy massages make it all worth it!",tip
QLna4ykFc92Y7mKO8WKcdw,QVqLR6SJZP9DyeYVR9esUg,2014-02-02 17:39:23,0,Wonderful food,tip
RVeFtkfbn0ITd19S_yaqFQ,dzFbGUUV5eh-ZR81RCnv7g,2016-04-08 17:30:00,0,"They have a tanning salon under the gym, and also a smoothie center. Perfect for a snack before/after your workout",tip
H11jS_iT9_bUMaVxH2AIbg,9IfTWDc0a7nA6_crmOZ8zw,2018-07-08 22:03:59,0,This is the place to take out of town friends looking for a Reno T-shirt as a souvenir.,tip
Q9eqotfc2557MHqUw9XjTQ,VenEFnTPby696pA8gjXQew,2017-08-31 17:08:20,0,They have lasik down to an art.,tip
qjRuHQYCCXgx9BOHzJA4zA,_oD6fsRlctrwn2cjrh16zg,2017-06-30 19:00:03,0,Felt rushed yet they took their time on a bad job. Never again,tip
7p8yhXuFxk0_jg2WmXXpkw,AGlh4ZDv6jnoiYfz7At9mw,2017-09-25 06:48:50,0,The place is cash only,tip
9CUYUkGuboexlhG3QF6NZg,fuyuHRAmEDQ5kAu1rvFpgg,2013-01-17 17:41:01,0,$828.01 to rent  a 2012 Nissan Altima for 31 days with the 10% discount.,tip
snEJqskGMxYjK5RNK2viBQ,RRCgIohWjaeGtlbpcYJBbw,2014-08-16 19:11:54,0,Great food and service. Will be back again.,tip
HmCM6X03l_OB0eNXxsODOQ,LFtwjMZrn0PUAiB4yiSn-w,2015-06-02 19:21:39,0,Beautiful theater,tip
AjS8kTk0g0QggkZdX0J3Ig,dzAo5l1AAHnz8Ln5uim-ZQ,2017-05-20 03:27:06,0,The samosas on the hot bar are really tasty! Add them to a homemade curry for a great dinner.,tip
LNz5NSoV8XVZhxIp5wYh3Q,2ari5VTz_0bGE7WnvBylbA,2010-04-27 23:49:55,0,FYI they are sold out so hope u have reservations!,tip
TnxZgS3lrNYsPohd_OpiCg,7BI3i_-l9VZwycB7ovMn6w,2015-12-23 21:52:49,0,Wednesday is ladies day,tip
pMj9HULhkLzg2qqclC5wuw,hOuOtbdn0-PKc420T9UW_A,2013-01-01 13:26:59,0,Not a bad place to pick up a quick necessity. Good selection. Easy parking.,tip
NFNxvviH1f1g5xW_5R6AIQ,tBYALYU80-RzhJufLqnvqg,2015-06-14 03:36:34,0,The chicken strips are poisoned,tip
GjhV51ooyTM9GKY9mwuqoQ,vEdNsFx-ozYFNxR9XZQ5AA,2016-04-19 21:50:29,0,Come on a Tuesday from 5-7 for $5 burgers AND happy hour!!,tip
sfpjQaDQOX3OuIJmOMKSHQ,ngvE1G9IckUO-ljZBFo23w,2011-09-10 21:36:53,0,So vegan friendly!,tip
esQVkiERSKvDu773Sl4GeA,sF6sFWizSzsXCquOFA4wTg,2012-10-28 17:31:02,0,This is a busy place since it is close to a couple of hotels and nothing much but the freeway. Staff is friendly and service is quick.,tip
uto6OsqD_6130NoqZL0yrg,F9OFNrITmQ1a9glscJ20ag,2011-01-21 20:25:32,0,"Whoa, burger is banging.",tip
r47xUYnY3mcbItRFuJR8Rw,sdry33zdnowRzDrWaNdcFw,2017-08-15 14:55:25,0,Food is good but the portions are really small,tip
ggoV64G4agKXc0-Cowbu-Q,3xEfhRaWMSTN8XcuMgBjQA,2013-08-23 23:35:13,0,Spaghetti scologio  and mango sorbet,tip
4oYobirS3t0xduII-vlH9A,kVrugngpixLsf4pNu4uzrw,2013-09-13 22:17:20,0,Only go here if you want to wait 40 minutes for take out.,tip
2BllrBRm70ivfKWmF7JlJA,I2ISRV7IybkMc3HEYKUE9g,2012-06-20 00:12:35,0,How cute is it here?,tip
6mNPJEOLffnVtyGkCtoHbA,9uRj85PviKNiMCYPwiJyIw,2015-06-06 18:42:11,0,Solid option near the arena.,tip
AZ6BfL_glKmHwd84wOp-hg,0SiYorO10Llh-dNfrffvrQ,2013-11-04 21:49:22,0,"On my only visit to the shop a man snd woman were talking and had no time for a customer.   When they started to whisper so that I could not hear their gossip, I knew it was time for me to leave and never return.",tip
Er_1k4cl0VwKz9tfIn-FBw,v-liEhFGRVJXdfmgcsm_Eg,2016-02-13 00:24:25,0,Giving away free fish plates with a drink,tip
Gib0DdQnGSwbhDUu-Efo9Q,onp9X_9RRAEzA-yqdiSOcA,2014-02-21 17:56:23,0,Best wings in the country!!!!,tip
3tK_tjopb9jnAT4p3xuHEw,SQM7s63nDqst2LGRLQI7Gw,2019-07-06 19:22:15,0,They do have WiFi!!,tip
f3AZHdFgVpB5oglDz4kvyQ,Z6f5SQmGTckZ_KkKbib2VQ,2010-06-17 17:34:51,0,This place looked awesome!  Review to come.,tip
jFEYrS6SZz9ucrZjxJsqhg,wTPu4C7FTdJNLu88_JJqeg,2011-10-09 21:04:31,0,Clean bathrooms,tip
vq9TI11JinsJuRVXhJZ4gw,fgDaZkRNZbxdXzsj04xa3A,2011-09-08 15:00:16,0,"Iced mocha please. 7am meeting, I deserve a little treat!",tip
YuFhmHJlyhfKnS-d8Lv8qA,2tg6sMQr9rrXVXmgrqBYmg,2015-10-19 22:36:30,0,My go to restaurant if I want good service and a delicious filling meal!,tip
VTk39JoHi18xWv0XT8sAOw,xdG_RW_QsAGJbXp46M_V8w,2020-01-04 22:47:38,0,Redesigned interior. Looks great. No more sticker wall.,tip
Q-IyqHiLAQiwxJBcAtJr8Q,p97AKAHZbh7siJS6FA9xzw,2015-09-18 22:46:19,0,Excellent pizza. Reasonable prices. Great service. Will definitely be back.,tip
iy8afDY2NciM-bFmocw4cw,iDL_412a-SHChFoCDE4R9Q,2014-01-08 14:33:22,0,"You can dine in, but there are only four tables; I'd prefer takeout/delivery.",tip
OeTUv_Qwuny-0V2ug5eTwg,dA1NubF15yiyEoI1Sm_6gQ,2014-04-13 23:32:12,0,Great family style dining... Date night atmosphere.,tip
0HAY2wbsCzgmGAE6i9ne9Q,7glfum-JcIAjxD5fJ92Wig,2013-07-10 15:15:25,0,"Pretty much the best Chinese buffet place in town!!! Always is clean, servers are friendly, and the food tastes amazing! Centrally located so that no matter where we are in STL we can swing by for a great meal.",tip
_sqRSlPCTxVZ-usSIdO_fQ,ehqT-Pek95bMYQKx5_nKsg,2021-03-15 01:01:10,0,Mmmmmm... Everything is on point,tip
OkwMSs7aPli0H7CAwxUEGg,lq7dE9c10OvRfd_edJoyMg,2018-08-11 09:07:06,0,Amazing Italian food. Great view and Service! The best location in Santa Barbara.,tip
blj3vXi-F0Nc-liEkExU6A,tzgrrqQ0SCVXQV02D37Ydw,2017-09-08 01:21:08,0,Request Bella she is very sweet and takes her time with everything! Come between 12-4 that's when you bet the rush and get to really relax,tip
GacIbHbot3ziTV-TgTo3zg,TEv0kn08Hq2UZ3k74Ieh_Q,2018-08-05 16:16:16,0,Excellent!!!,tip
eJiYuAuzHm7MGHlObuHQnw,yjXSQDwuI49poc3MA7AGdw,2019-08-04 22:33:14,0,No Oat milk. Friendly staff. Not busy on Sunday afternoon.,tip
y_v2Z7w0cF-8Idtb5BnakQ,8QJTzIaR5FceGds8HBSIig,2017-02-23 06:31:25,0,"The spinach and artichoke dip appetizer is delicious, warm and happily serves 2-3 people.",tip
TohniIidjrRb_iW_TJB3xw,gqHfexCvjb6VNOawvdJ-WQ,2013-01-29 04:22:02,0,"Wing night on Monday, grab some free theater style popcorn from near the entrance.",tip
nhELxoEkZB63o8wHAeKkig,oToFygrpTn3OUpFkPFMxfA,2016-09-15 17:11:51,0,"The dipped cones are amazing and my favorite(mmm, butterscotch and vanilla), but be prepared - they melt pretty quickly under the Florida heat and the shell can make it pretty messy. Eat inside your car or grab a lot of napkins!",tip
O9Yk2jNKE-QS2wgFzMKrtA,16F4GypSrqrwObH6IkaOUg,2011-11-09 16:40:32,0,Always friendly and well managed location.,tip
2iQmQNUAEC-5f9jen56K4w,P8B3oNC6HzSyQWHTDXUuXQ,2016-02-03 23:31:25,0,Dump,tip
Bnemb6ZarNsWo-RNPpiRYA,JngvCO_EWSG5r3Mcy_5_9A,2013-06-24 20:32:12,0,My White Mocha Cookie Crumble with double shot of espresso was a perfect way to start my day!!,tip
3ncpbvSS2oKULYwXl-qLJQ,6tF6rdyOEm4EE3AGJ2zFWw,2013-06-22 20:44:29,0,Pedicure heaven! They're currently having a 20% off promotion!,tip
9Ba1QLi-_n5ijOUYpGdY0Q,RDZJ5eoX48cm5_2JIgHnJA,2010-08-19 23:31:11,0,"Rooms are small, but clean. Don the doorman is very nice & helpful. Easy access to the French Quarter.",tip
vRVyOzmEKGOxMFkJI_-XKA,GK6tMqYO1Q1cidW8wwbhlg,2012-02-23 15:10:05,0,A great way to start the morning,tip
4JSSan6RPCM0eWa1D7-46g,8Vk_2t7hQI02IhpcRnfAIw,2017-01-16 21:41:45,0,"Fresh, delicious food and great friendly service.",tip
Drac7o6CHucyioCSfsEDHQ,AHibVywSlzucygz11OR37g,2016-01-08 16:44:58,0,"Good food, huge menu. Great for kids too.",tip
ZoQYKIUUtUYdD30ARJg4xQ,XVlmSGKT01gVjuefZ4EbMQ,2015-01-25 23:55:32,0,Try Eatalia in Deptford...so delicious!,tip
VwiYJN6BxqtW_zF8hefhmQ,3hrEWKJxJUwEBmzw8oUYHw,2012-06-21 00:07:51,0,Dinner then off to MI!,tip
kf9yXbz59MD2hGT8x17YyQ,H3WJK0fpoPrIotWqOG_yIA,2017-02-17 01:35:26,0,"Nice people, atmosphere and the food is really tasty!",tip
nBa_Z2Bjq4fTx0Br8MB2Bw,WSx9-iYYyST_umny9sJBFg,2012-09-09 01:46:02,0,OMG!...  the lamb chorizo flatbread is a must-have!!  How brilliant and innovative is it to make chorizo out of lamb... middle eastern flavors with a latin flair! !  Love it!,tip
0sl4I8R7znWXp_K4A0nZ_w,qqtGFnjyZWV--_YqabSb8A,2018-07-24 12:38:17,0,Beer & alchohol is not served here. Not up in here!!!,tip
QU0q388vWRj4ZQCQaGJFrg,qGsdi_PFuqwzN8RqzeWq_w,2018-04-04 21:39:25,0,This place is amazing,tip
BSII-pmJvrF3hO096RH6Lg,Hi2ADMI1_BEahkXRP4lcjg,2014-06-28 02:57:02,0,Great place to hold parties.,tip
hFjfafteTcU_wZ-ecV0Aww,rWjFmr0hhi2w8IwMu162-Q,2013-07-15 13:18:29,0,Get the home fries fried.... Nice crisp and hot...,tip
UCXxqX1TXzv-cnAG5fYiJA,acLymxN18Y83rxKbmaCm4Q,2017-06-03 20:21:41,0,"Happy Hour every day from 3-6, 25% off all alcohol",tip
NPXWpXMIVg26i5kAuu5reg,1ZrFaxSqR1VLwa7O7IXgag,2012-08-29 18:03:44,1,Lunch,tip
zfD3xhVNkGJs-AOOSslqtQ,DnNpi-NbFPXyJHikqxPjSA,2012-06-16 18:47:10,0,What's up with not having glazed donuts by afternoon?,tip
oNuolpzmcpxcL3HzF1FU_Q,tUkv0ZxUAdpyv8qhgRU5TA,2012-07-13 03:16:59,0,I love looking for dropped $$ on the casino floor!,tip
TvkqJ8YEIsTb16RnnrNyfQ,-QI8Qi8XWH3D8y8ethnajA,2012-05-08 16:05:26,0,"On my way to #Boston, Massachusetts and then on to #Washington, DC tomorrow. See you there",tip
xWmYN57XXZbg0LOK8WbbFQ,QDhIZXvWAOEokcSjXeBzCA,2021-06-03 10:00:59,0,Pre register on website bring mask 6-21,tip
oHjUPJHEOGJsrPqu3B_MnA,MkF4gosEaJqJ3tNk1BZiwg,2012-12-29 22:39:38,0,Cop assisting motorist on right lane at end of degaulle,tip
bEP0WVPEd3J8i7HdufR49w,ykh_0dbCMNDuHLNv4N-OKA,2019-04-13 16:15:04,0,The staff was pleasant and the food was good. I will come again...,tip
bY10CHRzOxQblEzoYKW-Ag,s0jcuex44ULcMRtzC9-RUQ,2014-12-21 19:40:05,0,get the men's room red by the elysian (5.6%) and support the puget sound va fisher house!! usa!usa!,tip
aDlGYVUoIMNVHtxrE6D4PA,JMI0QB57htEHhUIVhHgfNw,2012-03-16 18:39:12,0,Jermiah got to help Isaiah with PT. it was awesome!,tip
Tt3zAXSnI4d85W0GZuQAFg,hfQEzgd-vtUQNJukauvQ5A,2019-11-27 19:28:53,0,real authentic tacos. great service.you cannot beat $1.50 tacos on wednesdays!,tip
TnxZgS3lrNYsPohd_OpiCg,6o8ddZAL2Gw_FdoFQf1ilg,2016-08-07 23:09:33,0,wifi password is greenislandyogurt,tip
PtjALklVvaFWQVbN7sRotw,4iAVzKDdK2j7GJK6ZK6Gtg,2014-12-30 19:41:55,0,"Jeannie is great! All the servers are very personable; but it's good to have a favorite!  If you're a food-allergy person, she'll protect you!  And broccoli can be substituted for fries.  I love that!",tip
Evd4j2LxjsSCCUu9J6qamA,94QsqKHMTRb7VQixpYTgCA,2014-03-19 01:08:46,1,Love Boton Sushi!  Excellent service and wonderful food.,tip
-EIbDIwYCwphtIWGAVu7AQ,C9K3579SJgLPp0oAOM29wg,2017-03-29 21:42:39,0,Best ribs in Nashville. I love their dry rub. You can get in and eat quick.,tip
Mc4C7fVY0sEcD-U5eOA2Og,H1Azz4BpHYC8BlUAdMlfxw,2012-09-15 19:39:05,0,Rum Runnin yo. Get blitz,tip
FouKMVUDaftOptMpB1qQgg,0Zr3rZrb3j2NxanStyib5A,2016-10-23 22:47:20,0,Seriously fab! Everything was wonderful!,tip
ZDzujI7B_YgxA7l9EaV2LA,4kwny3ZC2QWyzhWLGhry-A,2019-04-10 23:30:47,0,Great!,tip
nxNO7_6U2Nu90v0IdnEhIg,Wr-6k-LPcxZIQ53kvp_-sg,2021-07-05 06:06:02,0,In the former Haigis Fine Foods location,tip
R95jUAYcnhesh9L5kCSeSA,QhYkr3FO7fz65ULwDPCeEA,2014-12-07 18:27:37,0,Great bloody Mary's. They won a people's choice award.,tip
9MjmBJWL5rdKMxrYunWLCQ,Z5wX-ipMDUBdUOEYXKe5ag,2012-06-11 19:18:13,0,"Great gym. Great people. Great, friendly staff. The classes are definitely helpful, as well as creating your own 5 day workout schedule with the trainer.",tip
QZ9xlIMZ7cLixOboNACLXg,F__yT5i7C2t-IfzyXYscKw,2018-02-16 12:59:09,0,Very delicious and good prices!,tip
jMSnv0JTswfmT-ySDWhDiA,Ph6-SNyEK_CIOzARiJhG6A,2016-11-11 17:14:18,0,"Pat makes the best sandwiches on the beach, on any beach.",tip
5V_BpSQ-wIXRaUoqWj6Pdw,i4OUjrBjV3pY5xUvFnMh7w,2013-07-26 00:18:28,0,Dont hesitate to try the new Himali bowl.  It's delicious and you'll have a new dilemma on what to have the next time you visit.,tip
s19c8t_yAmFrby90LjDk8g,XYoyLbHwbBJShaZltxsAYQ,2013-12-28 17:57:30,0,Not worth it here.,tip
RPOK4FncLO7ZFvL1La_lTw,l_u2KGYWvx2LBcRV1G-wyA,2015-11-08 00:32:19,0,Very good at what they do highly recommend them.,tip
1FDJpePhiV7GBY1YWkFelw,7qklLz01tdxovhObQaSQhA,2011-01-23 07:01:32,0,Holla!,tip
QI5dytFrwufN1qcbI6Bjmw,deekBOsX4tKZMect5l4pfg,2021-03-07 20:03:43,0,"Great food, prices, ambiance and service!! We'll be back!",tip
YIoIxlnTHzkrPNi57R7tIA,S6ACtNZ5wY0EjmK07iWUgg,2012-11-30 22:51:46,0,Order the Kennett Square mushroom soup!,tip
D7iTphxo--cHFp9PHDhIGw,oQ5CPRt0R3AzFvcjNOqB1w,2013-08-14 01:16:23,0,2-4-1 tonight. New Baby Edley! @edleysbbq. Congrats!,tip
2ct3naPU1geBeJT54Jbz_g,AkpAXXVmnhHzgi9u51QoJQ,2014-07-21 18:35:14,0,The mixed cheese hoagie was fantastic.,tip
CSx5sxOQv2PlTWRVbrxkpQ,jQGr5gWfiPd5XpisETfCJA,2014-09-13 02:55:11,0,Vindaloo so spicy and so good,tip
UzgBiZJwRlnW_iMkjugP_Q,wYdlP6g2y6gK_RmLrPhsGA,2013-06-27 23:24:57,0,"When I live here, I will be here all the time.",tip
bua33iNxIt95DTE0qOD4RA,x-O0dIeIVaVBEhTu_w56DQ,2015-08-09 12:43:34,0,If you want to buy a piña colada purchase your drink at the outside* bar. They make the piña colada better than the inside bar.,tip
D3w8cOwRrHx2dpTPwwFpIw,FC02NRphyMBrYiyoy4PAMQ,2017-04-28 20:21:49,0,Their pizza is totally authentic and the crust/dough is amazing!,tip
7-_Xg_Vwy_DGhfZYPMGgag,TNC_tMMHnKgZgJMYVVs5Cg,2016-03-13 14:49:43,0,Beautiful flowers and amazing service!!!,tip
xV6mFlozCZZR-MIXuj8gKA,DXDoh8MNrqjtXsZnkuk4hA,2018-02-18 17:14:44,0,Great place,tip
uOQ-9KLCRqgG_6BecW0Fdg,wYt-HbkL4igFKWdkKlBSOA,2011-08-15 19:11:34,0,"Facials, Botox, Lashes oh my!!",tip
qZI-6_OMVlcJL4XpF8h93g,QOyQSgog61fY8kI4IxIBuA,2015-07-26 01:05:39,0,$4 credit card minimum!,tip
Uqk2lv97duq9cfLLjn9vTw,ffvS2BlFwQra5FTPNk5N2g,2012-02-02 00:57:43,0,Ill try some Albanian!,tip
Ckb5YxM_tM6p7m2MMv4JYQ,mqKz51qAxfcBaUhNCGcysg,2017-06-01 22:27:03,0,Great healthy eating. Friendly stAff.,tip
e7qswoJFIolWdf1qX_P_oA,_P4ZlE_3h97jt9o7-WSXmw,2012-09-22 00:05:53,0,Cold beer.  Good beer. Great people   Super bartender,tip
1Xz0MVR_fH-aBMDRrNSYjA,hEb0f7wRZBUhX5f4CWEukg,2014-06-14 02:18:57,0,Great wings...super loud though.,tip
UIePlicNEaSNz-OhMsSwJQ,rmWlIHfRhEdDLm9AjQoHgQ,2013-09-07 00:48:55,0,"Best around, no question",tip
TjXHdW8E-9Jk74mSwZOvjw,alhC84STySlDDwTFP2B6bw,2014-03-04 11:52:21,0,Good gas station that gets you in and out fast,tip
HO4-64uz5xuSmjfhP8Doxw,u2TS10wcSbPw8isxdjcAjw,2017-04-02 17:34:54,0,Classic Margaritas $1.50 AND kids eat free. Win win.,tip
eJZ_IiWswA3UqUfCdbjtqg,pm8E0D_NXD7OEMIq8P3YNQ,2019-02-09 23:31:12,0,Sid is a great guy. Great  beer and  fun  atmosphere.,tip
q-AmOlrekzGLkxCJ86sbcg,6FX09pOrazvGT9s6_nQ7CQ,2019-08-06 16:34:22,0,Amazing coffee ! Wonderful staff,tip
FMmGJZtWMhnNoLNc6nncUw,e1VGijMQdYT2JujHbf0Xbw,2016-03-10 22:00:56,0,Free doughnut with Yelp check in!,tip
Qpv5KVP0iVS1tmuHS8wORQ,NQoLhRudX9MzkThatJOTIQ,2014-07-30 19:35:22,0,Very friendly tellers,tip
-yJDhFRPnAkFtvlnv1EJCw,bN_9QgxdOIk4oK-6fBDJtQ,2013-08-25 17:21:20,0,"Ok, food was decent, kinda expensive",tip
lKMPE9U3Y62mJz5u8jMorA,CiFX18q6bfw5_Ob6MtMmkw,2021-05-21 21:57:55,0,Love the work! Long time customer,tip
dgGUKdOh2a01OwLw1qgfDw,I8KMfyZoEqzLQtChv2X5fA,2013-10-08 22:30:13,0,Fall! Get a pumpkin chai latte! Mmm!!!,tip
17oGtPlD4W7JG0J2CZ0yFw,O1yOaZXGvAVb7d2YXL5L-A,2012-02-03 19:10:21,0,This place is the shit! I love delis.,tip
lhE2vCJ3aMBnOoMytBmtgw,jpEhAUyitrgwDatsgeBgXg,2011-06-30 17:25:27,0,Great lunch special chicken/beef/shrimp for 9/10/11$,tip
T4Qz2En2Sm885168LgRL-w,bKtYoWxtlHaqP6KN65HWcA,2018-10-27 23:57:21,0,Great clean hotel! Great property too! Always good places to eat.,tip
4FBrlVKHoTR0IDwCa6kOog,CU75YM3XOAQ4lO12eWdlcA,2014-06-24 01:51:58,0,Don't tip and watch them chase after u to beg in the parking.,tip
pRd6Qn3_TEgI4sPGFl1FbA,Ld3qgGua7MqrFnZY8AIo0A,2010-01-22 22:47:15,0,"The beignets are amazing, a must try! Te whole menu is good, slightly on the more expensive side but worth the extra couple bucks",tip
w8BGBfZcKHCeX6zlxnGgpA,mxa5Y9-3BjphXJN_9w96oA,2014-03-08 14:05:03,0,Love this place! They are so professional and do a great job!,tip
QIU-LHbouB_QjNi91PtL0w,IORvbG2rAIVJ-1d148cCmg,2018-05-21 15:59:59,0,"If you like good hip hop and R&B and not just Top 40, this club is for you! Cover was $20 when I went which is a little expensive but I had a good time. Good place to dance and be ratchet.",tip
9VEEzkD0STtWsQo7Tew2zg,y-jiAohbDImyLniKSgqQjA,2011-07-10 21:16:02,0,"buy something cheap to get the 20% off coupon in your bag, then come back in for the more expensive items ;)",tip
jc8xUrNwZRgXMSLr_qzAcA,z2FRDJSxRR3mmC9syR25xA,2018-03-27 17:47:44,0,Free parking right next to The Parthenon,tip
vuNCfZ4oMG8lpO0QMurq1w,d1ITZ6toMoZ0J1Yt1WMbTg,2017-05-06 18:08:41,0,We love the corner pub!,tip
cgOUiSZxMjdtJFg5HYctMg,pfl45YV5Us5NvDm5cLremw,2012-04-13 08:08:28,0,Free movie rentals don't forget! Cookies and milk as well as wine and cheese! Love this place,tip
UWsC_xjqTwLipPbjMqKoqA,jEvoDXtF3xMJsiPPbqGSmw,2016-04-12 14:22:11,0,Delicious food!  Highly recommended!,tip
SsQwIy1eEPhmFPwZ_Egp1w,08mW6JldYBCHYYvxNHX5XA,2017-01-20 18:03:23,0,"This is the best tip you will ever receive. I am continuing my review to inform the masses. Even though it looks like they are making the place look nice, it's all lies. Pardon my language but just because you remodel a office, put new signs up to make it look nice, YOU CAN'T POLISH A TURD!!!!. THESE apartments are INFESTED with  BEDBUGS, ROACHES AND MICE! They don't follow protocol as far as having the BURNS PEST CONTROL. THE BEDBUGS COME BACK & THEY CHARGE YOU $400! SLUMLORDS! SAVE YOUR MONEY!",tip
pc13HVEM4Prz9RWAr53bLw,MJ9FaB4y2jCyn1CU7Fnj2Q,2015-05-31 14:46:50,0,"Awesome food, great prices.",tip
JMtTO8a2ji_D4j3McSiJsA,E_wwKdlWHnjpuEpiOMKPfg,2012-02-17 01:36:54,0,Let's. Go. Blues.,tip
JcLyY5VSztiZoKwPU5qrFg,7Iv-6B0EH-yVo5o_VnykWw,2013-06-09 20:56:25,0,A must stop when you are in New Orleans.,tip
EcIcVpJLDmID0t1VWMczjQ,XjuqPaZGBL_9FdV200Vqag,2015-11-14 18:18:15,0,Great sushi and fast too!,tip
onW7N1_r7iDL3ojuqMg1pA,BIyT7Kr7tMJqlfp4oOOYQg,2013-09-14 12:19:06,0,"Great breakfast!  Fresh fruit, sausage gravy, French toast the whole works on the buffet. Staff is so friendly and attentive.",tip
ne-yv1C8O_ppzaE62kfJmQ,mck0zWbG5VRoBBpQLBsQ3Q,2011-09-03 17:38:50,0,Gym membership.  :),tip
gzbs-fzve8ibXOwGMHdHmA,Vi-fP-83MHFztVbM0emKSg,2021-03-31 21:54:45,0,Weekend breakfast is the beat in town,tip
4liWhXrN5G544XvCCi0R7Q,pj8Y-5vfbRitnnm2xJFH9w,2013-08-14 20:08:51,0,"Brown chicken stew is a great alternative for those who don't do well with spice.  (it's not stew, it's chicken in a sauce).  Very good!",tip
6UqivkDr7me7N1SYAeaB7w,MaTHSI-lt2xS8CHs8up7NQ,2018-08-20 21:26:48,0,"Try their takoyaki, it's the best in town!",tip
C7q2a5wl1bpQqt41fFI5gw,JDIhiL7qjOoXdysO7xxvmg,2019-04-19 16:06:14,0,"They have a pizza that's 2 feet long (24"") in diameter. I made the mistake of saying large once and only got a 16"" You have to ask for it as extra large or say 24"". Great for parties.",tip
DyXPhr7z8Jm-aUeVQYXXsg,Z6f5SQmGTckZ_KkKbib2VQ,2010-11-21 21:56:00,0,Great sushi,tip
KT0OCQvX9gZu3onuF67-SA,-6eomXaFuOSKPsUbk2A3xQ,2019-04-09 01:14:48,0,Some of the best Chinese in northern Delaware.,tip
vN2wUfNTsb6VGrd8lQVuvw,0luBei3_Iy-_1FpdD5cZuQ,2012-10-21 20:12:59,0,Drive thru can be slow,tip
KDewJBJknfWvQyHHFNbfdg,_P4ZlE_3h97jt9o7-WSXmw,2011-05-20 20:13:50,0,Pints of @sunkingbrewing benefit @indycog today!,tip
9BwftcqUmoJspDWoHGnn5Q,l4H_4PgCpkexFfcFPwwMwg,2010-03-20 17:29:39,0,Order Thai hot!!,tip
dn8c0gSvYdVpnhQrDr17Cg,xxx_0Ol7lbK0hVzv7x0-Yg,2014-07-20 17:33:48,0,"Black bean shrimp, YUM!",tip
wNIczOR-3aYPYQ2v4SISPA,_GWFsg1dl--bf7SnnCH4zg,2015-12-08 23:01:01,0,Solid Mexican restaurant. Will be back soon...,tip
TQo59-ZpgwXb9_Ud3b_RdA,8P7YOM9ThhTvLqXfSWRcRA,2010-10-23 23:38:20,0,Noodles & Company has sandwiches?  Who knew??,tip
OuM_0R1wfqX2eGl57Ey15Q,eJaeTZlIdM3HWCq__Ve4Wg,2015-10-02 14:31:54,0,Always great,tip
M9pvTMhcLjR7zAYq4sOaJQ,nD23DgebTW9y3We-A5f8pw,2012-01-29 01:24:10,0,$2 juices are a good deal,tip
WYNXicjK_V36OdXRDzeBvw,px3bYo2g-MGGTYAs0CH6Qg,2011-12-20 01:57:31,0,Fill your cup to the weight of the week and get it free! :),tip
HP8ib-W2n3FIhiAFCN0GWg,KV5djUZnuPyWiLViMwjF_A,2013-11-15 22:57:39,0,The Lava Roll is unbelievable!,tip
uI6gaaxtC1U0JTtyQeqx8g,jNlRQXyBXAg5fmI6ckgLmA,2017-12-26 23:42:56,0,This place has the best auto center around!,tip
orqLUcYpd8umsoipYZwkFg,G2_1Q5TnESlgdQDufHtqIw,2016-12-07 23:22:34,0,Chicken Tenders are LEGIT!!! Sauce goes perfect too!,tip
Fqe0t4Yg6QJ_p44_wsmPzg,CupDB560BayqHoIEoeEhCQ,2014-06-05 22:18:04,0,Bring a translator... The language barrier is somehow entertaining at this location.,tip
SqDwPUe7bsLOTfnMl1ZlAQ,D5exYwjZKrFePWDXJoIcqw,2019-12-14 18:38:51,0,Lots of great pizza choices - the cheesesteaks are fantastic.,tip
pe7debduqsuJQw--9Bxcug,G-zzByEfv2oqjcxYmPsjtA,2015-09-30 16:30:49,0,"The great news is that their current (very) small space is being expanded next door to hold more people!  Not sure when it will open, but its being worked on as of end of Sept 2015!",tip
t-jqGBU7ewy8uOYCAwqGkA,8Vk_2t7hQI02IhpcRnfAIw,2019-09-14 06:10:29,0,Try the mackerel!!!!!,tip
FMmGJZtWMhnNoLNc6nncUw,PY9GRfzr4nTZeINf346QOw,2015-05-12 16:31:34,0,"If you attend a conference here make sure you bring a sweater, the room is cold",tip
malADTXMgF4nPQ4Diw_4xg,2TYaq5AfaFi8kv_eacQYrA,2019-06-11 23:01:49,0,I got the vegetable rice noodle bowl. very good.,tip
Jfo6OMoKpkwX3itJAaZbQg,4oShhJaclV7irEvjGryUlQ,2017-08-14 22:35:59,0,Great chill spot for family and friends.,tip
8K1LaOEc6yEEAjv85wFQMQ,4PxRmSpUMU-59Gz5uXYmUQ,2014-07-22 15:17:00,0,He's my go-to for show repairs!,tip
-UDSoqHH88PsLApahC3jVA,JOtL55d_bLuoQ3b3ESDILg,2014-02-15 21:30:18,0,"Friendly staff, consistently fast service, and the best pizza in the neighborhood.",tip
WvDFsiOeAnTQRLbyTw2I1w,SjgRHmQ_ClUlECE2JkY8ng,2016-08-04 22:05:47,0,Really good food! Relaxing location! First trip here and I really liked it!!!!!!,tip
OrxBeVji6jGbbqGwUOiBbg,dbeDN7kaE5cMvTbo03wugg,2010-08-21 17:26:58,0,"Great beer selection, helpful staff",tip
hBEYo4aJRsUOGGoOScvJzw,SKW1yT0_I6pgsEAIK0CeJw,2013-07-17 19:25:28,0,Exceptional Chinese food. I strongly suggest the sesame chicken.,tip
vK_wSQotvRjc0_e5oucdlw,EHIq15Gvl6IwEUaywtPG6w,2013-09-19 23:05:03,0,Too bad the service at the bar sucks!,tip
8frJvzVcQXp9HBBptJpTHw,7kHvPCBSmRgzDgjO9xXT1g,2012-05-12 02:29:30,0,Live new Orleans music!!!!,tip
Sl2RKBJ2f5pA1JK0Vmy27g,U1Gao2oKgFaggpksDIctiQ,2021-03-29 02:02:17,0,Best avocado toast in town! Always consistent and delicious.,tip
--KsuCSkGGvDKTbdK9NvIg,aZWNTrM5f3C34VWPZhQwcQ,2011-02-23 00:17:56,0,Order the red sangria and bang bang shrimp...fantastic!,tip
CsEpvSRW7kIcgjxkxEYrDg,wUHUyTrOpUcTVTQpyZFo8w,2012-01-09 00:23:57,0,Order a burger!,tip
lAW03ccfMEuRZiDqvVgc0w,Jmfp5HP3rBb0lkSQwvpf-w,2011-11-12 22:41:17,0,They have a donation center at this location open 7 days a week!,tip
d0xjrf1CL0ollZNK5xewWg,QFZbe75u5146KeTF3ZmOhQ,2012-07-21 19:09:42,0,Fried chicken!!,tip
dgOpmBPGAP_KFyVNsqFQ6w,e72gnPK2KZNorE7ezC8mmQ,2017-12-24 22:10:57,0,Not the best atmosphere but the food is always good.,tip
Rr4cLb6Go91FT134o6RsKg,1U7HlOogq3j16jdNWZXljg,2013-04-04 18:15:50,0,Lunch,tip
B3GapEjmYvV3uH3GPH4yQA,VQcCL9PiNL_wkGf-uF3fjg,2013-07-21 01:09:50,0,"Great service,  I had the taste of new orleans , crab claws and hubby had a shrimp platter. Everything was great. Perk... locals get a discount.",tip
rrXkAgmKq0rTvnxcM6qv9g,IWHdx0NhDKADkGOgXgOFKQ,2012-06-16 16:31:19,0,The usual. Roast pork w/spinach rabe and provolone.. Brisket w/sweet pepper and provolone. Mmmmmmmm!,tip
k-tNOiNrJQqboEz479xCOg,Fj3PlAaTytJe6PsudiZR7A,2017-02-16 23:19:53,0,Prices are good and they always do a great job ! Vicky is the best !,tip
GNEvPLtjK0KbIdS34E-SEA,k8hFz4Gty5dHlDV4Wt8FqA,2013-05-24 16:24:22,0,Really cute decor!  The beermosa has the perfect amount of fizz.,tip
rLuftW31vpwLi6cndvmViQ,IKMAgK2m6WRIViVFB2vAFQ,2018-11-13 15:54:29,0,There is no vegan food here,tip
3Wk6-CGmjWjcVpIYsDQJWg,cLP6FkJ2HSR6haTHcEGWhA,2020-08-04 21:47:46,0,Great quality! Lamb biryani was great. Good flavor. LOVE the garlic cheese naan,tip
8MKygqfspKqG2-X9ycR-Ow,R0JUjyjGEzUlY3auVhY_tg,2011-07-05 22:17:12,0,It's like deja vu all over again.,tip
fvv229prf5HgGv_Y8agWwQ,8NBb4aIeQvDh3OWRiIXYIA,2019-05-20 23:51:04,0,Great staff & amazing food!,tip
tCtQbc1GVMQKevlszdm-mQ,imBX5yg4qMLmwgNPxGPveQ,2015-11-27 19:57:11,0,Love this place,tip
CgjmCVsTM6h9dN1ZdELDZA,TFzzi8KZMVc1w9MwD43o5Q,2017-08-18 02:32:23,0,Yum!,tip
fnzvQIJjeTGdaTh_z4DLkQ,7_mN08RcG_2S0Q4qMT2BdQ,2020-03-06 02:36:51,0,This place is awful. Dirty and gross,tip
WNLn646RpH2msAqMkA36RA,RVJTAYG1RGzovNxhDabs9Q,2016-12-28 02:50:31,0,Amazing food and even better service,tip
P7jCH9s6XegkRYLDYMJN3Q,7J4k_kJN32LEQ6ibixj7wg,2016-05-20 16:53:22,0,Great steaks!! Great prices!! Great delivery time!!,tip
A3t-zNyoXibndG86GbZ8rQ,OuyBJ_94d_-JNJvE4jWPwQ,2020-09-29 23:48:42,0,"Check your order for accuracy & weight. If you paid for a gram, make sure your package is labeled as 1g and not half g.",tip
cN0BeccD2EXyjxl2DYdxfA,OrU9wTeHJSLMwyGqYg4FAA,2011-08-07 20:02:38,0,Oysters Rockefeller = yummy,tip
8RcEwGrFIgkt9WQ35E6SnQ,nVMPlbS7PvoNmqfR6EDKVg,2011-09-18 14:56:34,0,Ask about his cologne,tip
1Q7WuKzKuXakwKS6Oj7cIg,GdLJIhP0BSI-wSACyUribg,2013-05-13 18:42:07,0,This place needs a janitor and a Plummer. C'mon man. 2 out of 3 possibilities in the men's bathroom doesn't work!  Then you go to wash your hands and its backed up with still water in it with dead flies in the water. Gross.,tip
i9LcTPjBBR0ic94JYA0Yxw,6exYCuj4iSl1Hd6hb0C_Bg,2018-05-24 21:05:40,0,best place ever. this place is so delicious !!!,tip
-D9dcHFhzLuQfs6P3S39Rw,-0TffRSXXIlBYVbb5AwfTg,2015-07-03 00:12:22,0,Very accomodating service.  Great happy hour specials for both drink and food.,tip
VClMTiHXXYlLNjalD3N4XQ,2X6HUYGV7Djr_TFX6uYebA,2013-06-06 02:01:11,0,Great way to get outside in the summer!,tip
DeGLOreoQKdI8TdbTVjlog,MRZDZxyNNdT1YdDZhceryQ,2017-07-26 00:41:44,0,All the stars!  Every last one. Such an awesome haircut experience.,tip
lSyr3DZGJft1rYiTLn88jQ,_Xck5LIn0CnWGRLfKv1J6g,2019-10-08 18:40:21,0,"Fast service, warm sandwiches, and good food!",tip
tYP5mBd1RhcZHUNdO4Qpwg,hm7YQpJlaeMKh2QGtWVhtg,2014-06-15 02:27:00,0,Awesome!,tip
k2_Sz_oZVI9k42kssgXTZw,kpl3H_sgfTm-tH3Aa-ML7g,2011-09-17 18:21:51,0,Breakfast pizza!!!,tip
ut0OnRS5-Peu2dUd96Fh1g,jLerIZFpe25jOUf722qzBA,2012-06-27 14:52:23,0,Great AM study spot. Granola + yogurt + fresh fruit hits the spot.,tip
xWmYN57XXZbg0LOK8WbbFQ,Ra8od8K10JLzvBcPBAFM4Q,2020-11-02 19:41:56,0,Socially masked ( only 2 here) Celebration of life dia de Los muertos for family & friends lost 2020,tip
PWdye8-VRbkTtKP8oCvDYw,iK_T56DTbThoxtI7mJpzPA,2012-08-26 19:54:27,0,Grrrr...no appointment needed for stitch removal. Hope this doesnt take long!,tip
As6Xf3QhBOkC7_rapJDGRA,Zx7n8mdt8OzLRXVzolXNhQ,2017-12-03 22:01:17,0,"Wow!! Amazing food, amazing atmosphere. 13/10 yum",tip
bJ5FtCtZX3ZZacz2_2PJjA,s2JiYzE7i68cXIV6YEcVTw,2010-08-17 03:25:24,0,Incredible beer selection! Great burgers and chicken wings.,tip
kXyib4FgrGx26hADRA3l9w,Swjkmg5qAHT6hwXQRWQoHQ,2020-01-14 00:11:56,0,"They had a honey garlic pork belly appetizer special when we came. Ho Lee Crap. Do it if it's available. Service is a little rough, but man, the food and drink is fantastic",tip
cntWaAmOW-GZRQPRWNKTcQ,stqWlKEgXweNQSsxOsHjVA,2018-10-20 02:01:41,0,Probably one of my favorite restaurants in Nola! Great food and great service.,tip
EqJhoyBc5wlHrTWBlUYb7Q,YaLKDgS_zIYIm6jkXWCxgA,2013-08-31 23:45:19,0,"Restaurant is a proud supporter of Stetson Shutterbugs 
www.Stetson.Shutterbugs.blogspot.com",tip
9KwNQ0K-fFArZwFxpKO36g,fYUeuKAPBFvQ3YyyZHrj8g,2016-05-21 23:56:57,0,"Convenient location. Close to Penn.
Great vibe.
Cute seats.",tip
-bilc2bsxQWUOjy7SIpYmQ,kZtl_NJjUnlIQgzFrBhXyQ,2014-05-12 01:59:17,0,Udon time!,tip
OyhSmVQQ_Ld7dL-QSk2T_g,Rbjt0lAkzV7qv_H-5WYQPQ,2012-11-14 04:36:21,0,Strong drinks. Maybe about a buck more than other places in the quarter (6.50 as opposed to $5 scotch& soda). But music is great,tip
Bz1kW9-YSBA0kGWRFS0sjA,YU5Nm4VeOGuZJm-R3-EV1A,2014-08-19 20:47:29,0,Friendly staff,tip
xXjf862tEWrTYm4MUKU6WQ,Zz4bSKswq7ICtJz5zKmRGw,2016-08-24 23:55:08,0,"Awesome local find! Great service, friendly crowd, and comfortable atmosphere.",tip
_AU4ke6265m_9qyGxi_bYg,3qgz5OPfl7CRa3igH4s1Sg,2013-11-09 21:23:42,0,Hayride!!!,tip
MJRvgzWwlw9tjZZzcvWIKQ,MGTGCBCVTfWlWPzHX8iyaQ,2011-11-16 15:49:34,0,Look'n for non-stick carpet cushion.,tip
x5pEkFQD0vriOZppFjwdbQ,A0RSdFWqs-keuOogaMjZ4w,2015-12-22 17:16:18,0,"Close to home!!! Great food, drinks, cocktails, etc.",tip
ScfRzFdKo2ccjJZeQU8oHw,lfIQztu4b_W4b7uCMzmyLA,2012-06-22 23:29:32,0,Not bad.... Same owner frm 11th st Cafe',tip
nxNO7_6U2Nu90v0IdnEhIg,Grn4BlWQ9Q5UJCRY8xfNvA,2019-07-12 17:03:07,0,"They have stand-up booths, as well as beds.",tip
w850gjGAL8fOy3C3eh9a9w,u0U5IQEQzQauLnP54rMUOA,2015-10-13 00:02:20,0,I love this place. The hole new Orleans world should come here. Love you Tracy,tip
OV-c9T4JIow511dnzhFmUw,SLQw8_L11s5UjQwoMeeC_w,2021-01-18 00:47:34,0,Really good food for a good price. Great customer service.,tip
e0wZlOiz-HyL5BASaBkPOw,mQtH3YlGXdmxvsZ9y77YAA,2012-07-18 17:30:50,0,Homeward...,tip
GjVTZwgR4Z6VAc7tZ5ZXZQ,EaptKHfj9VsnonSX5m2RdA,2015-03-30 23:33:41,0,First massage here!,tip
evVjF1TOaNwuUK7oY2k53w,OfI4DC1DVCJ92XcLdFBMFg,2011-12-08 19:49:55,0,Seasoning bar for popcorn is free!,tip
BzzYT7F3LdDVQ02MqxtwGg,rNg75hKR0UIB5-jX5WiVQg,2013-06-20 22:12:46,0,"Small unassuming place.  Nice menu, good prices.  B.O.B. according to the menu but a handwritten sign says they have margaritas.  Will report back on the food afterwards.",tip
6dbxYDannyK-3j-3GcGZLg,nrXtCSdfWg0TJ86onEZWkg,2018-01-29 23:13:43,0,Delicious Homemade Pickled Jalapeños in accompanying their overly seasoned patties!,tip
RcFvmm58JxZWJYUIAkeeqQ,hH-tX7vcBZccCcM4HKeWoQ,2014-03-03 19:06:50,0,Absolutely amazing! Went above and beyond.,tip
OJxW-TAIdTJFewOoaHfV2g,fhKSroLBUfASNMquHVVusg,2021-07-15 22:53:16,0,H,tip
fcqIENUkQtWc6Yk7H_f36Q,Ppy-UN5RptIog4AvNnAM-g,2014-04-27 01:05:09,0,Great fish and oysters. Beer is really cold too.,tip
xRlSqf2zcNxUWuTxhDoZQA,l5bqbYQK97vp7V6cxQCYMg,2010-08-11 21:18:03,0,Four!,tip
fCvMnJU1Z-XhAjKg99wK3Q,kXmscD-bp90t4QAh0H7Dig,2019-05-29 15:44:10,0,In the former Garces Trading Co.,tip
RbvOS6MzyAITIafWKNO7gQ,qlO8LCXgSAQ_Kz2hMM3Zyg,2017-08-29 13:15:50,0,best spot around,tip
_Wkf2RNDnBuqMOpzSqmZXw,olNH7BBSaJ98SOdrgF4oxQ,2014-02-09 01:22:38,0,Their new shop is open bbetwern Reno eNVy and the Post Office.,tip
SIItSXJQ0T2y6jxj7mIfsA,EdYHpjuWduqjdxzqsZGAhA,2014-09-22 00:02:07,0,Heard this was a good movie,tip
3QnoTcrxuafMCoTzW_AH7A,AnzUwNOyk16m8Nnltz7T-Q,2018-11-09 20:12:59,0,"Located above Philly Pretzel Factory. 
Tiffany is awesome!! 
Kiosk parking, although they're currently filming a movie so it's a bit rougher. They do validate for discount parking at both lots on the block!!",tip
r4NVmZeL9UwaISRQYKMv0Q,hr1XaVzp6htS41LjwKjIbQ,2015-12-11 22:30:15,0,"Really unique, awesome, delicious, JUICY tiramisu cake!",tip
RjOAsXV_80iKVqTJTiZhww,9ugpNKKhnYRa51qXoxUw_A,2014-08-16 20:57:07,0,Long lines but they go fast!,tip
1bjo-xG3tKF5rQjRx5zW4Q,3FqvW2DgDNdVy3kAbm8kwg,2016-01-11 15:14:50,0,Limoncello cake.  Light as air.  Best of the cake options here.   A bona fide crowd pleaser!,tip
I2XpWCHAom1JRyHXZQrnfg,pjzr8p3E9Tp04059DjZgyQ,2015-04-21 03:55:24,0,"Don't forget the helipad  if you need it, it's available.",tip
saQQmDQQJ14BVkm_sg53UA,bBKR4pH312WAum3IZ32d4Q,2012-11-20 17:59:24,0,Try the seasonal Oreo Mint shake!,tip
yepeCZnfcdhwTWmYfe1Eqg,FknpD7tLt59-6ozV3Pk2Vg,2014-02-19 21:18:07,0,Bridal  Expo,tip
c-imK4hUi4UrQXleR8mtPw,WVziAitDqKd45V5APWdB-g,2013-07-14 18:18:02,0,Open Sundays 11-7!!,tip
6pJICQMKi7CjMIKU-y9oTQ,A5b9nVDi1DPVvPOD24-p6w,2013-08-05 14:12:54,0,closed monday.,tip
6BsfYJjwhLBYFaPhvV88Og,UESw8mPkk0MZQJNDe4ikDQ,2015-10-25 23:13:04,0,Very good neighborhood pizza place.  Consistent quality.,tip
TLfzOj3sO1KS_582UXLiVw,0ZsqqzHu1HHkDdIKoivi5g,2019-01-10 21:46:45,0,A legit diner in the middle of Hyde Park,tip
jEcSGHkE31zEGt7p_8Mbkw,7Klk8UuK1sdJt5_44eUtDg,2014-08-24 13:11:13,0,Register your card for perks like a free drink on your birthday!,tip
vFjD9vHakp8AZ6G8nQvnOA,jv8AdtyCA8sQ4PkQcpnGug,2015-06-11 04:23:39,1,"My Loaner was a brand new A4, wish it was a q5 or q7 model. Thinking about upgrading, would have been nice to drive one for a day or two. Maybe next time in will ask about that.",tip
GiB9Dzrj86r7RSFSYdXlKw,IRMRvgD4uL4zTguZonV-uQ,2013-05-14 14:37:33,0,Lina gives the best manicure & pedicure!!!! She has magical hands! Very nice place clean & comfortable.,tip
W_UIzBfjBftYoIquk7dHDQ,svqHsPiOz2aFvgQxBciLXg,2010-08-14 06:13:46,0,Go to restaurants.com for a coupon.,tip
Qc2iqVraqnuA7efVdWscOA,eaDZlSuVS0EY67Ke6pRP6Q,2012-03-11 02:11:00,0,"30 minute wait , but worth it. Beef rangdang is awesome!",tip
hw8iHhmT9wNhtA15vwbrhw,3nXWsbhF0YkxUX9cUtqewg,2015-01-28 01:03:29,0,Favorite place walk Max !,tip
V-NUHyqf5gQ0-GjBkL3Aqw,fKXU_HMU09PJfTHjtInN0Q,2011-12-10 03:55:22,0,Pizzas are great here.,tip
putllJCaW9HttzorLMM5Fg,oARO_YL29khMPJE5fVlLog,2011-03-18 17:30:33,0,Love getting wrapped here,tip
_rV9DpogNGZX7pJc08J2xw,7arJd6e88ozMfrJT2nCwlA,2018-02-17 00:46:35,0,Awesome Place. Love the food. Great staff. Cool vibes.,tip
0XpVTAFDWNXz3sA8s_H1KQ,6_QyUZW5QNsLlYJXjgmfAg,2012-05-10 22:35:41,0,Just tried to get a table for 6. They 1st told us they couldn't put together 2 tables. Then said they don't seat one party at 2 tables. WTF?,tip
KSUVtnAqoVcmRy9M2WF9dw,hUcUvCpETeN0hvN32zrOlA,2014-04-07 22:07:01,0,About every other order is wrong.,tip
6bTE6Fx_h3tImgpuzZaYbw,WaGSdQGsOCYDqRu8FN7Pcg,2010-02-12 23:51:15,0,Go Quakers!!!,tip
WUgxsRUFjATha8L4qWYDww,AwJSBic0QvXFdPlTi5LATA,2019-03-20 19:16:43,0,Big sandwiches,tip
dvqGqozehKHFcSAfAZKn0w,r-qXw4hn_eRTUq4BL2DwvQ,2014-05-19 15:23:03,0,"Observation deck is OPEN. Amazing value for $2 with an immaculate boardwalk and gorgeous, gorgeous surroundings!",tip
qe5jOftVAFVw1BcmFjNSzg,zD96G9ETAAQwLJnLqtCnyQ,2019-04-12 21:28:45,0,Great food! Call every time! I don't have any luck using Yelp or app.,tip
vbx-RNWKvyeakqv67osxQw,196CWwMAtAcA21jYiMyRzg,2021-03-29 21:28:30,0,Might need to reconsider having the tours using this as a drop in for drinks - they're already busy with their customers. Adding others on a walking tour overcrowds the bar area.,tip
khwfuMvDop27_GXFl6VAkQ,5quqExjLtFNhykec_na8pg,2021-08-30 03:27:11,0,Delicious. I eat there every chance I get.,tip
yqBE4_9tbAKwNPdhOgVzdw,nC9lhqf-diWyu5ejHWOz-w,2016-05-29 00:35:28,0,Go in and sample these cakes. You'll leave with something.,tip
8eBMyVdk-B6njXcDz1S74Q,E_ac8Q20OJD9L8cafCBKaQ,2011-11-11 05:25:11,0,Get the meat the French and heat of the passion!,tip
aMr1DFutrpbRiZPXm6tEew,oEwmCZknUHgHfEBdKA2SZA,2013-01-13 02:19:41,0,Best hot and sour soup in town.,tip
eYSWTXiLmZoeOq27rIXWJg,zFyLY26u79y2ZxderJ-HmQ,2010-04-17 00:09:23,0,Decent Dark N Stormy! Cool space and good vibe.,tip
n48hM24BH_Jg1bmLYqw9Aw,djeYYE2MIT36obh5mcZn8A,2018-07-25 00:49:22,0,Its was quick efficient and delicious. I will dine here again!,tip
pB5lQM3aE2txJsr2amW5sA,8l1VfyDv9yxDca7INFBKuw,2018-06-08 01:31:41,0,Excellent food  and wonderful hosts for our party of eight this evening.,tip
ZQi_M3cUzOajZI-pt1lbHQ,jwEHfhS7uLK4TJgGPfnWDw,2014-01-22 04:48:59,0,"Get the oyster shooters as a starter, delicious!!",tip
jq0OgZLbjwSmmMvYg1NGvQ,n_7EQxn0ciucIOJfpWVaTQ,2012-08-25 16:56:21,0,Get the pork banh mi sandwich !!!,tip
vvS9dgMCIrWf3B0LnWEWWg,Q9S3gagnvkr_uy9MD-DeUw,2012-07-28 21:23:18,0,Good hard apple cider if that's your thing.,tip
WwulXySQN8t2hwqH_yWurA,tFpstYqxugKHzeyNUsuD_A,2015-05-18 05:42:04,0,Always a happening atmosphere where you're likely to see people you know!,tip
nnLUA0s8FcuBsSNhPDMuyQ,1VwKF8k94o44UojPCaaDBg,2018-02-08 00:58:55,0,Had a stromboli. It was excellent!,tip
ui6HRx8erMDxhwQIpeROgQ,w6CL1Ro5rLWqrs6Ku0gh7A,2017-11-22 01:33:58,0,Great bear selection. Food is made with fresh ingredients. Absolutely worth it!,tip
gD3HyBNUzs97FJWvOYPc5w,qOnDhPSVYwZq0F_s8p6kAw,2014-08-13 23:35:05,0,Rude bar tender. Slow service.,tip
wozYYtTgeLUjDlxfMZRnmw,6KJTlLbdMH4jdDrYHZNv6w,2017-09-11 17:42:03,0,Open 9/11/17. Take out line is busy. Best to come in to place order today only.,tip
wtSgVPBIFswEH2uwK1Un2Q,RBrjw9lwqkSwLUw1hZgGBw,2017-09-12 00:17:01,0,Great place with awesome company.. cool bartenders,tip
5abxDoBZBs01RzirDfwyqA,MsgWKX-hUG35a0nLcCAKrg,2014-04-23 13:22:31,0,Very slow service and unhygienic. They make guacamole without wearing gloves.,tip
QXEd9xvzFxv4155wVagKqg,1y2oj41YDNmJA6qPQce-XA,2011-10-01 21:24:55,0,"biggest dive, ever. creepers.",tip
92uzlL70VvMFtr7yU0dL-w,VHA-b1NH4tIZB_IVEf_pmA,2015-01-03 21:43:37,0,For a buffet I was very impressed. Food is great and prices are fair.,tip
4XAigL1jG_J1ZwC9Hu6ZQg,8b_Zj4mREGewT3S1BhoK3A,2016-07-16 05:26:44,0,I love this place!!  My favorite is the tofu pad thai.,tip
aLq6tNsIXrcstWZw8iBbdA,eqwQXEAugIA03Uy8N4-nBQ,2017-05-30 23:24:05,0,Great bbq and great people! Love this place!,tip
3fCAFi1B44MnAFfu1wqKMg,gqPCIqv5bx1KwqMQcfPXWw,2021-04-11 04:13:02,0,Great guy. Slower than expected.,tip
CytMllAVCAK-1fTQlBQ0bg,nnj8APV33vrflphc6f50nA,2014-09-05 01:37:18,0,Underrated spot. Really good food,tip
ioPCO4nIPhlPjuIKaXZKAw,ubNXgh90PKODEWzVnXrFyA,2017-09-25 16:52:05,0,This is a great spot. It's wheelchair accessible on the side of the building and you cab enter the afternoon tea through that door as well. There's seating outside so it's great to keep that in mind for a beautiful day.,tip
ykLmiu0jYqZM3PsG24sotw,VqFUiAWIaWzpdsQdqqs-oQ,2016-10-10 18:08:45,0,Best service and prices i could find.,tip
BC_xOEZjjfY6qqhDd-QCJA,hwK5v_44MC9YDx2Yr9PTdQ,2014-05-12 01:09:59,0,You better come hungry!,tip
kEyRH-wIsIw9M7T-pfQZAw,ELY0HI8GDEx0jkmREVna0A,2013-05-27 16:57:33,0,"Don't forget to read the Jenga ""wisdoms""",tip
qxtIabYLsXHT3ucnDIaR8Q,bZrHCONNCQ8NEeXjNnlY0A,2017-08-18 16:42:46,0,So delicious!! Thanx for the recommendation Chuck Barnes,tip
BOCkQ-VF-AYDpMdHKWsi_w,7yL3nn3JvRF7upVUObERxQ,2019-07-19 17:26:33,0,They don't have whipped cream as a topping choice :(,tip
I4eTqRHq93iElqq4f5istw,nO2TQ0eTJMcr8Is77HtuHQ,2012-07-13 22:07:05,0,"Don't miss out on the Hideaway Lounge out back (very smoker friendly, good food too).",tip
sYBNfIW5_Z4srIEmH_lUPA,RJPRi1pwocHNZr9ISz_P-A,2013-07-27 22:05:26,0,Horrible service.,tip
_cK9cdliiiMyQlzyBSaJRg,vZ1CQyKpPBK5_jn9aujtCg,2017-03-04 06:13:46,0,"It's okay

















Lmao",tip
9s_lDnpLMj7d9xr2FortAQ,Mr7Aov2n7wPCpwaUxk8lCw,2014-07-17 18:17:18,0,Looks nice inside,tip
JiUmz7l4rNz4-YmOj13i9g,IZZ_uR2ps5KuuyE0n--jVA,2013-11-27 00:56:36,0,Breakfast is only from 8-2.,tip
BQrLWECGBozqKaUVnv8TYw,YuCI8fv9oRHU7aiiA5xrZQ,2015-04-10 18:22:33,0,Normal burger King down the street from where we're staying,tip
5d8eYzWIBYx3TTE5mMPURw,VHw4q0f8WmajCUD2wGXBDA,2015-11-21 19:18:45,0,Much improved service thus time! The food is very tasty with a wide selection.,tip
m2jGOk5UL5tRo_WsqUCBrw,gKQDNZEbWVyNdvYVvDQnCg,2018-10-18 20:13:24,0,Don't guys!its not worth the money,tip
jVRdG1H56oz6nV_NnHHbgQ,5IvBJJl3bemFixZ9uh_wXg,2012-03-15 22:04:57,0,Before Ron White... A good bier,tip
dgTyzURwVLZc-MN3VcGdow,B4QPxY5mZzkZhTyBGCPQQQ,2013-08-06 01:01:55,0,Very noisy on a game night.,tip
dWvyeZkT0v8IQJxOTFG9vw,XFY-rv032rtKYNYVRWqQaA,2011-03-12 00:52:25,0,$4 martinis!,tip
-xQW0BQLiZgP0PIQfFTDBg,4w_TG6uA5bIxnC5tpkOb3g,2012-06-09 00:57:28,0,Fried green tomatoes lively bar,tip
Q7gk9XWd6Me0ahbL4A6FnA,uMVOtr16r1ELu46pWr4HCQ,2017-05-30 02:18:22,0,At least what order was not that great.,tip
Ny6Xj4yIpTFLhfenZRegGQ,0f93yTITlSOiC83jz2bYUQ,2015-04-27 15:52:48,0,"Always hot, fresh coffee, and they continually get my order correct.",tip
1FGmmjOsyyzS1_AsOIv6KA,swD0MPwQ3mEXElh-VERFfg,2017-04-21 16:59:09,0,"Wow, the owner is not a nice guy. Avoid at all costs!",tip
Xpt_vazB_GV1NINDhzmUtw,pRF-yUpOG2YbzA767CLqQQ,2021-05-04 06:16:27,0,Good food but terrible service.,tip
_GOiybb0rImYKJfwyxEaGg,nKF_qEGHagJzp4xSPrh7CA,2021-03-28 12:02:57,0,Absolutely the best Thai restaurant in the Tampa area.   Period,tip
ZNwzJueNeDEaKJZjM54rQA,JPoLb8jZYc5e7WjI2coVkQ,2014-10-16 00:45:58,0,Donna--- cool down. They just opened and they did so JUST FOR YOU. Before you opened a yelp account to post your cunty review u should've considered that. (Btw- A sandwich isn't pho and codes doesn't close places down bc of bad service),tip
PWEMQK9a9ijJc9sndnJUzQ,t9LiapsQABwMQeiF1Czl6w,2011-05-26 01:45:02,0,Hello NOLA!,tip
5a5tpKfJpv4XVb66v9UZbQ,ZfVE14oObX2_xcmHZSqXBQ,2018-07-13 21:43:21,0,Amazing bar service and really nice happy hour.,tip
Pj7oG3izwwQrTQi07PBkyw,EeuGoDA0NeE_iPNFAU7Qxg,2014-08-20 01:00:52,0,Don't come here between 5-6 if your in a hurry! Only two registers open and 7 deep in both,tip
DecKZVqCTvcTuSIyCvjjtQ,3wo9jODQnuvBm8Gkem6qXg,2016-07-02 19:09:04,0,Diana was wonderful- food excellent as always- our favorite brunch place,tip
7-T68gn-hfnX_mDq9lSQnA,7FR42llniVHCZr5AVEHlhQ,2016-12-23 02:00:54,0,"Tony is up front, honest and dependable!",tip
RVJII4bw6UgZ_SPeFzEa-A,5XsC0tB8chKjTIW7mU6TnQ,2020-10-09 16:49:41,0,I had the stuff potato and it was really good,tip
iJ49Vf4yOg5uVqNFCk5q-g,7qklLz01tdxovhObQaSQhA,2011-02-23 00:43:09,0,Come by! Stella's back!,tip
jSTuAVjUExHzWkliqtORXg,e7fAEuZ58SEOWB0Rw_4w2w,2013-08-03 18:05:50,0,Don't expect decent service!,tip
vXdc_w0RKik0triIaRFnSw,IF_4CdaA5VW3UUGiuNMoWg,2016-09-12 21:33:39,0,"My favorite seafood place in S NJ
Looks like I will say used to be",tip
RMjEYnvC-fhu8RoopYj2Ig,AM0TA-5mW3-yZ5WrMYYPtw,2011-12-27 17:29:48,0,The French fries are really good here- the salad bar is tasty too!,tip
IItQxN_e23vL50-FDLFDEg,_1wGbJlj9gRIcbGikrhUmA,2018-04-13 19:41:03,0,Ask for Tyler or Nee.  Sweet & fun!,tip
JyzLjUFEIW3epNlHI6Oa6Q,MhPaaCyG7w1HtLNSXhD-dQ,2013-12-31 22:22:07,0,These people take the last day of the month and year to a whole new level...,tip
wSaMXSRpJHv9a5auKP8pkg,j9Kaj_6tSeXmVMYCgZithg,2017-08-20 20:59:43,0,Excellent service! Unique atmosphere!,tip
eDTiI5unIJ3zQxNlEZ9ieQ,j_AhCyEzJpo3sS7NZRFKQA,2014-01-12 01:55:44,0,The freshest sushi in town with the friendliest staff.,tip
5WyedwcycdohpyKCkVprIw,bzdETZxh4oL3QChnN2DCFg,2012-08-26 13:34:54,0,All Chick-Fil-A locations are closed on Sundays!,tip
ZkUnwVjyjQamIGvLBRKbug,hb4o1xsbjxnLustzXhHdJQ,2014-10-09 17:32:50,0,"No receptionist so if there are people ahead of you, you'll be stuck waiting, even if you're only dropping something off.",tip
AHRrG3T1gJpHvtpZ-K0G_g,1T9F7iLDFAYWJvif1RKneg,2013-08-21 17:45:31,0,Lunch combos starting at $5.99!,tip
s2Z9SMGYPE3SIIyPjD__yg,SIyJZCEjcu8fCnQ7Hh5A2w,2019-07-19 22:17:57,0,Super cute place and ice cream was good! Location was super convenient for me!,tip
GJv1yf_IhUZqpDjFr86DmA,6y1SdVxPauHLfCxgf5yZDA,2011-04-25 01:20:33,0,They're showing Treme Sunday nights!,tip
5xP-Tk39BbQF2xwkNj-2sg,6gdAMPGsK0D_3u8h3A8H2A,2019-07-23 04:51:22,0,The shower temperatures are hot or hotter. Fun!,tip
3SAxXVLMRhWdknT6Je-z4w,tRdnYLHDgdj6n-xzqTQeCQ,2013-08-25 15:57:10,0,"Wonderful, a definite must see if you are in Tampa",tip
gEH_q0N5riGHEuOeNr-mCw,8kh6Z3c8UHQKmsy0_TbOnA,2014-06-06 20:09:57,0,"Phenomenal vegan options.  Loved the black bean soup and Esmeralda salad!  Funky ambiance, casual and laid back.  We will definitely be back for more!!!",tip
SCg-jY6HVr4MWQKAFHWVZw,lqyYsXBAO6cVGR0cPCeydg,2017-06-15 17:25:33,0,"Decided to try this place.  The food was very tasteless.  It may be good if you don't mind bland food, but there are many other places that have better food.",tip
Am_KAf9k8vXcmB8lvC8mWQ,X8hwEPRoRcLjbKVlVt1b1g,2011-03-21 15:21:27,0,Loving this weather with what seems like the rest of St. Louis :),tip
ktvrSEcNV8YQD4Rs_1Ff7Q,eSySYzBgc-uibZRRa0mGDA,2014-04-05 20:30:23,0,Love the staff! Amazing service!,tip
faK-5vfoAYuk4dlxbWdHmA,3Ym00dQ_oqZ0zunGMLhX3Q,2015-12-12 14:05:43,0,I've never had a bad thing here. You need to try their happy hour!!,tip
S-hRhXOz6c9Igb8bkJrFog,iGdpNaFSHjjwEuUvMykm1w,2011-10-23 01:14:11,0,Bella Milano's in Edwardsville. Worth the drive.,tip
2rgIaO_X4Z07qrlu8xzGcA,jULirodENiDyCbtOz0v9aA,2013-08-06 19:34:57,0,I've been hungry for a truly great sandwich.  Just consumed it:  #12.Beach Club on wheat.  And the Jimmy Chips.   They are real potato chips.  Will definitely work my way thru the list of 'witches.,tip
bJ5FtCtZX3ZZacz2_2PJjA,uL2yhLlraC05TVYMme4W9g,2011-05-29 01:31:13,0,Drink Up Buttercup play their final show tonight!,tip
k8y8sNAXTl6XMzg5Qr61rg,qfWJmJ0g96eM_fWma3ja0g,2012-07-08 02:07:39,0,Nothing like getting a draft beer in a hot glass from the dishwasher.,tip
_uBAYgyauBpFy4wdxygsEA,m_P0oMu3PVz5pGBKjYGl_A,2012-07-15 00:38:38,0,Good jazz club. Better when Ali Ryerson is playing. She is tonight!,tip
t4Ml22Nrgv3SijXznpieVA,Vcn_cuQNKRF0eQ16TXVaXQ,2013-08-01 16:25:09,0,Get the wifi password when you pay for your food.,tip
Izj5p92TjiI88a2GSiK63w,yPHi8IA03KcKpqZ9yFE3jg,2015-09-06 04:22:23,0,First time having Jamaican food... This place is awesome!!,tip
4jGBaoaZFq6r0ustAfOu9g,fUFq7a4PZulCrMjoIy5S6g,2015-10-03 15:27:53,0,Very knowledgeable. Great service!,tip
-n6_badu80--1HOqcif0SA,5rScKeYVjFk8VahsvJv9QA,2017-07-12 02:09:11,0,"Cool little sushi spot, decent rolls, and good service.",tip
VNzIX4VquW_AOPEZXAYi6g,_Q_X1rrRm6pXem7mscS3KA,2017-06-21 22:33:15,0,Best BBQ in the state.,tip
SIqJu5UTQSn-AtI1jHaa6g,IWHdx0NhDKADkGOgXgOFKQ,2016-05-28 17:25:31,0,"It's good! Nothing else to say, except expect to wait in a long line!",tip
p_rIVfO8dmJdVEoLm2pwTw,ATO_GTUMSEYBZn0v1cqg0g,2017-06-27 16:37:38,0,This is the closest thing to actual New Orleans food. The Gumbo is DELICIOUS!,tip
KlxeKaV8fz4ip8Zov-pjmA,3AH2tDP2UKaLiqGWaza5yQ,2016-12-08 00:03:39,0,Get in before the end of the year to say goodbye to Guppy's... and get in after that to say hello to Roots!,tip
4HrJMUm5ivrAnVmh_RHsNA,-N4g2zaKpILmyiUO9qi8IQ,2019-03-19 13:59:29,0,This place is full of honest mechanics who are fast and professional,tip
5lUDDFOyfSdjxMxHAhA8Pg,EIKbEHnsVg6dcsWopW4lkg,2020-08-27 21:13:11,0,Las majores hamburgers de Arizona  muy jugosas,tip
gl0rQOas4GWX-c3x8-UjVw,s-Ff-8M5-AR-5jl59lCj1w,2013-01-13 18:17:47,0,If you want a big booth you have to have 4 or more ppl and a reservation!,tip
pm-x1hWNGxNyE9uqqTGj8Q,AJJwMAXaBQ9E_8424COF_w,2014-07-21 02:09:05,0,Like any chili's in any town in any state. Place is showing its age too.,tip
fCvMnJU1Z-XhAjKg99wK3Q,I2EK0VsOnF8pFCs28PHPdg,2017-02-22 19:12:06,1,"""Free food (one full-size entree per person) will be offered from 11 a.m. to 9 p.m. opening day -- Friday, March 10 -- at 1601 Market St.
The first 100 guests that day will receive swag bags including recipe cards, water bottles, koozies, and sunglasses. Verts also says it will donate 100 percent of sales of sides, drinks, and extra entrees on opening day to the CAPA Foundation, which supports the Philadelphia High School for Creative and Performing Arts.""",tip
fR4HdVk_8EOIl6smrVxvvg,kpmGHDhrCd2Ps7HCEO162w,2012-07-31 23:13:16,0,Nice every once in a while. Lots of food. Dave the waiter is great!,tip
u1cvQWB0lB4YsIbtSlUR7g,MuPWJ5YuwY0oaXx7WiZAhg,2013-04-26 20:59:11,0,Any salon that has byob is a great place... My first time here I loved the vibe and atmosphere!!,tip
-dL0IxjjPIxXqmngDOhdfg,pqujXRfvvMSjcVLfzzKghQ,2014-06-18 02:33:27,0,Loved the brisket platter and the brisket samiche. Brianna was a great waitress/server. Bartender was less than cordial. We have eaten there three times in the last few days. Today we were refused drink service and had only a couple of beers cocktails. We were not beligerant or too rowdy. Many of us only had waters. What a load of crap. Our business will be taken elsewhere unfortunately.,tip
QSu2Ibg53sVDblMg8AMtUg,fE8Vyo9HwsQIE9z3KuoWUw,2018-08-22 03:05:20,0,Splurge on Chef's Tasting Menu. It's worth it!,tip
FDDiyvrG4oAO7ZSR3tHkqA,MlXH9dWYDFEBbwuGStlfZg,2016-09-18 12:38:31,0,Great coffee. Great architecture.,tip
mngAq_ySH-uFP-GVVQdS_g,4uvrTtarN40WJHOtqxszgg,2014-01-27 00:21:16,0,"The people that work in the Starbucks inside are awesome.  Great customer service! No tip jar so I couldn't tip but thanks Madison for your excellent, friendly service!",tip
c2C6rAF0p42W3FGgatyr1g,_pbvDv_G2kKp_--tJGjkOg,2018-02-26 02:36:52,0,Dr. Jones sexually assaulted me in his office. I am not the only one.,tip
EImMxP5Wy4MLhKme00XyiQ,voAosWO5yGhvppHRKm-7mQ,2012-10-10 12:33:47,0,I had the best bloody Mary ever and the food  is excellent :)),tip
dmPgXGKPKFHBho7V9rv7iA,LaEnUeazBtFdu8_IJlH97w,2016-06-20 18:05:11,0,Best Sicilian pie I have had in a while! Consistently delicious.,tip
JLrP7WR1QJJgnJqcbD-UFw,MV7Uonk1YtxAKqOgdF1DjA,2016-04-18 17:08:10,0,Menu photos are old. Jumbo shrimp dumplings are no longer offered.,tip
1bjo-xG3tKF5rQjRx5zW4Q,5RXDgXZWajY_cPWKbOGqKQ,2014-08-10 12:16:02,0,"Mediocre bagels, at best.  If you are craving the real deal, go to Brooklyn Bagels on County Line, just off the Pike.",tip
uiCZTl6sTiQEC_X4UiUj4w,gzln_L7ch8z-Ob6autmumw,2019-10-18 16:05:05,0,grits grits grits omg grits,tip
wfjfBG3qN9ayxNzWo-OLBw,quk6TFDQyuQ4g0KuIb9qUA,2018-04-13 03:33:12,0,Great pizza !!! Great service ! The artichoke is the best!!,tip
_4oCv0NMXGpVuafZqriN0A,f9qNygjcQvh2vPmZSfEvqg,2013-04-21 00:08:41,0,The chocolate bread pudding is beyond awesome!!,tip
BlWj-Qev_edGzDR50Amy-A,SA1kBystZZn8yYiQsjljYQ,2010-12-19 18:15:00,0,Lunch was great; now we're trying breakfast.,tip
qHV-J3CUZXovZBDQAc4eow,3X2pmXKqaMQ6xZjJHlKn8w,2018-03-24 19:37:30,0,Maybe a new favorite pizza joint in the Boise area!,tip
9Q7KO8NK6BHr3QqRZJgi2g,BRlJcme-mrWooPJ5UvtbLw,2014-11-01 12:22:47,0,...,tip
IfUap3l-UVc7-FH_j8wPFw,vElpX_nqvtOcQYCV1XhFUg,2011-06-17 02:03:51,0,All you can eat buffet Tues & Thurs 5-8 PM,tip
gBB5kMi-Xs3ub8lfZDCRbA,HbHFUnavB_YVQ6AFXP4_Vw,2012-02-25 03:22:04,0,Nice,tip
mdOX-9te4ZFFnuDOEKbyZw,0EmBlyDtgE4_-AYK5I9dPg,2017-02-12 20:57:37,0,"Extra $0.50 per item for take out. For groups with 6 or more, 15% service charge applied.",tip
iPkdNziqnhNukjnmsrSzmg,g6HfTNWnSVDmpXyKx2wxrQ,2017-12-20 04:54:49,0,They have added Tuesdays to the karaoke list. Now they have karaoke every night but Thursdays!,tip
sp8LOMpYsgSqQhcLCbc0iw,cjIbKTknnvvw8E7FO6SCzw,2011-07-01 23:11:54,0,Here for Roy Blount reception. Nice facility. Easy access.,tip
nxNO7_6U2Nu90v0IdnEhIg,R7xUenQfp0R6WKnSxueNxQ,2018-03-11 09:45:06,0,Military Discount 15% and they very kindly combine it with other coupons!,tip
qMegbspSSGR07SpKiEUShQ,f2YXWEafk6m0fiHZjp8Y8w,2014-10-11 23:01:02,0,"Call ahead for seating on the weekends...typically closed Sunday ... But OPEN for Mothers Day....if you love your mother, bring her here!",tip
ggc7ZKj45wKwWMUK_pjfTg,5qAkoYN8OJd9CQ25ANKKAw,2017-07-01 16:26:44,0,Very informed and friendly realtor. Would use again!,tip
LItjxhRFEwlKG-duOBtaqA,fJ6AA9S7SEq3sim_3Sim3g,2016-04-13 01:00:16,0,The blue bison. Eat it. Eat all of it. Do it now.,tip
NFGVv_Kgl49mY1x_DQzuZw,CG1Bb2MTraJYTHCPFm72XA,2016-07-01 19:38:37,0,"Buena comida,buen servicio y el lugar es ameno",tip
I2VCSS4nEMwn8_O0Fgsqig,G6EjPHf4DZNOiwGWT5Td5g,2011-12-20 18:15:12,0,Awesome lunch specials!,tip
eWu1xPt52B-yMZmIyBIUsw,alyEmOpxzjiBPhRY8bUN5g,2011-11-24 17:28:42,0,Going to see the wife on thanksgiving while she is on be rest!,tip
jdu1GodFrIvMYNFPwjqKOQ,n5FS-R7aFxFSBeHfVCAuRQ,2014-09-04 23:17:52,0,Puts you right back to the 50s! Great drinks and excellent beer selections!,tip
RfQbEwbSNCQ3bmoxt5Vmzg,ytynqOUb3hjKeJfRj5Tshw,2018-05-03 22:15:28,0,Fun experience. Reminds me of a foreign market.,tip
0JX6kICKPzCdWbiZ8MLPnA,ZKPrXH_GNW_AtZ31tP3NmA,2019-02-09 19:48:16,0,.,tip
dcnKieBnHGV_a6H8K8mB7w,OXDo1mHlp2Io3CM6a1aB1w,2017-03-12 07:27:53,0,Food here is awesome!,tip
99qG0ljCavnVJxDFouu6gQ,mpeLyxsDTm5RqZkFT--SdQ,2014-06-22 20:31:35,0,"Great spot for comfortable food,",tip
8eikjmWYSAGkbzKGa9323Q,jPfgJIt_wj5v71tHNdqR_A,2013-06-14 15:42:13,0,Like them on Facebook!,tip
WzhoLpHMXI59ETuQ2sRVeQ,gjFUrbSMo1rA1jgG5IhA2A,2016-01-26 02:51:45,0,Went during restaurant week the food is good and plentiful but not,tip
3YhG4h4Ok654iVfqdmkuRg,DRCbw62LfrS9nKNwmC4pQw,2018-05-26 21:49:49,0,Great idea for foodie date night! There's also classes for kids & special occasions.,tip
BvXJ8XeiAyOXq4JJHZXZjQ,7IejWLt82BQdEwVJWZDlyQ,2013-06-30 00:58:27,0,Ugh!!! Every single time I come here I wonder why I come back!! The service sucks,tip
8wYt2OfdHwpe2eaP2Z3Qsw,npvwUouhrmYufGvfTWNzGw,2013-02-19 16:51:49,0,Sweet water ride to Camden. Girls love it when we go to aquarium. Just don't go when red bull does there thing off the pier. That was ugly.,tip
bGjjXHdlIJSvfHEq497OYw,mQMbauPrkRVUTdNu3M3WTg,2013-02-25 22:05:56,0,Chill friendly place for craft beer. Nice!,tip
nZwiWgwBCiPgz3I_yr-oOQ,kpK6SmxIiNoGPNhlEGiL4w,2021-06-14 22:43:07,0,Highly recommend! Food is delicious. Show stopper was the rigatoni,tip
RrSJacJC8pzT1gD0nxAQQA,lB6jIOb1UBATmdfot4KJew,2012-03-30 22:09:17,0,Love this place!,tip
hdJ7o2CenTCJVO1EjV7I2Q,Ox1OY2fuGitB3PImiTW8ew,2012-04-23 15:00:43,0,Post workout checkin!,tip
jjeM8KI3VQCyxWaZjoguWg,ls7a7L9smNIP75ssXmPTyQ,2020-03-08 04:33:01,0,All nails peeled within 24 hours of my gel manicure. Such a waste of time and money.,tip
eF6dyre6eas5oBENm3Jgrw,S3J8ux6MtSJUoxJXHk0DMg,2014-06-23 01:35:41,0,Flavorless pho and non descript appetizers. I'd skip it.,tip
W32lhO8VuCQUfAPysD31ww,15BlJKQfD-SLJTebWa14EQ,2019-08-02 02:13:24,0,Great Happy Hour! 5 dollar Martinis! Excellent cocktails! Great service.,tip
Rr4cLb6Go91FT134o6RsKg,7uUiLVWZ1q8zb8q6voeCBQ,2015-03-30 01:22:26,0,1st time here,tip
CMO04SMgjqiI_kF3FrswTg,NvPn9k25o_3EXIZKiVy88Q,2014-04-12 18:45:27,0,Based on 5 star reviews I expected this place to be awesome but the 3 portfolios in the lobby all looked outdated and there was only one customer in the shop. I can see why walk-ins are easily accepted... I didn't want to leave a bad review because I left after checking out the portfolios and chose not to get tattooed. So tip it is.,tip
HbRYzUV2O4eVMw20vBBZyg,eH0ZmOZj4TyGqZwfDpQT8Q,2013-08-11 21:00:18,0,Try a daiquiri. The view is awesome.,tip
F9d0nzpozz-w_wFR1vkFAg,wHkYLlZyPXllrQRlvidUlg,2011-04-24 14:51:52,0,Time for some cheese steaks,tip
UlWDGR0QrBbdFsVY6ugocw,WNcGg9G-odTGz00DSMx7rg,2013-03-19 16:24:50,0,Order the Winged Nut and a brat... Sit on the patio and enjoy!,tip
ETVaZ7G2vDsXJNlanv1aEA,9FlsxXTdlPf_WSo5vva-mw,2015-12-27 18:01:06,0,Get the crab cheese rangoons!,tip
vU9_lZqJQIR8btUYw7fqxA,n_k7VjsTWjqACsvOihHQHQ,2017-12-11 20:52:00,0,Now closed. All of the windows are covered up too.,tip
5lf0bjftersUXOuTPXokiQ,y36s2lDcimRho8sh73UYFg,2016-08-04 01:33:13,0,They were closed at 9:30 and not 10:00.,tip
R3GNRfLguYNuzCyevBJRHg,XwpjTjy_jwWGAlG_rt1Hrg,2017-04-25 16:01:28,0,Love this little coffee shop!! Great Chai Latte! Great Service too!!,tip
pnM6jClIpR5w3tYkEMRdJw,3_hoUO4wa-4mRUhMxDrXhw,2020-10-24 15:42:00,0,Excellent! I went twice in one week.,tip
A5wN57BIih_8TKZ9jLyKQg,NfQ-riXndI3U3EZvHxenMA,2019-07-06 18:17:23,0,Great service and great food,tip
pyJLIP7LuzEEylJz71uPPg,WXgV2lOUgas7DzTLeDau-w,2013-09-02 01:05:51,0,Tacos! And question blanco! And conch fritters!,tip
1zG4q1xZuZkN6Szs-XwwhA,MTwOdPHPy9bmWMW6C7mOtQ,2012-02-26 00:11:44,0,Very friendly customer service.,tip
a7X4rMb6L4tivKwnXLRD5w,UXm-1qI-_AxhC5O3B9La8g,2011-07-09 00:13:37,0,Strawberry Abita & BBQ shrimp,tip
A4YsDUocwpqCjtaMS32R6g,T8m0HbUwAAoYsn3wrqqHzg,2021-12-20 03:29:07,0,.Todays Gas price was $3.67,tip
4bBrUmJa09PaJS-0n8pq2Q,HpDWpS6rpF-mY0Dx0nvH-g,2015-12-22 20:45:08,0,"Very nice staff, they do a great job...I go there all the time.",tip
qib3NI3WbjUK_HeSdxVu9Q,210p4dgnAyUPQTEBYYZkgg,2020-01-18 00:01:01,0,Lousy customer checkout service!,tip
083vUo1ObsnWBL8AW2odSw,Ux2IzQ05Nfq6K_LHVjKZaQ,2017-01-15 22:39:25,0,Delicious!,tip
j59m8zESozT2K1_-AQBnEg,bQ_3ksjRm5LFbrwhEc90_g,2015-07-08 16:29:44,0,Yummy!,tip
qDeAi4SFFClvtXyG0vSD4w,TrdQZxhfYui2IkOaq3bDdQ,2014-03-29 14:39:44,0,just as good as my first visit here very impressed with the service,tip
xz3x8liFOUx1FbqYWOZDOQ,4i4kmYm9wgSNyF1b6gKphg,2011-09-28 18:27:51,0,Flying again! Short lines today.,tip
Gx-Pi-2UcR5u4BwWTx90sw,sfwMByVwbb69zhw4xzXzgA,2021-05-22 22:41:25,0,"If you plan to see 1st pitch, go elsewhere.",tip
JsrGpNf-TRWUzuIEghK1sw,gWiUCJEcv1lnZtMT_d2p5A,2014-06-12 08:24:32,0,"The overnight worker, Deborah, is the best!",tip
SKNHYMVCDG9006MOweBJ3A,DPtdBtLp6ng9cAB9_rzB6g,2013-08-25 16:08:18,0,Talent,tip
2ljtr8L8rZh1I_cY97HTvw,r9Jcnu7g7eXLWJmm9Jk17w,2013-12-21 06:44:37,0,"This place has really rare comics and dollar boxes also, if your a vintage comic nut like me you'll love this place. Kind of the same vibe as those old record stores you could spend hours in",tip
P_JWrO_rhXKdd1wUPHqZtg,C6cOQD3ELF38AeYgtfw0Dw,2016-05-14 19:25:17,0,Chicken Drumsticks were so good!,tip
P0koE1yKjJvJRgaYbIFqyw,UnQriKTiNsYnyPE3Rt8lTQ,2017-08-03 21:45:41,0,"The creme Brule is devine except for one thing, the sugar crust is grainy and they don't torch it enough. Would've sent it back but it wasn't a huge deal.",tip
xhI2Y11Y-nvVr0BzkQ-5vw,7SWXnS2odT-0EiMFXUgIcg,2012-03-03 03:30:06,0,Me walking in: what is this place? Me after eating: wow...that was incredible!,tip
XrXmcgqTauOhoiptLO8mcA,WDLwnD4FUOkKylMkj_FCXA,2011-02-03 00:34:48,0,This is one of the coolest korean bbq places in the city...,tip
iReYeUvHs9QzGB5M5gbllQ,4GGgtvEzl233jS1SZ3SgGQ,2020-07-09 21:07:02,0,One of the best burgers around.  Doesn't disappoint.,tip
hOhK9K2sjbAwdCgude1vlg,y5OovQyNsJ77O0AR2XPIww,2021-11-01 04:09:13,0,Wonderful sushi. They have a ton of options.,tip
BqhP2yeKtUSA4-nQlu6IQw,VQcCL9PiNL_wkGf-uF3fjg,2016-06-11 23:26:51,0,"Amazing, fast, delicious food! Great staff. This restaurant is a must try!",tip
iuV7Dy8OcSUTEafZ5panNA,oeniO-T76rAXdxiSoeY2Zw,2015-11-01 12:41:41,0,I loved having breakfast here. I was so disappointed to see it had shut down.,tip
zYFGMy1_thjMnvQLX6JNBw,Rm7tjXnNzMNIVfu4L3oOGQ,2014-03-18 18:19:26,0,Excellent Customer Service. Your in and out!!,tip
Q-8VH9uVnq4lYAsRDlSpCA,JwWM19w-kSc4Tx4a46sNHw,2010-08-28 23:41:16,0,Our favorite bar-b-que in Nashville!,tip
W0JKQhJf92oEb0EriaDzbg,vj6AetpADpHOYtMRZsXX3g,2017-09-18 02:33:16,0,Really good.  I'm pretty sure everyone already knows this place is awesome.  Now you do too.,tip
ny94HxP_r18Va0_sBW77zg,PP3BBaVxZLcJU54uP_wL6Q,2010-08-14 00:06:17,0,Geno's Steaks just can't compar,tip
k9jy2LjvZH1rsIpypy3kQQ,9gObo5ltOMo6UgsaXaHPWA,2016-12-02 00:03:12,0,"The best view of Philly you can find! Sit at the bar and enjoy a drink from their amazing ""mixologists.""",tip
MVSpZumy974f0-quznvAmg,OI_A8VRmMVxIq_ZeNaLVeg,2015-11-12 22:34:19,0,Had to have my daily Starbucks! It's not for luxury it's a necessity!!,tip
yfLGFjbmkFXlA9Bi-cQd5Q,mskYyOH-xVyBlBn9OLqu4Q,2015-01-19 14:48:24,0,Banana nutella muffin is amazing! Oatmeal bake is delicious!,tip
ubvd4l5iKSyIVsLEhS9Vmg,_n9XGYw2hZHUcUQ4X5a-hw,2013-07-29 22:29:56,0,"Emergency is great, but long term stay is a nightmare.",tip
oysVHwDPhuUkoYvHDEDwag,y_4wb-Kds_cvdTlYeWYMdA,2017-10-20 02:05:23,0,Super rude over the phone and overpriced,tip
an1lM3Z4acRomz_B6H6R6w,6xnEDdI8dV-SBOCVNz4Esw,2012-09-01 19:47:51,0,I like this place. Great for a quick trim. I have a certain person that does my trim. LOL.,tip
qcgun0_rWB2Uzt7Wvk5sHw,jChBkBfOg2dsMV1atEaxgw,2021-01-18 00:43:34,0,Best Vietnamese food around!!!,tip
pPrq2fkG8o2LiVSbfzn-4w,HTSsRjVLvqa07O-N98EM-w,2013-01-27 18:55:01,0,Hot whiskey,tip
6iIqAEfvgfjGFk2C3JTf8Q,wmoty8OHzYRYHXxLvA947g,2017-09-03 17:44:00,0,"Really good bar. Food was nice, beers well selected and Tiffany was excellent!",tip
acBIIe0Q6WhcTLNGqgG8Sw,GgdwrB8cvI3K_OZBazjzkA,2015-06-13 00:14:06,0,Wife is not a huge fan of fish but found that the hogfish here is good. It's not a regular dish. Have to call ahead to check.,tip
6pX4NPkwyYs3SXSdzk1YSw,0d1dpaZqcm7litFOJl7atA,2017-10-15 21:53:44,0,"Excellent quality, great service,  awesome taste.  The pizza is stupendous.",tip
0G-QF457q_0Z_jKqh6xWiA,j39oLLW_GlMPMK5-G8On3A,2010-10-29 22:32:40,0,Clove cigarettes!!!,tip
BGvHr3YT8tNwtxVNtL9izA,OwuL_pVygM79Acf85O6Eow,2021-09-01 00:49:04,0,"This mall is great! Prices are affordable, clean, and spacious!",tip
SlNW5_1Tu6sVet-tWU8emA,xfQhI1fD24B0s3-vLDEYbg,2012-06-09 16:57:51,0,Come to the Best Comic Book shop EVER!!! Also I'm working here today so come say hi and buy something!,tip
4SiBjnpci57RBp3po8yQAA,aBWQk6KPH-wTNlSVezJH8w,2018-03-20 22:34:37,0,Very good food !!,tip
_u1x71NeUMshQEAkgwqHCg,sImDC2ePC0sIkZsHaX-k3g,2018-03-19 18:58:49,0,Worst movie theater ever small and ghetto will not be back,tip
bJ5FtCtZX3ZZacz2_2PJjA,goyOq9YY_IeKINMppe9Pqw,2011-08-14 00:56:30,0,Cool 2nd Saturday art display!,tip
smoKvKYu9jW-Kg4lugrSCw,IiSXzsFJaFEMTkiUsPFm_g,2013-09-07 23:53:38,0,Everything is so fresh!,tip
Oi1qbcz2m2SnwUeztGYcnQ,ldr7iDtxFXX-q7tJuXqlGQ,2011-09-21 17:06:05,0,Tri-Tip Sandwich = Cheese Steak = Fantastic!,tip
Mzmy5ygEhRM5sdBzKpcW1A,mCo2uVTTGYrEhRrkQW-CMw,2010-12-15 17:30:19,0,Taiwan beef stew noodles soup on a cold day? Yes please.,tip
M5HoGdy-mNOV7EHhxB9P9A,i1_umgwaC9_YIVmQhoq5YA,2013-05-09 03:27:10,0,Check mail,tip
ltQRdaJZOExY-LZ-L_uxlA,ZdMr2rrZAYfPVewtd29ifw,2011-02-13 01:05:12,0,"Locally sourced menu, fantastic beer on tap, classy yet casual atmosphere and in my 'hood- love!!!",tip
xf9mSYckWHixWA-waC0QEQ,9BKv2wL8K6QRiZ1rklR4rg,2020-02-24 22:04:24,0,Friendly service and excellent,tip
2xGESnIVqC7r51bLcOsrtg,j3EO3xnNcThmhU7Z1VUSSw,2013-08-19 14:58:04,0,In & out: fast &  friendly,tip
CjhUB-TTFvluRIe1V3WCag,LLR5NIaa_T0orLw1I3K8Yw,2019-12-10 07:18:34,0,The best sandwiches ever. Never had a bad sandwich always yummy yummy yummy.,tip
fCvMnJU1Z-XhAjKg99wK3Q,JgVZzURA5ltEAN6Oc_Ot7w,2019-06-05 02:45:39,1,"VFMA was ""Bunker Hill Military Academy"" in the 1981 movie Taps starring Tom Cruise and Sean Penn.",tip
TsYjbbWIWKXhFcHeiogVzg,qOrd_jWT3e16_wwRSpvYwQ,2018-05-25 02:23:36,0,The service was slow and food was not good like they use to be.,tip
gsbFF-wUHMG3CtFap2Q-2Q,G_rh60tPxsdVRkHSdk4bug,2016-10-25 21:04:38,0,Clean the damn parking lot. Jesus!!,tip
sraTrYU-7q_bQ0TxQrLJvQ,DxXFnkSEiC9f3FwbE_nLRw,2017-01-22 06:22:32,0,"The GTO and lady both agree : ""You better get that iPa!""):)",tip
b4zUX6ZmEryuIQBFrKx_0Q,6AGpQJdTQmbzx7c2-D0vsQ,2020-08-14 22:03:29,0,Terrible service,tip
Il6rCtos8AprktHAOvzJAA,vl40Oa75v42jvJsHwpCGKA,2019-02-15 19:18:04,0,1st timers @ Maple Street Biscuit -- a must to come visit -- we will be back!!,tip
RPrkJbo9LAfiHh3hhpyVBg,ipZ7neK1bjBAUrCqyCvB_Q,2014-04-30 16:45:54,0,Haven't been here for a while. Was in the neighborhood dropping off food pantry donations so I thought I stop in to see what's new.,tip
thKaNQOM4lnhaUziNpCK9w,4D7QDfPOsSPfKxBi3gs_qQ,2014-01-28 01:54:27,0,Amazing!  All aspects.,tip
87UCNW0g5gygrglDxjyDRQ,twAaV18KPw1vB7NqiOVbEw,2014-11-09 02:52:10,0,"With the pissy attitude from the girl in the drive thru, I'm done with this sonic for a while..... Bitchy little high school girls",tip
-7-d8x5w5c9QolAMgPTKZg,TUtOrI_GnVwSuHHTTEN8MA,2013-09-15 15:33:00,0,"Waffles are great! The barista is very friendly, and willing to educate you on coffee.",tip
_TaiwHdtvjftICCoJdRDfw,sLgnx_WFCjEoPsS6NwU70Q,2018-04-14 16:09:43,0,Not good,tip
GdR_86u9jAXgZ0_-sn4l6Q,MiTuey9Pdc2haG9KQgmU7Q,2013-12-14 23:37:51,0,"I Stick with the Vietnamese side of the menu. My favorite dish is the V8, Light and healthy, sliced pork, jasmine rice with a salad of cucumbers, cabbage and carrots- I mix it all together under $7 bucks too!",tip
7W7snTpv39SmL33GsCfU5A,rjnjqqwMLbEGs5m16u2cGA,2011-07-23 13:53:48,0,Order the lamb salad!!!,tip
A-u6JVoKBih1MJiyObN9YA,24f-qQokEN2UvBNHMWLm3A,2011-12-03 19:43:59,0,Workflow,tip
50zAqCAiZMyDVWPBm5_-VA,pNSix27Vx4hRxRdmZ8_GEQ,2012-03-11 22:49:14,0,Check your vehicle before you leave. Make sure they didn't 'accidently' take anything. Trust no one.,tip
6Np4bsd5t7rBbLhkOD9dIQ,TAUGnIQDR9-m23DWLZ0dow,2013-05-13 18:23:44,0,All you can eat is now $21.95. Still a great deal.,tip
yv6-6-MXoj5EKkwZpVodnA,tY4ndNCyfTACnF0s1BqE-A,2017-06-09 17:50:09,0,Great burgers and fries . Spot on service . A great above average burger,tip
skRtqY2Do6EgbZmbDZqFwA,HxqKo-FK8L_f_xPpBtebQQ,2018-04-29 02:44:30,0,"Awesome bar we love Sarah, Alex, and Jack! Check them out!!",tip
kOXBWfYSrwKsiNalc5nR_g,A5b9nVDi1DPVvPOD24-p6w,2013-09-21 18:54:54,0,Iced cappuccino. A lost art.,tip
efZ3lgvDWfq4-U6U-q-2lA,dM8VFFJsOCe2gN9pNBij1w,2012-12-26 16:58:54,0,"Cant beat the $2 meatball or coldcut 6"" for customer appreciation month:December",tip
GwSShPHGPeDVjE1C28kUkA,bG_aXPwQoZoDvj5-kZIqRw,2020-07-26 03:40:39,0,The best wings around hands down. Great service and very clean. Highly recommended,tip
j70v90SuOWzS_mfqIAQwAw,cTVvGhP3dlKRJMRkey_vhw,2011-09-28 17:10:03,0,Parking is horrible,tip
oYn4yU4hI8w9vMQkR9bx1w,Kp-oPqTLqsdBRckvbEwnMw,2013-05-08 23:19:56,1,"Here waiting for the best band around to start pumping some awesome classic rock...!!!!

Stormbringer!!!!!!",tip
lh1AN0NV-4PXL7wi-2PWXg,nm--zdNL0zWvUNE2uMK5_Q,2015-08-24 00:34:23,0,"We really like the food, very tasty and authentic... Will be back for more!",tip
s4Fg9XkibzZzBLMIl1jL6w,GXFMD0Z4jEVZBCsbPf4CTQ,2018-07-14 01:20:54,0,amazing,tip
XrXmcgqTauOhoiptLO8mcA,Co3Ogqy6y2JgZdG0wBlrUQ,2011-01-24 02:21:59,0,A nice place to play some pool...,tip
2hf6ivqo-k5QDvV9dYqgDQ,Ji8PmDm5RmjfO3GelXJJUA,2014-10-18 00:21:09,0,Not the best staff but still dairy queen ice cream and good burgers.,tip
jgENWQxDYqijUJ2gSxnXdA,cvo-WCqsMy4OGja8IP9y6Q,2012-06-04 00:15:21,0,Delicious salsa and you can ask for guacamole that's spicy ;) so good!!! Also they serve horchata :) NUM!,tip
itTgX1X45huPLN1gddNPRA,4bOqibZuKDbnOa-K0kM4Sg,2014-12-09 01:36:35,0,"Best beer selection, great atmosphere!",tip
C0aL4tgH7g8DpCJS4FmogQ,kxOR-Z62MnMUlCZWQmd2iQ,2012-03-14 00:14:21,0,"$4 Tapas, Sangria and $6 Mojitos on Tuesday.  Guess I came on the right night!",tip
8wYt2OfdHwpe2eaP2Z3Qsw,ZxOOpYqCbGp40v4pJthFqA,2013-08-30 22:20:31,0,Celebrating the sabbath with open minded people.,tip
mwqWeswebJ3_H1Ex_mxlug,k_AcP_k0CqjstNNe5QrJSg,2020-02-02 19:06:02,0,OMG! Everything was Awesome. Come with loose clothing. Lol. Keep drink & side dish intake to a minimum. The meat is where it's at!!!,tip
Anx6fA6jHXmLS7oaUFXJcw,EBfiJ_YqFij5rKbzyJC9tw,2010-12-12 18:50:35,0,How many blackjack pizzas have I eaten durring my collegiate career? Too Many to count,tip
MfpJYQQnqkOXyQR2V3wMCg,EagkHaaC-kUozD3MPzbRIw,2013-12-29 23:37:27,0,Excellent breakfast. Quick service. Pancakes were heavenly. Good value.,tip
F5OM3rcaYfbVrapEh1jpCw,8jXmNMrGJ2acUG1R-D5e6w,2020-08-21 18:24:29,0,Favorite place to go eat when we travel to New Orleans.,tip
luDsua1Gz7sO3u-0bBxL-w,e5fCI12X_GLCST668S4ROA,2021-04-28 21:59:02,0,Classic with old world charm.,tip
ADohMwMk4a6oe_AYvSIY9g,9MiCr4rNFRijL89edcNv1A,2014-06-17 19:19:05,0,Everything looked freshly prepared and not salty at all. Delicious!,tip
l6QdJ9_1PwjZuxoxqGjq8Q,c_4c5rJECZSfNgFj7frwHQ,2012-06-01 21:43:19,0,I'm leaving on a jet plane,tip
K17847uudqPFPIjSPgxs2A,ayWu-8h1BmNp4KFe3nL4Eg,2017-05-02 21:45:46,0,Jimmy John's upgraded America's lunch plans last year when it celebrated its first-ever Customer Appreciation Day with a deal for $1 subs- Today is the day!,tip
Tj9Bta0wB1LNBRebJbz9dA,ifxbWY0iuTey-YtC2-p-ow,2018-11-17 14:48:31,0,Hands down the best breakfast I've ever had in Philly. Everything was amazing.,tip
o3PoRBjQFh3zC_EfB12K_w,ch77U6h1t81V2tEe2hyRIw,2014-12-31 16:06:57,0,Busy place. Make a reservation,tip
7PdrtHvnDPZ40H9Ra6G16g,LJaJl48w2iJCEzY6nqe41A,2019-04-22 17:19:01,0,Yum!,tip
GMidqLVlHhDkzFZ15lj_Cg,jxEMFqwDJXjCxmcm5t5jVQ,2016-12-11 22:27:55,0,Manager must be family because people that stupid usually can't get jobs,tip
SKgz4N68nhmsbYepfrQgFg,x4K6aMaOYvGhC5jhFJP2Ag,2016-08-19 20:41:44,0,"Don't come here expecting a quick lunch because we didn't. Long wait, small portion and poor quality.",tip
23MkOQZnithrTBvWCshxbw,z_v1HmY1OH_SFmJxQWVyeA,2013-06-29 21:14:06,0,Beautiful!!,tip
2bwkuQOvkKue8oMDH81sTw,F5_ogq9UoEmyU3xEaPWy0Q,2014-05-03 18:47:03,0,Mint juleps for the derby today,tip
uOQ-9KLCRqgG_6BecW0Fdg,tOQ8Eb99pGQo5w2BOdKllg,2010-11-28 19:33:20,0,"Hello Gorgeous! Schedule now for Lash Extensions for the Holidays! Book now, the Holidays are busy at Blush and Lashes.",tip
qLdaHR8V5Fcodr2ioytSjg,cGsewW-9GdycDS3YT_eUMA,2010-08-27 19:13:16,0,Always a good choice.,tip
KDewJBJknfWvQyHHFNbfdg,S_7uidlS2oj3Lq2bxDTTmg,2011-03-27 18:44:48,0,Cottage Home vs Holy Cross beer contest. Its on!,tip
NVGDa6FNCnOngFOU24sbBg,_Xo-JzgxbMaDi5cvlfHpwg,2016-09-22 23:15:24,0,The best ribs ever!,tip
TtRBLwwz98FlJ5k2ZWjk8A,7WWLPXpOjrh_1EvjFuw3hQ,2017-10-09 06:37:54,0,Best burgers and servers are always friendly!,tip
_I5yBAm4IAayT3kqX1qURg,gRAVJyM4FmXfAGRPouRDIQ,2017-10-08 05:23:59,0,Yay,tip
D490iP_OABKTmqMMTwMyRg,AFYI0sfZ6WdVELjjEYOIpw,2012-09-29 01:11:28,0,Howl-O-Scream is not as crowded on Thursday nights and you have a good chance of visiting each haunted house at least twice each.,tip
8x-Uoa4vlNFWGiDdAgmgvw,sTPueJEwcRDj7ZJmG7okYA,2014-12-24 06:15:27,0,I love this place. Request a swipe of mayo to your cheesesteak for added savoriness. Mm mm.,tip
uIKD7cJF4ZWkicin2ulWPg,JR8xod3kSAhG6ZSGZle-9g,2014-05-04 02:53:00,0,And what are you doing on your Saturday night?,tip
WiH8cIaOH3MiAkgyENM0_A,5uoRXyHxs6nH_ORItDCoaQ,2021-01-10 00:52:16,0,"Such good service, incredible hibachi and sushi!",tip
LDSiVDg2HfrTNVzEz194Uw,danu86o4kznDSp_5-XKMTw,2014-05-09 19:22:23,0,There customer comment line number is 775 333 9222,tip
xwvqzpLnuB27XLN2RH79gw,9AiZWqD09fkYjhT6JiQ-YA,2018-09-24 20:38:48,0,rude and not helpful,tip
heg3_yIHFUAY6lJdqx1New,SYPMKVNBEVkFa9MF0DzO0g,2011-12-21 23:12:29,0,"Awaiting my flight. 7 passenger plane, night flight, requires a couple Budweisers!",tip
Z9j88fyj8xuTy8k5QM13MQ,LRBfRUbmFdD6x5df8ErqqA,2020-02-15 02:06:01,0,Love Whole Foods!! Yes it's expensive but the food is amazing and healthy!!,tip
kIk51hIUo2hRnze8sRH62A,E359ITHKa9CVe9cTOofZUQ,2021-08-29 01:12:34,0,Awesome Natural Hair Festival 2021,tip
P7c3s6kOrC1BqvyOMLW_iw,pTheiPxxNXOmqhJcu43emw,2018-11-12 16:20:16,0,Terrible people.,tip
fCvMnJU1Z-XhAjKg99wK3Q,GF15zPyQPY26OTHBSR5rlw,2017-04-06 17:18:20,0,In Saint David's Square. Near SmashBurger.,tip
EDBWIEfuIIzElCEuz0j2Kg,8S2hOkzWzpkJLybVOTSCLw,2019-07-13 01:47:45,0,Bullshit don't get roasted veggies. It's tomato and black olive,tip
e-w8SpGlSBGvgX1Hy7i19w,3Rpqppay31nszH8Zuvkdwg,2014-01-13 17:37:59,0,Pretty good food! Typical pizzeria you would go to for pizza and hoagies.,tip
an1lM3Z4acRomz_B6H6R6w,x_b2wweMFSJ3i6SoNtbtDQ,2012-06-23 03:09:56,0,"Oh I really enjoyed the great fun & service. They definitely give quality food & quantity. My Kung Pao (Pow) Chicken, Spring Rolls & Dumplings were excellent.",tip
6UsMM-rKqm2tMju0RTGnOQ,OhSaEeJes7JLtk3MGMXXmg,2011-07-05 18:28:52,0,Fresh = refreshed :-),tip
2NLHMl7fZSdzngJNX7MDaA,XeLAOIv2Ky1wyzIjoTa3Mg,2020-05-20 20:41:13,0,Venetian creme is worth trying ... again and again.,tip
YjQAF3_GvXKFCYxLNCPUbw,0RuvlgTnKFbX3IK0ZOOocA,2013-03-27 16:32:31,0,Such a cute spot! Cannot recc. It enough!,tip
_h3ku94dHfDMlSrvYAwjjw,kK9c9XRbbz9wu0n4zAp_pQ,2018-06-11 01:35:52,0,Bunch of dbags in this place,tip
LIr6IJy0earXZPU61Ni9pg,eTCDxZd5QUj2kBrBMbnbTQ,2012-03-04 03:06:37,0,Chocolate Pepsi is pretty good!,tip
5EatbroNicC3-nl4cHX2zg,bzO826Hw3DCuQ5xl3OEP7Q,2011-04-23 18:55:22,0,Awesome guacamole,tip
cbBDbbaIw4E4mR6dmZSwQw,_GWFsg1dl--bf7SnnCH4zg,2011-03-19 22:49:06,0,Killer Margaritas,tip
GI1n2PI7UTabyI06IgtX4w,2HsYIYbESBzrim0xnIy8Og,2012-02-10 16:01:16,0,Online might be better than in person.,tip
ufuIdORrVFg5Yp2F4soemA,FEXhWNCMkv22qG04E83Qjg,2016-12-03 23:46:41,0,Overpriced for the tourists. I prefer morning call.,tip
DfbWVoNDJJ9n69VrjfyS9g,nnj8APV33vrflphc6f50nA,2016-06-13 01:14:30,0,2. hours. for. my. food. to. be. delivered.,tip
fCvMnJU1Z-XhAjKg99wK3Q,zmpRwOqxaajeh2YvAKxLaQ,2016-10-29 10:24:15,0,Halloween special.,tip
i48cHEyRBl5g9_npYIG7dA,_Um35IAVr7RqS0Uw3IdU3g,2019-10-08 22:27:30,0,Come a little early just to get a chance to relax and decompress,tip
H11jS_iT9_bUMaVxH2AIbg,9HUpW8t-GfzZbEmfX_kWYQ,2019-03-23 20:52:21,0,Check in time is 4 PM.  You can leave your number with the front desk and they will call you if they find a way to get you checked in sooner.,tip
sXFoWgLSHseuUffLsvGo7g,mqKz51qAxfcBaUhNCGcysg,2017-06-05 21:11:31,0,Love the atmosphere and the food and they are pretty well-priced,tip
3Ya1dzEnnVmnQnj3IiXSMg,aqTLu2dS_dG0ZUtDUH5fvg,2011-09-10 23:30:51,0,Seafood Fest,tip
up2jQSKQR_DAYOb0uzl1OA,KrKQChZ1hwHHVaUK9Zc-Ag,2019-10-16 00:26:18,0,Great food! Great service! And very good beer,tip
WSIcCoi1mH95DS0bAc6vBg,tkehxQ-wmJk7xZ_op1r1nQ,2013-10-09 04:12:51,0,Liars. .I called them uo to see if they where serving crab legs and they told me yea so I drove all the way over there just for them to tell me they aren't serving crab legs,tip
CZv2VlVNoJjBkVXYW3HeIg,P_q1gFazkOlJgrW0-JLXnA,2017-04-15 01:05:28,0,I work here and they still got my order wrong.,tip
xUwEtvzTJBnoK1UnVPIo2g,TcNZXteosegb1RO4O5hREw,2018-07-02 03:59:43,0,Love this place!!!,tip
fLjLlzE3ceCl6y_HLwSICQ,b3NuWahBwxqmKrPXRna12g,2013-10-14 01:16:46,0,"Enjoying the pool bar after meetings. My new fave bartender Gautam rates high on list. Ask for him!
Hotel needs to stock top shelf liquor and better wine at the pool bar like they do inside.",tip
o2Or6xqxeWaE46tdzK0UGg,9MsMKG0v3NstaPqKGYFVOw,2015-01-12 06:23:45,0,Fresh fish and ingredients. Love their home made salsas,tip
pM5B4JXeWUZmRnn20f00LQ,PsLmUxVm-0j67k2ADyigvw,2020-11-08 20:49:05,0,This store is closed,tip
w-zbeDbHvELwcQcQUsRfig,JoIkyK5sKD0O3wSWI5jvSQ,2017-11-04 00:41:11,0,Very easy to review this place : very nice and new but busy as hell!!!!!,tip
HPrVtUcrEOD1PN5BCpC-RQ,0bNQmB_FHHYZRGcs4_WsYA,2015-02-08 20:35:15,0,The Chicken Wings Are INCREDIBLE!!,tip
Vwslifegl59fQVOe5BH1gw,c4WjOzTvpMvAxmUspHfhOQ,2012-06-27 00:18:19,0,Renovations!,tip
67LgyIlamGsyL1wb3xQ5SA,qm7qf6A4hUgLqTxLpSBXpw,2016-03-05 19:56:53,0,I love this place!!,tip
6Yv8Uqe7afOtOqa6qDGSjQ,1gV0EbA00qcP7oZFrFhxUA,2011-03-15 02:39:28,0,Battle:LA with my hubby!!!!!,tip
m982bOXdBgpmVU3ROb1B2Q,hJRY4Gt1qo6IPZM0Gq_Ueg,2016-03-25 14:29:20,0,"Venue, topic, and speaker are different every month!",tip
EUP5rmZjEfK1T7Ie5JU7MA,PcX8zGIJ_XHTAQAcEOwhLw,2014-08-04 16:53:04,0,Great place to relax,tip
w_OXUiqhP8hXZsBV77AMRg,-Gvzq9_6pulzU5y0HFg7IA,2013-10-13 06:06:52,0,Mmmmmn free cookies!,tip
cJ7EsBomKWzKFLjauxeC_g,5N82GgAuXl-p5NKnhroGrw,2011-04-19 16:39:17,0,Strings,tip
-B-QEUESGWHPE_889WJaeg,EZc2myE2mYk2h9JK9qu8gw,2020-08-16 22:24:39,0,"Covid Happy Hour 3:00pm-5:00pm
Monday - Friday",tip
eCnGarxpAMUFkkHtdRRREA,7mpYTDb24SywNMRn3yeakQ,2012-02-20 00:34:16,0,L,tip
AIMBxxTs0RrikjTdXqmQQQ,0BnjHJ8H5F15KjeMgDCBAA,2018-05-13 18:41:30,0,"Takes a while for delivery when it's busy but it's worth it, pizza rulers for sure",tip
BvgeZg03QFLRYP31CMxYgg,WAdtCHcP9zj8imkDxMZI0A,2011-11-25 06:53:31,0,Everything is gone!,tip
_aPkcszobQ0FujFiQSfk0A,HTgKfmmlzgE43trhntv8-w,2017-09-23 18:20:17,0,Love this place. Authentic clean friendly staff,tip
V34LnyOBjRuDQBuYG1Duuw,dQZlvOEVNke30MY5iTiy1g,2015-09-07 04:25:04,0,One of my favorite places in center city and favorite Greek places anywhere.,tip
iceRf0nF7lW0Y6VIRfVREg,UTHAZKeSgEXT_a3eiIo2UQ,2013-01-21 02:20:13,0,"If you are a single male or female, show up with a friend or two from the opposite sex.  You will meet new people and might get it on. Bow Chica bow wow!",tip
_hcY5ZV5wQla5L8iwwjVKw,rW4UmUA6mrSK3Y7I3FY79A,2015-09-11 16:00:03,0,Love my eye doctor friendly and awesome people!,tip
oVlVn5B9H16LHgdASH2PEg,3hUjlS-wMHJyUrgacwmpAg,2019-02-19 19:49:31,0,"Friendly staff, quick service, always clean!",tip
N08zbwcZ5zToLnCZAFmByg,Y2U6svOaZXEI-SRAurE2Iw,2014-03-02 17:55:51,0,"Held annually at Curtis Hixon Waterfront Park, this free event is a wonderful family outing. Tons of locals artists and vendors make it fun for the whole and a great way to embrace the arts. There is even a kid's activity spot where children can make an art project and purchase their own art under $10.",tip
fylDqbbgPEqZ9J4EBpoI_w,Q7B71n7tWwo70wJlZltBPA,2020-02-03 22:20:20,0,Very nice experience todaY. That's it!!  Friendly and easy.,tip
jca7BXmZ2pVtvq9yrWzCeg,9Xq7AI1c0udMy6by_0h-0g,2016-10-29 17:13:40,0,The zaatar pita is a must have!,tip
eKhP7-JMrv_ZvwgTLf6t3Q,uWKjddyA3EUpW4VHgCXNFg,2014-05-17 23:08:32,0,"Staff courtesy is awesome and refreshing. We returned at 6 pm to the hotel, plenty of grounds parking. Oh, and there were homemade chocolate chip cookies at the front desk!",tip
3w1TW3odRucR3F7uzrybEg,S2XX-JCKWjcR1UHClZnn6w,2015-08-27 20:34:28,0,Great happy hour. Brisket stack is bomb,tip
cC4lLbUdC09rsONYuk2-NA,QDF-ov9249hS3e7KXzI1aA,2013-03-02 22:03:50,0,Will be nice to visit the new location,tip
gv2cFnYXcMXv8YcoWx6qxA,d5G3dpdyO60CYHukoM-_FQ,2021-05-14 03:29:37,0,Good food great service and prices. We will be back.,tip
uCdnYq29l_YphQ3vPxUgTQ,qIJKm8JYh9XOSaqm-FiAQw,2017-03-01 15:31:39,0,Horrible customer service and just down right rude.,tip
q5HOAUbpvJAO5enKRvZYvQ,w-0Gm5hKaX6mHRXoA0Ylrg,2013-03-29 02:05:01,0,Some of the best fried chicken in town,tip
ozJ5EBxViw-i8wyspkty2A,BxFWkJsm5A0lz7C_BFDm4Q,2015-03-15 01:50:53,0,Pricey of course but a really delightful experience .  Reserve a booth if you can!,tip
vL1TuCF1EbmEhWmjcG7iRw,wLV_IZfy6nrNbplZ5sHJKQ,2017-11-18 00:05:03,0,Vegan pizza on point  super good!,tip
NbcOw8Scs1AQcRR9uzlCPw,ELY0HI8GDEx0jkmREVna0A,2015-10-10 05:42:03,0,Always a good time!! The best beer garden ever!! I am never disappointed,tip
IyG9PLEut04jD7Jz6ojL_A,yi59A0fDSc3WKzGBhh9JOQ,2016-04-18 18:11:35,0,"I doubt I'll ever come to this Wendy's again. I am pregnant & was craving their  full sized spicy chicken sandwich. What I received was a 99 cent filet on a cold, hard bun.  I was given no receipt and no napkins. The lady that handed me my food couldn't have been more checked out - never made eye contact or uttered a word other than 'No problem'  when I thanked her. Wrong answer! They need to take more than a few tips from Chick Fil A across the street!!",tip
rqQSHengjUZMKMh3UHXo9A,64Rl3pT4Md4-8ckeaNVZCQ,2014-04-15 03:47:50,0,"Service not the greatest. Waitress forgot to deliver my premium tequila drink, & I wasn't about remind her either. Too bad on her part. Street parking only...good luck finding one near State St.",tip
hzYAlncxbAmOyAESKQnTZg,4S8Vh4qWrfcadRF2brIEgA,2019-03-08 18:18:04,0,Exceptional but extremely slow. Waited 35 mins for chicken and waffles,tip
QX3GNSpnXB68vVKhclVcGQ,KRzAUYNpg2AkU1ErQGsLbw,2013-06-15 19:47:47,0,Meg gives the best pedis. All organic hot oil and sugar scrub is so great!,tip
ju2Fr7-i4Ou41wuBArD74g,K3RURR9lIEE4JjOaPt99zg,2016-10-31 15:39:28,0,It's BYOB. Check out the Italian Market across the street after you eat!,tip
LMGxqvbJzNwFIFIafp32CA,EYw42-YsnMr0pbqM5YXRxw,2014-07-19 18:40:10,0,Pretty tasty. Wouldn't recommend it if you're in a hurry.,tip
FC4ZLPIqVeGqkcKY-54wAQ,c_4c5rJECZSfNgFj7frwHQ,2018-12-22 00:58:10,0,Great airport,tip
gjItJkcbP8sOr4JDUL6rHg,xJ3NSwE0xhdtA-tB_y_rNQ,2013-10-12 23:30:22,0,"if youre looking for one of them hole in the wall, smack ya momma its so good kind of places then this is the place for you!!!",tip
rTrA5eNkTBoy9E8jAKR-Og,BY-du320SIHBR9MYUrZSZg,2013-12-31 00:19:55,0,Sit at the bar and avoid the long wait times...,tip
tDlvcvNZtgVstlEH9Cx5Eg,9Ujw_PoR_Vv67gf4vsAk-g,2013-11-08 02:51:05,0,Pizza &  salad. Yummy,tip
WALNtcSZlONK4Yj-o3pzKA,26jYcdFR5oLqKDKpTH0JIQ,2016-06-15 03:35:36,0,Ivan Drago's Seafood Restaurant,tip
LtJxmoloS4nMGW9fV2pApw,grWlE7bbw-VMUfAr03EZHw,2014-03-12 21:47:38,0,Why would anyone ever want dukedom at the DMV? haha,tip
ud-fWq-05TVr2KwONoMTtQ,_GGq0vYmwMP5gk-81m5OVg,2017-02-12 22:59:07,0,Ask for a half scoop unless you want a stomach ache!,tip
FvikSUww7cssec88CKUBRQ,iRvNycXC1IKQ2c_mF8Cugg,2014-08-22 00:04:15,0,"Had lunch here today with my daughter, liked it so much came back with my husband. Fish tacos were great, hubs had the ginormous craft burger. Love the outside patio with koi fish :)",tip
kggsxBi0MFPXrqqW6-sQQA,68FACyh_VGWU1LQNCVbRYQ,2016-08-21 19:47:36,0,Hire a supervisor,tip
NzDiqkv6o7ZMK2D4t5lVFA,CxS5dqCNE3l4kNq4yftPUA,2013-10-25 23:54:29,0,"If you order a pho dac biet, they won't give you tripes so if you want it you gotta ask for it. Idk why but yeah",tip
vrSTo2_r3v_jhw2B0VwbYg,WBS6KscGu5u0dzc-U86pQg,2015-05-08 05:34:44,0,"AWESOME rescue that really does everything they can to ensure health and happiness of the pups! You can donate thing besides money - blankets, toys, printer paper - ask them what they need",tip
R9IJ1Byr27n6wXj3QvJ2Lg,2preEMfqQC2F6OJbd0gq8g,2020-09-30 16:57:22,0,Hope they have California fishing license,tip
A-u6JVoKBih1MJiyObN9YA,f1Iak_fzgFy_v2R_EnspXg,2012-11-29 01:00:01,0,The fried chicken hmmmm,tip
2xTxMiH-T7s5Y0OEd2AeXg,-q4YqKsWJY6NtkQdnNeL1Q,2016-04-14 04:20:14,0,Very disappointing. Poor service. Mediocre food.,tip
yIuTZHDwz20Bii956DtirA,OHqerLBHsIe1laHeMSYoDQ,2016-02-03 21:57:08,0,Comfort food close to home with great prices!!! I'm hooked and have Yelp to thank!,tip
jllqb6ymVR_SW_TbbtNypA,QWqKTWQ2OiDgo3dzNkpung,2012-03-20 01:45:04,0,Mmm,tip
vQk6w8G71iKVcEk1I9X4Vg,4CDs2w558qtGBPlRcwXpHg,2014-03-30 17:18:31,0,This is a food truck with picnic tables right next to the upper Tampa bay trail.,tip
4tklPBMzqJqz5z-NlRmRGA,Jn8bQ86NMVlCG3tY0YVLaw,2019-07-12 02:36:35,0,Amazing cake!!,tip
Lgeu2zzHCFroqREhQuZiUA,btRAauTB129NRK2WMHjhuQ,2012-05-05 23:08:37,0,Great wings and whiz fries!,tip
ALehxcwDM8U1b02qbwKgOA,_ab50qdWOk0DdB6XOrBitw,2015-04-01 02:51:55,0,"Don't let the line scare ya, it moves fast and is totally worth the wait!  I can't come to nola without stopping here for some chargrilled oysters. Sometimes that's all I get!!  Be sure to use the bread to sop up all the extra butter/juice. Don't be wastin' the good stuff!",tip
CA1bPkLqA_w5AfY0z0zF5A,Exh1uNhTSDR1hGivZBIylA,2021-12-03 21:09:29,0,Our current favorite place to celebrate with friends,tip
CIV1Yp42A0v3yqpGHxybeQ,PkOJZTQ4dAEGngxC-Teg_w,2011-06-05 18:54:14,0,My tip here is not to go unless you have to.,tip
DGZTz4K3czUM0OoKGK2pDg,4NozMd-0ufrS7sUZ95948w,2012-03-03 20:40:15,0,Mike is trying Big Island,tip
6OGH68sIHNLqxw5B1NhR2Q,jbJTF1zVmZsk4hea8hoeVA,2018-03-22 01:02:20,0,"Make a reservation online! Always!!!!  There is typically a wait so plan ahead if you're coming, get online and make a reservation so you can beat the waitlist line.",tip
TFPBPSxBlitV9lkRuaIIgA,Tmrk0JnFMKYAn-JIh6vavg,2011-01-22 21:15:26,0,Quirky shop with some hilariously sacrilegious items.,tip
jg_sjyvHiQFZDgwjQPXmVg,2IahpaBR4U2Kdy9HF28EQA,2016-09-17 12:05:18,0,Great coffee for an early bird:),tip
YxeR-2lJvdxqot7dntdwPQ,plVe3iG2c2o7yhGI1U8GcA,2012-02-05 23:37:55,0,"Brown rice sushi, yum!",tip
e4BVOJgUnMih2v7KblGKcg,7CRox7xpb3vNCEe7FZ6zgA,2014-03-19 01:36:43,0,"OMG!! I've had some of the Best Burgers in the South, or so I thought! I live 4 blocks away from High Hat Cafe, I past it everyday leaving and returning home, I thought this was some ""Uppity"" type cafe,  until my grandbaby wanted to get a burger. I didn't want to drive anywhere so I pulled up places nearby and was like let's try this place since they have take out. Best decision Ever! Needless to say we had to split her Burger!  It's not a one bite tester! Lol from now on i will be a regular.",tip
dM62Q_7J0BetaDITIdt0Nw,L3lQqy7z7PgDm0OWgLTzew,2011-01-09 18:49:28,0,My girlfriend loved her pulled pork sandwich. Said it was the best she'd had in a while.,tip
KotUcw9-s4Hmek0LVKD5PA,Gk1ShPAhRZJhuB3svZSQiA,2015-06-14 08:32:47,0,Soon they are implementing set prices!!  Get excited for that.,tip
SLgYqZ7pTPQx7aqy1R3l8Q,U2Q5T9h6bhLBr7PEgzUmnQ,2017-02-01 08:14:52,0,"On time and on budget. Professional and honest. 
I am 100% satisfed.",tip
JrINVLNxmNMlOVrDZMIYXg,yFhtx9Q7h9YDWo4rfYNhVQ,2018-11-12 00:05:47,0,Just an update...Gwen not longer works at this practice.,tip
hZ-ZtZ3bqZg6GhWepqj20g,p7UGlPkE3Gagm9Mq7aHfYg,2012-01-01 00:56:13,0,This.place.is.awesomo!,tip
WFXqCsd97UsXcE8K_uQ4_Q,2gi23-n_4fTU11olohHxrg,2012-06-01 22:21:18,0,no redbox anymore!!,tip
cBdCeXu7FaqpW51VQGqBYA,_Q3XmBesceFqn9Dk-w6tlA,2018-01-26 20:09:03,0,NOOooOooO closed until 3/15!!!!!! It's a disaster of epic proportions where shall we croissant instead!?,tip
fbO2EDVPgRk5UQ8NE7QVHw,ogXegpVS-fwnaF78pzDUcQ,2016-04-10 19:17:19,0,Sunday Funday!  Tacos are $1.50-$1.75!,tip
ShmFYIYOsWL7jhPmungKow,Sv1MEZP-mMfp8SmE0hwYEA,2014-12-06 00:10:56,0,New policy now where they only sit your party if they're all here...,tip
zmlt7zUWY1Bi58_2n7UopQ,lJjS6vLnf0Rqtx_gicq24g,2013-10-14 23:28:47,0,"As a general rule, if you ever order the two course duck or in some cases 3 course duck, they should offer to bring it out before slicing or even cooking just as they do for lobster in some places.  If you look at the menu you can easily tell this place is legit.  The customers are mostly asian and the menu is more on the authentic side and sly away from the fast food Chinese selections clouding this genre of cuisine.  I wonder if they put in the effort in all dishes.",tip
S12FPlfbxFEHOy1KbYk8tw,A4E8e6ICfwS8V7hJYaCXAQ,2016-04-22 22:27:34,0,They have an event 'room' outside. Beautiful spot for a spiritual event. :),tip
bHE2R4O9rwGEj2yZZyVf8w,oWk7BiqZG99slmVSq6fmWQ,2016-02-13 17:16:30,0,Always the best cheesesteaks around! Especially the buffalo chicken cheesesteaks!!!,tip
zmkgkZPQ0pvElCwQBkRPYg,BmF9-4I2vmiZQUYy6NxBYQ,2019-01-12 21:19:31,0,Never again,tip
pLdWLf_W-kbbwPJbhUAdTQ,jJl7KP35tBPmfN-k5FHNLw,2011-05-04 01:35:04,0,Vegetarian dinner for two?,tip
_jkwrR6YITJ2uQxCiUrAWw,HgY0t2lcwWup1gFmrW4mig,2019-09-14 21:31:54,0,Quick response and affordable. Thank you star glass,tip
VOPzP_8d5PYY5s-KvYvBxQ,z72q87eAdpqtLVF4jOJeFA,2021-05-19 00:28:47,0,"Didn't even give me my full order. I ordered a large fry, not a medium.",tip
4ZXix0fQqG_QJn_OQN7YAQ,ZM9EQa_wvrcwTwS_E5giMw,2016-02-20 00:21:50,0,No. Don't do it. Just... No. Mkay.,tip
OYtzIHYsYuOX62ZwYt7_bg,qIua0jB42KN7txeSaZeAOg,2012-10-07 15:05:19,0,The salted country ham is the best.,tip
CozGguiwx7JEVk7cAwdvpA,iB2iYXjbovqoKUsV2TNReg,2010-11-20 21:42:41,0,Back the Pack! Goooooo Wolf Pack!!!!,tip
A-u6JVoKBih1MJiyObN9YA,QQ5HvRq_9U2Ch-9ijPeIFA,2011-04-27 01:34:32,0,Im at da bar wit K Sterling,tip
LLgLSSZeiU9paZy3ZXfXLQ,zgpexS4YHpC4i4kZDg1Xbw,2014-07-27 20:43:03,0,Great hair cuts.   Even straight razor trimming.   Very nice!,tip
3rsZCoTmr8EM7DwtGm_RsQ,od5yoX7MmEYvZ9l6Fsdpkg,2013-08-31 21:10:11,0,"This Target always ruins my mood - it's hectic, hard to navigate, and the clientele makes me afraid for the future of mankind. Oh, the humanity!",tip
jLV8xjqegJmH4C8E0GHpfQ,U2hkeMI-q4cS35QolJYN0A,2015-09-08 01:56:00,0,"Um restaurante japônes imperdível!
Só que não cabe crianças !",tip
dohE5StHw9FTPT9djbFrpg,LXIUiSsJHs9n5BGYcF2bAg,2014-06-27 13:30:18,0,"Expensive, service alow, airport",tip
CqxM2CP65Fga2dUIbeWayA,7yxSWppf3KiJ0sXAxJWU4Q,2017-06-25 18:08:46,0,Awesome winery!  Wishing this were closer.,tip
IUQxRa_PIVz4JjUIULY9Dg,j6usntbtSzFyuwx4n2mn1g,2013-03-10 03:05:40,0,The best Mexican in the city! This place is so underrated...I've been here a few times and every time it's been amazing. My favorite is the chicken in the lava rock bowl- I forget what it's called but its to die for - get it! The mojitos are great too and my boyfriend loves the michiladas!,tip
G-FNSbNJKHZEVmfNaZ4jPw,SUpQ7uFtXvdzgVubewMV8g,2010-10-27 17:17:24,0,Nice ambiance and good mocha on a hot and steamy October day... Whaa?,tip
bxPL2Tbw-ke7smVYTNUEPw,QTBdaWGptIqkIvh_LfVxnw,2016-01-01 06:16:22,0,100% real beef! This Arby's is fantastic and I love America!,tip
yNEuxv_oq2w2bVkMy7Gz6A,Z1BXJmTyQKhJ-C4lCBpAZQ,2013-09-18 00:06:01,0,Try the red snapper tempura roll.  Great. The chairs are too low. Weird. And hard as rocks. Don't sit at the bar. Unless you want to feel like in a highchair.,tip
7ISXEuIIQK31kTfidTmizQ,hVi4_rFTj0fsbfxa4X4OAA,2012-06-30 17:00:52,0,"Quality seems to be declining, but the gyro with fresh pita is still really good.",tip
3622LHGamP-RoANFwu62yA,_zMywXbTgbV7ml6xycl8sQ,2020-03-11 21:27:34,0,Ask for any of the shots on the rock . Cinnamon crunch and peanut butter cup -yummy,tip
spuPlJLvh-bzWpkxbQ-6LA,PuD-E-CH57TkaoMhrmS4qg,2017-06-14 20:38:39,0,Great sushi! Jingle Bell Roll is a must!,tip
lbmJbxxES77SNLhpwvF-Ag,XS7-OeTmDUwVVz1MSbRBRA,2018-09-16 13:55:40,0,A must try for a great breakfast,tip
l-ZATaGALtockbghxBVJHA,D8hXDsv3TG-i2dvzgY5kLQ,2018-04-02 21:14:16,0,Amazing place for jazz band get there early.,tip
4hmufMQSUZ9lqxbKbLU3sA,u_S84xiDCRJ3CV204CIYuQ,2016-04-20 01:24:01,0,Love this little shop! So many unique items and a very friendly staff.,tip
AlVM69TP85-2mHseZXG83w,oaB0PbwfB11R3O6y40zlLQ,2021-11-14 19:10:37,0,This business has been closed .,tip
Kg-I3Ucu48BfSznfnXj4Lw,gfDxVYHURTzQj2ex9nJCNQ,2015-01-07 02:17:56,0,$5 movies all day on Tuesdays. Arrive early.,tip
AGNUgVwnZUey3gcPCJ76iw,uNrcxIh3EOPunPg2cZ_aIQ,2011-12-17 22:32:47,0,"First time at the new  (I'm a little slow, it's not that new) shop. It's great! Bigger and fuller than the old place. Yay!",tip
PtQJtGIxnS8qsNXTCiqS1A,izrRlcMMXei917WAEl3s3Q,2014-02-23 18:16:08,0,"Okay mate!
Bloomin good food!",tip
zrKRir-mo1tsOkyZyaCX0g,VqTDgcll_F_bqSRJ2r784A,2015-02-16 20:22:36,0,Have the milkshakes.,tip
Xw7ZjaGfr0WNVt6s_5KZfA,lWPQeVAZInbNntRu6eFkbg,2011-02-13 05:58:17,0,Jambalaya pasta is my fave!,tip
hvNYWnw5rzrJhH15MWCf9Q,L-VNs3YquPGKVsXl2Ze-Yg,2019-06-12 04:51:41,0,"Great service, phenomenal food. Try it!!! One of my favorite spots in Stl.",tip
6TW_f3pcr6plTFlrwVTFqQ,iaafIEw37duSr5PEWlYzcg,2014-07-18 23:30:03,0,Called for takeout. They said 10 minutes but it's already been 20. The girl at the desk was a bit surly. I think because I took her away from her phone. Review to follow.,tip
3CP1tV3uqsfDvZV9xe4nrg,UU503tMXdZR4oDZXuoKuGA,2016-12-27 00:53:33,0,The Pad Thai is amazing!,tip
twBtM4E5z2h2ExqrChg5kg,teFjQxUqT8c-yxQdoILDVQ,2017-06-21 17:25:26,0,"This was a great finding. We were in town for a conference and needed to get a quick lunch. We went to nada and left very happy. The service was awesome, friendly, and quick, and the food was a great surprise. I was expecting to get a normal tasteless taco, but I was surprised about how tasty the food was. I would definitely recommend this place.",tip
dhcd0-vjumNzq9F1aeK3uA,KwJY9y6ss29PCkL52kRxzg,2020-03-13 23:42:53,0,Shamrock shake!,tip
j4AIOda888gkIKnX2QdVBg,MjaNcaAWUFCW0mpNL-ymmQ,2014-07-14 01:53:03,0,"The. Best. Crossfit. Gym. In. The. World. 
....that's all you need to know.",tip
nyVMucNs6I8N-COK18Ml8w,xs5gxwXz1QFlWy62XAH-9Q,2011-10-26 16:47:36,0,Interesting concept,tip
_p9_GXbJNUJLkieaOFfhHg,djtU6hvMyFN7emAJu9FvhQ,2019-05-03 13:49:12,0,Located in the far NE,tip
VHECF6IDpTIbqTNWFxVGPA,7YhP5rzY9iVb5tU25SdvJA,2013-11-18 02:11:33,0,I like the bagels,tip
4lXwcTkAaoZoO17y9eOljQ,UZcmazUpa0BBBzJ6dfueEQ,2016-11-27 18:18:25,0,Stromboli and cakes are the best on the menu,tip
gZcxXnogU1O-gPTbqqtMYw,8nsb8UFooviPKFaFfuPdLQ,2010-03-26 05:39:02,0,Higher man to woman ratio than Bourbon street during mardi gras. Quite possibly a secret gay bar.,tip
c88Hk7eXBNJrGOB_4his8w,J64YOG4FBNTKan3-K1d4kQ,2012-07-05 17:52:26,0,Excellent!,tip
TWtl1U4ZleVDt3XOEeMHyg,FcmUNJcTGpDUYqyFcjgu_g,2020-01-15 02:20:14,0,"Great gym, clean place, friendly spot. Highly recommend!! Cole & Ustick is my favorite location.",tip
bXmJD9Xcr8H1wgIkjC1Blw,yE9JBfdRUlDsKaAIn0yOAA,2011-12-24 17:07:08,0,Always a great place.,tip
VLiPlVxNvREQhbOs9soBOg,8fLI8HwccIfQWi0UyH-1Fw,2014-11-27 20:10:01,0,The dragon roll and mochi balls are the best.,tip
OG1plHx9jfsrojJ7qrN5TA,e4GIbSFHess2qAopZNzxMQ,2016-03-06 02:10:47,0,Signature Filipino dishes on the Weekends. Also Halo Halo!,tip
hV2zVpBRuUOLAiXywItJaA,FEXhWNCMkv22qG04E83Qjg,2013-06-23 00:08:56,0,"Very touristy, so if you don't want to stand in the lengthy line during the day, go late night and you can walk right in!",tip
xTlqpuuqtO0FWs12gd1v6A,fSi6Sqv8zjGeDSlm6xifbA,2015-10-30 08:52:53,0,Make sure you know which Nitza's location you're ordering from! This is the original location!,tip
M0AnYyp5EBMryhTNHR8oqQ,26107Pz4hjESgQ8J2c81rA,2019-09-03 03:24:38,0,Closing its doors on 9/14/19 :(,tip
NaSW4Ky6NlnmWOqAAOpUCg,jQBPO3rYkNwIaOdQS5ktgQ,2013-05-17 19:36:16,0,"Try the appetizer ""La Picada"" - its hummus, goat cheese, pesto, and roasted vegetables on baguette. All of my favorite things! Also an excellent light lunch.",tip
niEQONGvVodKN5Y2Nrnlig,CjPEJuX_MNDiCDjDTp6vQw,2018-08-08 03:07:54,0,Great tour with great details. Bobby was great.,tip
dDXjJOnRZTR2ce1m2NRtnQ,Oo2QSeBVkx8HJQm8SIL1Fg,2013-04-05 00:20:11,0,"Just be ready for a lot of hippie names for the food and the drinks. It's something different if you're tired of chilli's and the rest. Their craft beers are good, but only if you are adventurous. And again. ..service is key--liked the service a lot.",tip
s8C7D6o_KI199rZYSFWjKw,TUoz8J4ZBi-KNFQxrancZw,2016-06-19 19:56:32,0,Omg. So old in here,tip
bzNkUOSkqS9H3CWAPQTNGQ,tpvHimO4BBn1QMPQL02B7A,2021-05-07 18:21:54,0,The poblano sandwich is just awesome. Get 2!,tip
-y5p3QWc-NROgfQWd9jc1Q,c_4c5rJECZSfNgFj7frwHQ,2011-04-02 23:16:33,0,"Nice airport with lots of natural light, work station space, and free wifi",tip
BQv1B4ShYGg43J-orpzpog,hqBBi4zZalo4r3xZNUHLXA,2018-05-12 00:24:29,0,It takes forever to check out even when the lines are short. Bummer.,tip
Rvedsi64_OHZpvLCyFy45g,5Apcp9iRdnIG__iXIEnILA,2013-07-21 06:50:49,0,Electric Run base!,tip
zELwtjWxnYXVAzOu82Xw1Q,SyrELEDXKWjuBM6Pekx9Fw,2013-08-31 01:01:38,0,"The bartenders are always fun!  Especially, Ed and his fantastic music play lists!",tip
EMMKdK1cGrLSo08wgSYHJQ,F3ofKZz8ovYT4d2IxEdxfQ,2014-05-03 21:16:13,0,Speedy!,tip
AFLID_qyrrbEepehgVvbSg,urV1Ir6TCjSNx_Cvfx7xbQ,2021-07-20 21:43:01,0,"Radical Fairy sandwich, on a sesame bagel, was delicious and exactly what I was in the mood for.",tip
Wmk0OzoXBeFh3DUj4Zj9yw,7RVde_7MH_muKQuoc_8xIA,2015-02-14 16:10:32,0,This place is echoey and loud as more people show up... Its best on a quiet weeknight.,tip
06p6I8USw7-MOawGnpk09Q,lTJILVJzVZOk-lEwq1AShg,2018-07-03 08:12:37,0,"Called for routine maintenance.  One of their service people came out and told me I needed a $15k new system.   I put $7500 down about a month ago and haven't anything to show for my money.   

The owner keeps saying he is going to come out and look at my house, but avoids my calls.  In the one conversation we had, he claimed he has been busy.

Will keep you posted as to how this turns out.",tip
oeE-A5X20Q3LpAm9ExSMVQ,mW5b9oL0zuTMCt-OftPXrQ,2015-07-08 20:46:11,0,"Typical generic pizza or as I say ""kid pizza""",tip
JK-wIl3X6Odh_4932bGENg,q_PFmdGcKx2H7z2ze8H26w,2017-02-08 00:12:15,0,The atmosphere is lackluster but the food is amazing. Best cake in Tampa!,tip
JxA595MQSkNqzSfMXYWatw,ZLR0o9tuGaUAdrhJE2z69w,2012-01-22 19:19:38,0,Too loud to study,tip
HPT6-J8EodQe5Tj8Hlb34A,ebjExMyGlSfz_JXwvBa27g,2015-08-28 00:42:09,0,Excellent madras shrimp curry!!!,tip
k3L2XLZLRZBdP_kEICx9Hw,d9xIiW-1Ns8tB3sjaBYTAQ,2017-06-29 13:23:28,0,T,tip
yktel4xfV7F1ymGd9nUyzw,QFzfm7Xe8i_7M6oS08c9YQ,2019-01-01 10:28:52,0,"Ask for Fransisco, he makes the amazing experience even better!",tip
ygDmyGtreoGer4UeTmBljw,o37egH3jB6egfgCbHIdoCA,2018-02-12 06:46:58,0,Ordered garlic knots received overdone garlic sticks.,tip
hRAE9AqUXWcBTzAX-fOQfA,A8ivmB48-sMd4eBwIErs7A,2014-06-02 19:49:19,0,It is nice and I will come back.  Would like to see more mom and pop shops...,tip
Vix_wF49zbkxvl4_T-YlfA,KQctPnwwX0YRbrc7CCdOLg,2021-09-14 21:19:04,0,Best chinese around. Sorry to say they are now closed,tip
HXLck421YzGQRbWAKdb3TA,gjCxTVItFxk46rCZ-YaiFA,2017-12-19 20:30:15,0,Marks Panini,tip
6FySm4PdV3NGSpxUCCJhBg,wxJwNCV2oC5Tnan8rzi9iw,2013-05-25 16:43:54,0,Inventive meals,tip
PYGraql_cpsl7blyZFVJZw,J0joPXxmN-_9Lzafspqdbw,2012-04-06 15:14:51,0,Three days in a row. Get here before we eat them out of food!,tip
oNd8dzjW7ALm-YEs9BCAHQ,k4cCVRN6CH57RVPRXis_vA,2011-12-15 00:00:07,0,The highest priced thrift store ever! There's also a separate furniture store. Too high!,tip
LPQBCLsfVVjZh_TbqRqGWA,HoKH4Rk7wHfVT-60aYIYwA,2016-01-03 02:39:34,0,Nice place... Too bad the Food and Service sucks.  @NativeGrill opens across the street in 2 Weeks.,tip
ZBvsrd9Q340RJT7XswhnNg,WzpWEuVWY-6Xh37wc44GiA,2017-07-07 22:15:38,0,Amazing food and unbelievable atmosphere.  The service is over the top!!,tip
G9P7PeTvbUUyyZlPI6FL8Q,-44U8OogWPPQk9NA6NZDqw,2017-10-27 09:51:25,0,Breakfast is not that varie,tip
jyC0RQm0A63vnNkLqGbqbA,iVZ5Owx4RnOnkx02NvQ3nw,2011-11-11 23:43:52,0,Yummy!!!!!,tip
OUI0sn0Nd14135i7N4Mxpw,e-fXMT8R3j7BKMTh8xn8aw,2015-05-17 19:18:24,0,"Great food, wonderful option for the area. Delivery is amazing in the bywater area!",tip
DvWM62NWf2MV1EpN7T8S1A,YzcchXErwyb_8FL6bVPwEA,2011-07-13 19:01:25,0,Great hang out joint!,tip
oW4FeeNGimZy_BxU_lCE0A,HA9WvYJHhCV1bYUrSFrylg,2015-11-23 02:25:43,0,Except they are closed pn Sunday.  Always call ahead and make sure they are open.,tip
srs8yrU58cjpMpeV_XJI1w,54PNfAT0kCG3JLgGOojc4A,2021-05-14 02:20:52,0,Great little spot with a food truck vibe. Really enjoyed the tacos and margaritas,tip
InAxc7vu5oplvRw0Wsn23A,SsLpA8PaS7CUidE5o6VoEg,2016-02-26 07:40:27,0,Super place.....Super people.  5 stars *****,tip
lJmR33nfDJc_RTFqTV6L4A,ysWG1Hwm21UWCSlc_frXBg,2013-09-02 21:50:29,0,Try their Bang Bang Dish,tip
qmjoMFMZdLH69_6eGTGDZw,XmEvoFqSKl2tep3O1RbI-w,2013-03-20 16:28:26,0,Do not come here if you are in a hurry. We have been waiting forever on our food. People are getting grouchy and I am starved!!!,tip
ZJF0_0NvbZZxJOBE411KFA,ScXJHSCceQao6K87VK199Q,2011-03-17 01:48:15,0,Yup!!!!,tip
xROMm5mG2B79n6XJzgdcwA,L7cO2qZurrt-7SLl2oDSrA,2012-11-03 22:38:34,0,Dragonfly Impwrial IPA and Genie Mac. Great!,tip
Ye-9S8f2dt41UBfy4lXffA,fe7eSTgPaPXyIL0ziRnliQ,2011-09-22 23:40:47,0,Hooray for local markets!,tip
6r1Gglv7qE70G6hwrV2A_w,j0nfkOogyh43lFcuUMlVsQ,2017-10-21 20:49:09,0,It's out of business. I'm not sure how to revise the Yelp listing. Please update!,tip
1bjo-xG3tKF5rQjRx5zW4Q,N1b7klC8nmGJHtrw3D5h7Q,2014-07-22 14:51:56,0,"Sadly, closed.  Bad weather over the winter did them in.",tip
Va7-8z0W3aRu9Shor3Z6Dw,N7MyXRAC47vldNJQZyWDtw,2014-02-22 01:13:21,0,Cat-Ah-Pilla Roll !!!!,tip
lZ4-GZEhqI_Eo7ansLAo3w,6LAp-gSP9Kk4ZvxijXaxIw,2021-01-27 05:54:05,0,Favorite sushi place in New Tampa,tip
I9Qscn-UTiYF0fjnsUw4kQ,xNd_x23g7wiGAjmm5HXfPA,2011-06-14 15:35:08,0,Viva la New  Mexico,tip
9n7RwTPN_yjSBypKt5Ipww,Vj0jzyB8V_aZ0X7FXIZzuA,2015-08-09 23:20:37,0,"I think they need a secret code for people who walk up to order food and already know 'it's vegan, it's not real chicken. I get it'. Maybe we can throw the peace sign, which looks like a 'V'...",tip
CJn7oRJF426gXNd-c77lGw,Ju387TbKcIby6dPCULEiBg,2012-08-27 00:27:27,0,Not very good.,tip
gZcxXnogU1O-gPTbqqtMYw,uj-Mcg5s4B1cLHaqOul2Zw,2011-06-23 17:35:44,0,So mediocre yet I keep coming back.,tip
DQLIeWYj1YVQbxGDzw9Scw,-Tskf8WK17rb3ZfeFuRSWA,2012-07-24 23:39:31,0,Great happy hour choices!,tip
iAQp8LT5jCLz43bv2X6oFw,CLrVFkXQLuXaHA7dJEHZKQ,2017-05-15 00:18:49,0,Closed when they said they are open. Not bothering to come out of my way again.,tip
Y_oNFOjxXv-1IWI_qEW1OA,eX1y-liKYdbpX0urIWMiTw,2019-02-02 00:06:04,0,Great food here & friendly staff. Try the fresh mozzarella sticks & paesano pizza! Both amazing!,tip
fCvMnJU1Z-XhAjKg99wK3Q,GRRMLWCU388_tfvpKYOM9w,2016-09-28 10:44:10,0,"Turning one this Friday, September 30, and to celebrate they will be offering a $40 prix fixe three-course dinner plus $8 champagne cocktails. The kitchen is open till 10 p.m. and bar is open till midnight.",tip
xr9vYNV6mojuewQz9xsd6g,_zzNQl6ImFw_B64cSdaoGA,2021-09-17 00:46:29,0,Good food and friendly service.,tip
Qqg4fBUsMsm-rIVb4ePExw,0gWWsmXo7oqcRLWh2vcDCg,2014-06-26 21:53:06,0,No craps table in Arizona.,tip
K7Kj__P--LG_2qAUpKWoYQ,yPSejq3_erxo9zdVYTBnZA,2013-04-25 00:00:21,0,Too good not to try! Get the guacamole.,tip
wKUrAHImy13q1CdTp5-iaw,rAMlyZQe5eFrdLRVQfY4ZQ,2011-10-23 04:47:04,0,This one is for Pam!,tip
D1QJ8SRAldoHir-266c8SA,Wr5TxFa-9KXytp9VFm0NZw,2021-06-23 00:35:19,0,Be sure to check out their bargain room. The best deals for clothing is in this room. I scored a new with tags blouse for $2!,tip
xLrlSRTc2OufeOYc4nb-Ag,4gszBjoouIzfi1ltSQZ2BQ,2014-07-05 18:37:08,0,"I LOOOOOOVE wings in general. the cider wings were awesome!! juicy yet crispy, not too saucy but covered.",tip
PdQDN6EFHvIx4FtjNHD6yg,bG8S3XJPuISoN0LG6uYSgg,2019-07-04 17:10:44,0,"Avoid the guy that calls people ""boss"" he's a total pisshole of a human being",tip
DdGnqloDKgNkFtrETTK87Q,wPQWqLxY6t3-yRBNPPAmkQ,2014-11-06 04:04:56,0,Appreciate great beer.  Try food specials.,tip
T2ug-8I_kRo8EtuObKoX6w,NiljjvbIIzQPxIPqeLLg2Q,2012-10-01 19:35:16,0,Their lunch specials are wonderful here and the food is really decent pub fare.  Their steaks are also great too.,tip
2OGgx4d-2R0Rk_dZ5HBpNw,ytynqOUb3hjKeJfRj5Tshw,2014-07-28 13:00:40,0,"Great food, great variety! Great for people watching!",tip
eHALrqFUZqGvrg9vvgrOTA,PkwYdhFuoL58waqvTgqTJw,2016-09-02 23:01:56,0,Solid Chinese food. Delivery is reliable.,tip
xoILjQ8sljRPUzdRqKTQmw,1FYdMkv1bc-sKUrjalyKxQ,2021-05-21 04:56:32,0,The best donuts in Tampa.,tip
yzpwHgsX1OEJFzt1w-frBw,oQl9X8cK3BxpLl6hN4u-xA,2014-01-18 18:39:13,0,They are always fast and efficient.,tip
YlWqbKfRinSudpLlgTxKbA,e5YAed0VGfePTkqWCk-3-Q,2014-02-10 00:54:38,0,They ARE open on Sundays despite website listing just Monday to Saturday hours.,tip
APuib0CQNsVFyg5HLsXyVw,pUlpCJBYR7chLMMUKA5Ydg,2013-08-25 03:18:37,0,About to check out the BrassAholics,tip
1NMvSylQx7yXm0B7Jk3XfA,t5RIuLUvE5fxr0TaRWxeQg,2012-10-22 11:41:25,0,"Food ok, but service was terrible and atmosphere was 'flat' and the waiter's heals clicked all night long. She seemed drunk as well -always in our face.",tip
yj_Foz5GlXNoAyeHndr1cw,HhaL0aFNFXsxitfL4E7upQ,2011-06-16 21:41:47,0,Silverliner sighting and a cop that looks like David schwimmer.,tip
cJ7EsBomKWzKFLjauxeC_g,6ixTweh-QM88GDrHTjegGA,2011-02-01 15:01:46,0,Wah!,tip
fm9MatwV-XY1Yj-SUMA6Yw,XeBIWRfUAe4ofTGC2AgfJQ,2018-04-23 02:04:03,0,Terrible coffee but the free wi-fi and location is nice.,tip
dWv0NW7hhQZBCzsxgB7Tag,PP3BBaVxZLcJU54uP_wL6Q,2010-08-12 23:47:04,0,"Yum!  Just remember to get it ""wit.""",tip
sraTrYU-7q_bQ0TxQrLJvQ,4UYCQSug5tTFPwPa3RGidA,2017-10-05 17:40:47,0,"Google's Pixel 2 is exclusive to Verizon. So T-mobile said ""if you buy a pixel 2 from Verizon or google and then port the number to t-mobile we will pay off half your pixel 2 price!! lol",tip
HjXRgRdVcF2IE_wisjVa5g,tc6jKQiRjFO2M7BylwHVrg,2019-01-27 04:18:43,0,No complaints. This place is great. Try the duck!,tip
L8hLjEg0uKQevma372IWZw,G9ez1w58i_ReNqnlRoSpBA,2010-09-18 00:25:47,0,Now have waiters,tip
iAye1z7svJLPxGzMbHyZSw,5x-yqebIg-roLvjx37hTTg,2015-06-19 23:39:12,0,Worst Sicilian pizza I have ever had in my life.,tip
oAhoFRRKomodbIx8jtKmKA,FSTmzo0beEVMRMSArcp4fg,2013-06-15 17:44:07,0,Great salsa bar that includes fresh cilantro,tip
mIHnZW5UP0vWCw-AZR23aw,cN2w2eM2BUQ_uJ1CaRKcAQ,2016-05-04 20:51:28,0,Excellent!,tip
SpO4fx4cArtwbSQkWu5iQQ,qa0LSF3qMsnxFRROeEQaXA,2018-04-20 22:59:48,0,Snoots on Saturday.  Sell out quick.,tip
AaJ9d4OrFmgc4S_U2QiSZg,W88TGPXccCsYPiLSTDjrLQ,2014-08-10 01:13:04,0,Aleve works wonders after AIRobics class!!!  :-),tip
ADohMwMk4a6oe_AYvSIY9g,4ADeBcc3O4zmTrp60H4O_A,2013-03-24 16:56:35,0,Good tasting cheeseburger and chicken wings!,tip
OIBemHnM5AnNLCoShv9GDg,2CRA8cPZFmym0ah-junNcQ,2014-04-28 00:26:45,0,Great local brewery. Good beer and growlers to go. Pulled pork is excellent.,tip
29iHfQysJu-a324U0uV8yw,5vNalmeJRlPQR0HGfyCq7A,2012-03-14 22:47:40,0,Best red sauce anywhere!,tip
u3OCn-7UTb2g_zIRXwrJdw,tqUQHX7gsWK2d2rsUuUUMw,2012-11-13 23:14:30,0,The staff here is so friendly!,tip
67brFulhSRppWNnZ3A8HqA,3DKGhJXrqhVOQGFNiSp9Vg,2019-02-18 16:03:27,0,This is right next to the Trolley Stop near Jackson and St. Charles street.  The streetcar stops in front of the store.,tip
juigu8XxwzLAeikeBzULbg,t3yNTcIYyCreySnwVl5tjw,2012-05-12 18:54:53,0,Mary poppins sing along!,tip
phKNHTaokisQkZ7qQbxryA,CPFKi2lZJazP6IdtCdDDyg,2014-06-08 01:12:53,0,Pastries are on point.,tip
v9_KLAjI4KfvOCd5BiXqLQ,_oCnVb-dCFLSItoohXqZWg,2021-04-09 08:13:43,0,The best shoe repair in Florida.,tip
StahzoSd1WfofsL90ZtLKA,3ow66MiTd-qSko4Y123aRQ,2014-03-24 23:00:22,0,Food is ok but service is bad .  The wait staff had a very bad attitude,tip
smKxgWuny8A77Usnq9hkAA,E7SlvdbroVK7Nr6UO2ZDbQ,2017-08-24 23:10:23,0,Don't be fooled by the Blind Onion at Greater Nevada Field. Same pizza but not nearly as good.,tip
kGcOm79WV6KA3r-W-bnNnw,NtHK9CYFU4urjKG8M460iA,2017-08-26 04:55:35,0,jesus christ! wake up people. this is a puppy mill.,tip
U1tTpdtfTdYgfpo5JH_8cQ,FnEkr6LzjuGsg93Z7fkl7Q,2018-10-01 21:33:36,0,"Go to City Tap, it's so much better (food and atmosphere).",tip
CwCDFofbVuY2RGXPUws_oA,d-9vXGzbI2eZAJWKb06h3A,2016-09-26 01:28:49,0,'Best place to listen to live music in town' - only if you can hear over the crowd noise.  Seems to be just a drinking/meeting place for the young crowd.  Very disappointed and the place wasn't even half full.,tip
EOt-ccd0PAatxWvltIdh1w,jwGGsDKKOsrLjncBtDnHtw,2012-07-15 02:44:52,0,Awesome belly dancing Friday and Saturday nights but can get full quickly! Amazing food!,tip
lqHAb35BIqVtPAWz2QEb4Q,ZwwqYNpruM6g2zGC3wcHdA,2012-01-21 16:14:13,0,"Not sure you can still ""get a good meal"" here, but its the nicest Y I've ever been to.",tip
M0yjIgcd4djYXZ30h3iwmg,FmeoZuSHiV0eFrd5mF9DcQ,2015-11-08 04:28:58,0,worst SandS in stl,tip
NZBGDl6homLMXYTNfIccrw,MWWtxj3R0WGqPzZg1uFmQA,2021-10-28 23:31:17,0,So disappointing.,tip
eQrE1TBMR51A9lMItGDa7g,POn8Xzda_26vDYAmaEJMQA,2013-05-10 23:02:15,0,"Good WOD, helpful coach for drop ins",tip
mtbgOS4lra7vtP2RmqBKkA,7NA-PbamOUFaBh0MfUGy-g,2014-12-28 20:30:57,0,"Great USO and staff! Lots of TVs, food and places to relax. Convenient to the entrance and airport exit!",tip
ZFMCV7aa-QKd2338kmNZQw,pk8qkVzhj2M3O3CEiv3veg,2018-12-29 21:15:42,0,WiFi PASSWORD - coffeecoffeecoffee,tip
juigu8XxwzLAeikeBzULbg,XnQ84ylyAZwh-XfHGGNBbQ,2013-10-29 22:07:58,0,Fried chicken!,tip
7JgENga1ipXXbPYhIz72sw,ZB01VMnBmMlMem_6OtrQmQ,2010-08-14 03:16:40,0,"Not really my thing, but it's ok.",tip
xPFWf4Zq5XuWldHILlbYHA,mY4i1N0Hm2fjIgU0Eyn11Q,2011-06-19 19:48:11,0,"Good food, good service, reasonable prices. This place only hires nice looking waitresses:)",tip
F80IFp_O6R643ckUnc5CnA,zaCX8VFkfunbp3yH60Zg_Q,2015-12-13 19:55:36,0,It was a decent experience..I mean it is Mc Donalds (shoulders shrugged),tip
K96aGrFFqCQ6NNTagPXs-Q,o1VvPlD-NNXLsnQ8cDuc0A,2012-10-18 02:36:32,0,Best wings ever!,tip
5tvH5oWGe6QjZkjR9NEqkg,dCeTVlqzHQFvvZ05VZUYiQ,2017-04-16 15:26:25,0,If Trell is your server-move to another spot! Lol,tip
VB-C3v2LHqrcx569jWPvQg,6bfas5osLwyvyWcwwDg6XA,2012-08-01 01:30:53,0,"Great food, love the Pastrami Burger",tip
wy-fPpyMhw72F_uErtWQXg,564SxwIj6xXa8QRApKew5A,2018-05-16 16:50:40,0,Delicious and fresh! But can get expensive,tip
bbu4H2r_LOHn2UuOSgROug,-kHHi8y4kaTI6WUVdJSdvQ,2019-07-13 20:04:22,0,"Stick to what you know: root beer
The food is just disappointing here.",tip
ECMsZOgEvzvd4aNtXoKTQg,ehnMcJZlx29XMroxMd3-mQ,2014-12-22 00:24:46,0,5 stars Loved this place. Went to it based on word of mouth reviews from several friends and we were extremely pleased. The lamb tikki masala was so tender it literally fell apart in my mouth. Best Indian and Pakistani food I've had in St Louis.  Comparable to the genuine homemade curries I've had. We will definitely be going back soon!!,tip
Dj77pkw_EZJvR-F4RIf_BQ,CPFKi2lZJazP6IdtCdDDyg,2015-04-17 02:50:28,0,Michael's recommendation =],tip
aJq3FuHLai8umwH4IVWr8Q,kUA0QeW4GFicTaULa-chlQ,2014-06-01 12:46:33,0,No wifi but as long as you come first thing in the morning you are in and out pretty quick,tip
a-b1qKkU0w0CUdWetmCvDg,gJSNa1bxwtY0dm1t-dh38w,2016-06-11 04:24:43,0,"Want a tip? Don't eat here. It's one of the worst restaurants I have ever seen. You get the same food in Panda Express, except it's 3 times as much money here, plus an hour wait.",tip
2jv_2BgGoGUNe9M88hMQaw,ELY0HI8GDEx0jkmREVna0A,2013-02-20 03:21:29,1,"In the winter months, the apple cider is great- with or without schnapps. Also try the hot chocolate. Add amaretto if you're doing the grown up thing.",tip
AjbsvlSX4772r3XVmwn_Dg,c_4c5rJECZSfNgFj7frwHQ,2010-12-10 12:43:33,0,Love TPA! No body scan or pat down today.,tip
iEW0aueSU72IKXw_A9ev-Q,HqgMCVe-jvlP0kT93M_5Sg,2014-10-25 19:59:42,0,"Simple decor, seat yourself, but the food is worth it",tip
klIjbL3rNIh7kmFVLK3ofQ,vP_Rkh68ohANnCL-nXED6Q,2016-05-08 23:30:20,0,"Wonderful food, cocktails and service. Urban Industrial design.",tip
8wYt2OfdHwpe2eaP2Z3Qsw,ka-GZEjFKl8lmDXlZPftoQ,2013-03-04 13:51:52,0,Cup of joe new place,tip
d68bBzZwMX9tH1tNM8zCgA,ayrKCuN81UEUduBhZJycXQ,2013-10-19 22:05:28,0,Very clean. Not as many flavors as other places but lots if toppings.,tip
KJOEC2AIKycmg1qVvT-_Xw,l5uDWVMzU0nfkWC_x33CVA,2012-09-01 22:38:16,0,"Neat and random selection of mid century childrens knick knacks, games and shoes. Plus beautiful jewelry with reasonable price tags!",tip
wRpCYk3zuUlTqDZpwhBbRg,UCMSWPqzXjd7QHq7v8PJjQ,2017-06-11 22:35:33,0,best brunch place in town. would recommend to anyone visiting,tip
n9zs_6P1ibSg2XUj2Trn8A,Uekr58xgdLusfSRGiTk-PQ,2011-06-19 17:52:47,0,Great cole slaw and the roll ups are fantastic too.,tip
wyiJbtbGmIPOhKO3rHUDVA,t-abv5g6bjbYwLerN_4VKw,2021-02-22 18:57:15,0,I love this place. I get sushi and a volcano bowl every chance I get.,tip
e5edMLIPlwo6HmteIfPU0A,IKMAgK2m6WRIViVFB2vAFQ,2013-11-11 04:02:22,0,"Today's drinks are 2 Green Milk Tea, Taro Milk Tea!",tip
fVOhsquu01JzFvbJdK5ESg,XnQ84ylyAZwh-XfHGGNBbQ,2013-05-14 21:59:06,0,"Well worth the wait! Best gumbo in NOLA! The best fried chicken you'll ever eat, makes Ellie Mae's look like KFC!",tip
mL4SukhhCO-xlGVgO4joeQ,uFu73KlTXu9fonjMkMwYvQ,2014-05-01 01:43:59,0,Fabulous wings and great salads!,tip
Q0MehSQNivqQRc3ZTrKUbw,q5hWyVx2NfaqDWvdlLTG8g,2017-02-10 22:21:30,0,"Good food, reasonable price.",tip
6r179RwRAXfV04yaVqORFw,OZcl2HOUXAHuICrh5d2WjQ,2015-12-05 14:26:27,0,French Toast! Do n't waste your money on the bacon...,tip
5irvqJS4pq27rOYLyjzBDA,g33s03KL3BTPgTPg_6r_Kw,2016-10-02 01:52:30,0,So good.  Trailer Park Thai is a Nashville favorite of mine.,tip
8tc8efh01b5yYyoNCGtVvg,15wZXW7U8zDZdbPy95m_Jg,2015-02-13 03:34:30,0,Noodle salad is delish,tip
LwZJFLGxQwjjeOgpqTJnfw,EV2vO0cs_zQE5bkcfEi0qA,2012-03-08 00:46:05,0,"Great work/study/caffeinate/people watch spot, as long as the wifi holds up.",tip
l_5iaa0MREofT7KIZIH4ug,F48wjJ_jjEz59Prh20XhRA,2013-02-05 02:26:30,0,Steamed buns were slamming!!!!,tip
5FF3dKRIldhf39dFDJWRbw,-H-fZonTLitwHFY_PLAIjA,2011-08-13 03:24:34,0,Pizza is kind of a soggy mess.  Glad I used my 50% off axxess card deal.,tip
F_5_UNX-wrAFCXuAkBZRDw,lIU2BU8iWOoXBXaxdy7V_w,2012-07-01 17:06:34,0,Grabbing a pick me up before we go go.,tip
zOg0wEW2adv_vwuYt1LHOw,2CRA8cPZFmym0ah-junNcQ,2015-08-23 16:54:15,0,Get here as close to opening time as possible  (on Sunday). Opens at noon. Swarmed with the bike folks by 12:30P Share your table if you can. Pay it forward.,tip
MfkwTeH6YDIGi5FTuSiM2g,iuf0jF96JYXd-Fc3exqeBQ,2016-06-26 21:34:06,0,"To all my previous customers, please know that I no longer work with Bob Hyps and that I do not wish to be associated with him in any way.  I am still in the process of having my pictures removed from his company.  If you need my services please contact me at 727-422-9062.  Thank you, Max Solon",tip
Xi2ImG6KbI8u3dSEGWZ-ig,E_jnzr_iuZGeUeP-5VMi2Q,2015-10-29 15:09:57,0,Tina is the best,tip
GNUgmQvFD4iPQp25rh1swA,IQQt-EKnpfV9gbS7v3GPUQ,2013-11-13 04:03:36,0,Get a side of their house dressing to dip everything in. You haven't had dressing this good anywhere!,tip
NPXWpXMIVg26i5kAuu5reg,ixPTo6Hum7nNZ7A4VPhTXg,2013-04-23 19:55:22,0,Happy hour oh yeah,tip
bDCCzWxv2fU-z7eeaFzKxQ,U06K56fiCWYTtktwQkZ9TA,2013-06-20 17:56:11,0,"Chicken McNuggets & Silly Putty have common ingredients, but not in other countries. Thanks legislators.",tip
EvZRcQW3HcKfi5f6IqA9Uw,9EdwXboN2XymK0HxLFNLrw,2010-07-28 18:57:19,0,I love this place!,tip
xNdBthobV1VJEgMstjBNEA,ZDV6ocQSe6dkMt-u011xcQ,2011-02-17 01:49:54,0,"Awesome food, and great service",tip
OlTe0RrJZ2dJKzO3e-igyg,pPAhZTrQN8X6Thh-5pi0UA,2017-08-24 20:56:22,0,Good gas prices and good drink selection and don't forget cinabon inside,tip
qAO7bAAji2W7WJoYIb5FMw,lS1dmSXpAtQqT04eRm9kiA,2014-08-06 10:39:05,0,Soooo bomb,tip
c-4gKqV3sSnnDlGJDBjuMg,PwbeSKSCBnqXJlAxEaUrnA,2012-04-15 23:15:07,0,Get the margarita and Queso  dip. Best ever on both accounts.,tip
0wJWBBPSO7hr7m8mSqap0A,8O35ji_yOMVJmZ6bl96yhQ,2012-07-12 20:11:02,0,"See you later, cesspool city!",tip
txB9gBxBzN8yHTffDE5iNg,-AWclhh1_2VnqPylPgBU3g,2019-06-14 00:09:49,0,Consistent. Good food. Always fast. They have great training. Never get disappointed.,tip
tk5dldLyZye4rwtEbnyJoQ,6bzk6tP3jpmZcn6YKSroSg,2012-06-02 22:43:33,0,Creamy crab soup makes a great salad dressing,tip
Sr9wiUBT0QcTIgsKoN4ZzA,_O4ODcdwtL_XH_eVOUf7hA,2015-03-09 22:08:52,0,Breakfast wraps are good,tip
kkvOgwLTV8IjUN8hFtJ1Lg,eX1eHyJ6iYD1rzfzEox43w,2013-02-14 14:37:27,0,"Their buzz latte had 2 shots of expresso, strong but keeps me awake!",tip
he8LhdfeGnRUDy5QMqUUJA,ulPdxRW3B6YAp6OXMWDkuw,2014-04-27 19:46:13,0,Can't add tip to credit card,tip
FjqLcTPclhJbnbMrbTYIgA,TRpIVZlPEShnO8hzJr4dcw,2014-01-20 21:39:57,0,"By far the worst mexican food I've ever had. My daughter and I went there opening week. I had chicken and cheese enchiladas that were made with American cheese! Also, looked like cheese whiz on the nachos. I mean, it's a chain so my expectations were low, but this place is to mexican food what Pat's and Geno's are to Philly cheesesteaks. AWFUL.",tip
wqXauVHaIR8bQUirR889iw,dzVk3EolCbAZKaTmVYosGw,2017-08-12 18:05:08,0,Great service and delicious food! I loved the Calamari !,tip
wcatXO8Ar3oyGVcQlnrngw,aJzuFdUnxwhESwAnsegR4g,2014-07-27 23:14:05,0,"Try ""That One Roll""....  Unique and delicious!",tip
KKHhOGkktJbwwCSdSl0nSQ,IO3apWfFnKPO2XRFmGfTEw,2019-06-01 21:09:39,0,Very tasty.,tip
VwdIIuLknCi_7bq1mnGrIA,-kHHi8y4kaTI6WUVdJSdvQ,2019-05-19 23:40:10,0,Poor service. Messy.,tip
hwfks0UQI_Of-LodeXkDHA,jJ2tHIwMJkUTGJpATeR5gg,2014-08-15 02:06:09,0,So good it's busy at 8:00 pm on a Thursday night.,tip
T__CyGS2hC3fq51vGXv9YA,s93SZLFNiQV_uKM_HCF2ew,2017-12-11 23:35:40,0,The hotel smells like rotting food in a freezer.,tip
5OfjfcOjxSVuQ5PC7zc6Mw,OCzo8T-76iJ_QVB2UX5SEQ,2014-10-04 18:47:07,0,In the back of Erin Rose bar,tip
EFEBm0GcgF7aflpMoSopkA,DsKm53QrsVk5GZ9QgYQmyQ,2012-07-17 11:44:26,0,Egg mcmuffin time for pop pop 2 for $3,tip
Cey5M9DtlM4A_O1t-aAR0Q,E7PBGs3fiZGyjcriapKcfQ,2011-05-15 21:25:48,0,Plenty people smoke because it is outdoor. So pick your seat wisely.,tip
rk5AcEw7wb8pdYvbyKunKQ,rYqmaOIULRouz_1db07OdQ,2011-11-07 00:25:26,0,Portions are huge!,tip
WaZhEaadNGLsZ3VhwnjjQQ,9op3_FP52RltdI5vPotDGA,2018-01-30 15:28:08,0,Clean environment with plenty of cardio options,tip
_EIuMqvlS_HRUKk5CKzM-A,W3gP7qMcwHUpz_hz69L5vQ,2019-09-13 13:10:25,0,Be sure you grab your drink from the drink case before sitting down to order! The restaurant itself does not serve drinks,tip
_z1jqX9m6lK6Kb16IhIwrQ,XnQ84ylyAZwh-XfHGGNBbQ,2018-06-30 03:25:28,0,French fries rare A+,tip
YpoM7RgWRvSTQe2Ln5pKGw,OV99XlJv_jrAW-SDvs7OUw,2016-12-03 21:04:59,0,Perfect dive breakfast spot. All they need is a Bloody Mary for the hangover cure.,tip
Kd90cqroYtW6pk8-zhCBJw,4nDVM0XqWrcKQbMYlXDWCg,2014-06-29 19:51:20,0,Try the poutine!!,tip
CA2zaAMbV3F9me1xbSvLUw,3YqUe2FTCQr0pPVK8oCv6Q,2015-06-15 01:42:09,0,Really good Cuban food and not bad on the price. The seafood is amazing and fresh.,tip
6Vjhb0hRoRGUZn8fV1fxTw,2Q1R2OhBbAQ581vK_r7NhA,2011-11-13 22:24:23,0,Ooka!,tip
xYocRT8FfOj5tjO64-X7hg,DwxMfYlv9L7HQEwCaiw2Xw,2016-06-21 21:43:00,0,Literally the worst Chinese food I've ever had.,tip
FuHrIYl5tnE0HWdgnIENng,YYqRjbCVyoRfTV1R16eqxw,2017-05-30 20:53:36,2,Notice $5 minimum for credit cards,tip
3FPchSoVF4lQrk4dBAEBqw,w9grvGu-5bHNucOeReHzfA,2013-02-23 04:11:46,0,They have purse hooks at the bar!,tip
5TQsraJ-U1PStq1UbeS_kg,E4v4Oboz40aAzj1AMvklwg,2012-07-24 16:07:14,0,Check out the daily specials. There is not one thing you can go wrong with here.,tip
CozGguiwx7JEVk7cAwdvpA,An8XTQa31kRurc_r-3bsLQ,2015-01-11 03:02:22,0,The best bar bites menu in Reno/Sparks,tip
m59onJLi9I1PCYWqy-y_AA,-gDkE8UgpNuD0wJUESH66w,2015-03-26 00:38:26,0,BOGO pizza Mon-Fri for Atlantis Gold+ members!!!,tip
bi76Ih6tRv-ghYWFCJ0dag,2i6DI1RBQIaD5DxHYHot7g,2011-01-29 23:39:42,0,Car show!,tip
Z1OPkLv4gPt3NnxcZOfWrg,aWy4lYji5BOdQk473z_eXg,2020-07-06 02:25:39,0,General tso Shrimp is a must try.,tip
1JtpcHELRrSDoWS80WtzuQ,8l1VfyDv9yxDca7INFBKuw,2013-01-24 00:25:19,0,Devour downtown? Try the chicken souvlaki special.. It doesn't get better than that!!,tip
wJ57oQxkmdN2Milto9nOmw,9N-VuWIyXdpLtbKmbCNVwg,2018-02-25 04:27:43,0,Avocado shake tastes just like a avocado. Not sweetened enough for my liking. For $5 I should of went to Juice bar.,tip
rJn1WiFolH254Q1htYRGMw,8VmEN80jiKElXveZ0xLehw,2018-12-03 19:07:49,0,Not sure why they have a $10.00 per day parking charge. The location doesn't seem to be that it would be a problem. Had I seen this upfront I would have gone someplace else.,tip
QTRxJsAEXsTIZ2p2qhOT0g,TqgsB91kKWjU4aKGR4GCgQ,2014-04-18 21:29:26,0,A good spot for beer and sports,tip
Bofiz9C2LxbGfqtQIMc5vA,ZgbB7jSGP_MJZgHpoiGujQ,2014-01-03 22:16:26,0,"Menudo every day!!!!! Best hole in the wall this side of Riverview. Go ready to wait though. Whether it's in or a hundred in front of you, you're going to wait.",tip
pioV3zmz2dCnj3Yhf3ZQ1g,wK0aMaOKSYjvmtSQLNOaYA,2013-11-02 23:37:51,0,Brisket Quesadilla is awesome!,tip
bKVHLeGUk5HAEKK2MkwsjQ,JreLMvu6O-Ul4elrFKDSnA,2010-08-17 21:46:54,0,Oh no! No Mama Mia today! Settled on the Cookie Dough.,tip
PtjALklVvaFWQVbN7sRotw,9PSg27_eo9WBmC_7msPz3Q,2015-01-02 18:26:48,0,Fresh friendly authentic,tip
mSraQvuyXbw2bkCm4ZMEUA,uqXYVxIwoEsFFjEHBlMZQA,2012-10-16 16:07:44,0,Early lunch. Always a good spot!,tip
JITevzyEgskIJc6sgOyEgw,LqNeLawIfB1w0zPXKK8nHg,2014-01-31 00:09:51,0,"New menu format, a list of $6 cocktails all the time and snacks between $6 and $8. We tried the hot chicken, pimento grilled cheese, and fries with bacon, chorizo and gravy.",tip
OBYq_M8mZJBgi55SAUVNTw,Eb1XmmLWyt_way5NNZ7-Pw,2019-08-10 12:51:39,0,Airport was easy to navigate. TSA was timely and easy to get through.,tip
eAsdMr8oWbB4ms3IJRHhKQ,_bofVL_0MxlZYWBa8XEJEg,2017-10-15 00:58:32,0,"The minis are delicious, but the red velvet ones are the best.",tip
9pWqpWns7gTnIRdlB41v2A,XENCLsyanQdpUVwMjtp15Q,2017-06-23 18:30:11,0,Awesome place,tip
U1s3kFpUzkgRvKvY0lguMA,yPxNNSmPHKO3m_kq53D4Jg,2012-07-03 18:58:13,0,Gelato! Cioccolato  scuro!,tip
Ig2ttf1xX2Ihlm0nsykaTw,wjR2SPyFDgS-M6WXyDsbBw,2016-06-24 17:58:34,0,This place has just gotten better over time!  it's just so good!!!!,tip
t6oMDTL1KhmVdQz4phXxVA,oJsuZohTOk7oTiA7K3aqRw,2015-07-07 23:06:03,0,Meat quality can vary. Look closely,tip
ppcQKmcI7fdyjWzIu3mNTQ,XnQ84ylyAZwh-XfHGGNBbQ,2011-04-17 18:03:00,0,mint julep is not a girly drink,tip
oMfKhcTOrGIKW4UlJjsgOg,wffy7wiVvmrAc4t1uSUQGg,2012-06-05 20:41:31,0,"So, its good to try new places, cause this place rocks!  Try the 1080 Scallop long roll. It delicious!",tip
m7OGZZLWFqngPv3kV7MyIg,FEXhWNCMkv22qG04E83Qjg,2019-02-16 04:07:09,0,"Just walk in and get a table yourself, a serve will stop by to help you.",tip
3G9wkh9CgEF-sWsG3ctCOQ,t7ymfsnEZjX0B87rfIbOpg,2021-03-21 20:39:30,0,Gave is great.  Very knowledgeable and easy to work with.,tip
DGFmPTj52l-wugFSyN2tkA,i1UAowqVH1cCkXudBRDwdA,2012-01-03 17:16:10,0,See you soon sunny San Diego,tip
on-WofSgbXmBQOqzvoTZxg,uezp4EoxdX3cDff5HaLojw,2016-03-01 01:14:41,0,Quick easy n reasonable repair price $140+tax for cracked screen of iPad mini,tip
fVq5BTmUWQJXBOKHE3kD8g,MAUUB0iPy2yr0z7eY4Rh-g,2011-03-04 23:39:40,0,Making wings at the woody with alexa!,tip
DP_GwJSk1B3TUAufH4U_Ww,U3cudGMQsFqpAgpnonvYqA,2010-07-18 18:48:16,0,Everything is great!,tip
4xcDn4N3KggdxNPuAqR3hA,-4mDMBfT6N0d-VIUTKVaLg,2015-11-15 14:58:07,0,Love this place!!! It's a lunch favorite!,tip
szqgQvnudbAAih6YsQYLsw,RLlOK2fL6xU1sfIPiP2QBw,2016-03-07 13:17:49,0,Everything we ate was perfectly cooked and promptly served. Went early and only waited 30 minutes for a  table. The complimentary seafood boiled potatoes are a unique and delicious treat.,tip
sFWzwV_HgBiAhEIgmWW9fw,pm8H4MRrEsp2K_3ln2pvqQ,2011-10-01 17:54:30,0,Fish tacos,tip
Is5kCsODInimo9-nZf0oeA,_LOJW0XkOpj4O348GVRDeQ,2012-09-29 03:38:02,0,Pizza can be made whole wheat or gluten free!,tip
wLFuvZ59HGUJZ3QBgqlmAg,r43DrfYAbAgifsYyNkljZw,2013-02-22 01:38:31,0,"Great live music Thursday, Friday & Saturday evenings.",tip
YkpqORdD2QfED5pupI8_RA,WDZIhtBgFBZtZYu_PmYHOQ,2019-09-30 22:54:11,0,"Great service, good food, good prices.",tip
vQcH9NtnLPdWg4-PWdXXIg,NEtEd9zlCftx6-xjKwtMYQ,2010-09-12 21:05:16,0,Mmmmmm Santa Cruz Sammy.,tip
9dmciilTcfHnyZWSIBCUEw,vN6v8m4DO45Z4pp8yxxF_w,2015-04-12 17:42:40,0,No shelter from rain while waiting.,tip
hIh6wQunjqoiDO93wbneEg,IG_oXaunPbnYIuHmeGBZ8g,2021-06-06 01:37:17,0,Worse place ever!!!! Service is horrible!! Hostess have no skills or manner !!!!!,tip
PNACguRpWujggiv70hBuVA,IORvbG2rAIVJ-1d148cCmg,2019-11-24 21:08:07,0,I went with a group friends and it was pack of people. However I had so much fun.,tip
AM3XSVRbawZWn-ZKr8jiHg,3f-acmwXPLnVd2UKfnk1xg,2011-03-09 03:16:11,0,"Super hippy guy does Quizzo. Expect to spend over an hour w 2 quizzo rounds. Can be frustrating. Good beer selection, can't deny that.",tip
Hopu0veqnain_Mik4Xz4XQ,rIYVTWCHyrlHPLIPMnnOfA,2016-04-08 14:22:03,0,"Not really a coffee place like a cafe, had the feel of a fast food restaurant and we were turned off by the deep fried food smells.",tip
aI1fP9kfgkb7OgfzUqrZfg,bDFO9-0gyjYEa1sk_9nGHw,2013-11-18 01:24:07,0,Always fantastic artful food- great staff- and delicious libations!,tip
6s-g2vFu12OemhiK3FJuOQ,GafcWD0DRiXe4oPQCBBAFA,2011-09-10 14:20:42,0,Call ahead to schedule an appointment - though drive-ins are welcome.,tip
olOxLT75xkylYnevkN-Xmw,ggNLqZxILZgGabRT_NPS_A,2019-12-24 23:42:45,0,Good food & fast service. Definitely will come again,tip
5g0kobjL3zPNnCcJkB2fYA,bq0n3CQy1CkE_WUe76zQvg,2011-07-17 04:26:38,0,Fabulous Food! Best Wonton Soup In Philly!,tip
xRzjzsF6WJ6kUmulpiNHEg,ac1AeYqs8Z4_e2X5M3if2A,2019-10-31 22:25:44,0,"The food was great. The service was fast and our server, Kim, was wonderful.",tip
H64yPlJNEeN-8s0Px68TzA,0JmFfcBbIux_vauRNWzD9Q,2021-01-27 18:42:50,0,The food here is amazing!,tip
yTlqdx6I2PPzWaxCP946lw,Bh4Ko1O8CYcx6meEfq9HCA,2019-10-06 00:31:32,0,"Great fades, friendly staff, good conversation. Thanks to everyone at Billy's!!",tip
3SWkkkWMNzV1Nws3oZCwKQ,8yR12PNSMo6FBYx1u5KPlw,2012-05-13 22:02:35,0,You can get the veggie burger any style you want!,tip
bmmzlZrn7tz9ZTgGHxMBPw,zBT8l6b3wE_H541Msvg4Wg,2017-02-16 20:54:13,0,Probably the best cheesesteak I've EVER had. And I LOVE cheesesteaks.,tip
Lp2L1QQrlPXZ2WRGeWsQFQ,NUJrCPU51Cvip4ayZD1P5g,2014-02-10 23:45:27,0,The nachos are awesome. I get them with black beans.,tip
0BB_9cPIdey_ZVnTewOCJg,GApqfwJMxg4t2tk3K2PpMw,2018-08-18 01:11:56,0,Great food. Healthy. Definitely come back.,tip
A3a7e4gbD4B4ZN1702OhJg,L9wEU391_zUl9eWe7RtxKQ,2019-01-20 02:55:06,0,This place rocks,tip
3hq4hQ16qdFFllE519eO1A,kXmscD-bp90t4QAh0H7Dig,2019-07-06 17:28:30,0,AMAZING and great price!! Best Brazilian in town!,tip
5Y5KbsI5buMcNh2hTFaRpA,w520vYWEpEYBf90rSr9NVA,2011-02-01 00:10:40,0,Fresh pomegranate juice,tip
fKXohnXgbxNEVgsAwpl9_w,JJSxd_WYEP4qYaHPG_tQ7w,2016-06-23 17:39:29,0,"Make sure you park in the designated area for runners/bikers, it's FREE. I parked at the beach near Clearwater and paid to park.",tip
njcXFGqIuSp-_joP42MhxA,vHgtIxUNujLbloMyOMLyEA,2011-05-28 22:56:51,0,On the patio!,tip
HaqXdpPeQrZ8l96HGv3jKw,zU5PPd9j4bYC_MepNSEDcA,2017-01-18 04:22:56,0,"Amazing food, great pricing, enjoyable atmosphere",tip
AbANvs8XMAynUaMX-yRwmA,LFUndZacUo5keXKHNPk-vQ,2012-03-11 00:42:17,0,Quesadillas and cheese crisps are dank,tip
wPeucdcM6tBilQmoA-kY_A,WFBBo5k07bLqHRB2vGIFeA,2018-12-27 00:08:31,0,Very good food,tip
SuTfd7bMflg1zG_aWZ-vRg,m0p0IuN3s8GG1jrZOPQssA,2017-04-14 13:55:36,0,Easy & cheap,tip
AQS6VeO8tHJN1yFzNmmg4Q,g7MCrGz4IsaemAYcXrWPHg,2019-09-14 19:21:38,0,How many are in a flight? As many as you want!,tip
sC2xWwoiaH_ChyVlQRpCjA,L4kfcADLCU4T33i7Z0CkuA,2017-02-01 23:24:43,0,"The gnocchi was superb, and the service was incredibly attentive.",tip
aQ-Ote2BfTS9UosktDo8_w,67gnSHwFRKgtXlzHzuyGMQ,2011-03-05 03:55:07,0,"Over priced, not worth it.",tip
MlwetLdFr6Ax8fQuEfL7tQ,a2MBcILvTHHd2PBYm912sA,2016-04-03 15:16:12,0,Sunday brunch $55 per person,tip
DIx5kGESSEGgBiD6qLYMKA,wltU8uAAmMDhMAqBAuIZzw,2011-02-12 05:08:26,0,Love the self-serve holds pickup and self-checkout stations. Great mobile site too,tip
PNq-oJmSWxCjZSBVMCLu7w,KS9H-WD8vXIE5Jq3VOog_g,2016-08-12 01:14:46,0,Thank you Pet Playhouse for always making our doggies happy and tired when we they come to school! My goal is to make my doggies happy and safe and the staff is amazing at doing just that! Lisa and the staff are always very friendly and courteous. Thanks everyone at Pet Playhouse for everything!,tip
fCvMnJU1Z-XhAjKg99wK3Q,kG7VAFl67L0syjVhjYj5ZA,2021-06-18 16:38:25,0,"Led by executive chef Raheem Islam aka Dr. Jerkinstein, you can expect creative usage of traditional West Indian spices sprinkled throughout the menu.",tip
q1P7pXP63QpUg3K78RApEA,7_w8tD3gdrnuUNPUhL-KOg,2020-01-07 16:44:27,0,Best steaks.,tip
ryg4gMrQ-9NfbckLZ8dx9g,WdUqKPbDz33Zk-APMOqJAg,2015-07-28 16:17:17,0,Delicious food and fast service! Down home cooking in a relaxed atmosphere.,tip
su7iy3N7FyatvvrESUSUnA,Plnxj-bVj4PyOeL3dykGiw,2018-06-09 13:39:51,0,If it's nice ask for out side seating.,tip
oOyowMWb7j4mBlHyhELeRw,kMNvkPsY8rNpuf2M71w_Ew,2011-12-09 17:28:51,0,Golf with hubs!!,tip
qexgfkeIVmkRrtHcvrnIlQ,LUxMJ-3S5F2JHt9u1aPh7g,2017-03-19 23:57:07,0,Food is just bland,tip
KiD4badb_ZYcEK__kdUnoQ,JOU22FJLIZNsYRymOMnfkg,2018-04-30 20:57:47,0,The best sushi place in town. Very nice ppl veey clean. Great atmosphere,tip
0oB6T_30B8oOHDhSuiXFqg,TqE83vo_rs4h4EycnuLI6g,2014-02-06 00:10:05,0,"Warm and cozy, very comfortable place to take a break.
Great coffee, try the mayan mocha.",tip
Z0YEQO9OUYMkaS4PMMhJVg,FEXhWNCMkv22qG04E83Qjg,2014-08-27 14:31:25,0,This place is open 24/7. My suggestion is to check this place out in the late evening. It's not as crowded as it is during the day!,tip
icjvjcPzt13hZDydUnBTow,rwd4rGpYxiCXvgMV49sYAw,2016-01-27 05:35:14,0,"They offer gluten free french toast, pancakes, and waffles. A GF person's dream come true!",tip
1IU3px93DJUTV1p3QXFSGw,t1qF12NdW8KvCqxqbvy-Hg,2013-05-06 16:32:54,0,Fantastic breakfast!  Shepard's Omelette w buttermilk biscuit.  Yum.  Peach iced tea.  Great start.,tip
CDzk5ayt_e86MuNlLFvLDQ,DLTwr11KNMA1hEN7OrkY2A,2014-03-24 19:02:39,0,Very friendly staff owner is very nice and friendly instantly felt welcome.  Have one of my favorite sodas Irn brush got the haggis is amazing,tip
t_79ktwGhAOCiRZSlG9nwA,MaYb7qMN6BomP1zQGj3Wjg,2017-09-20 22:12:46,0,Great food and a different fresh take on pizza.,tip
3Sph7DuWS04uDfNzhakHBg,E-1ex7UOOW_Ttx24j_V2EQ,2014-09-08 23:40:20,0,There are just no words to explain how good everything is.,tip
hC84EIj6uPIkTKNjTnMx7g,yGdSQ4FVR41U9mhlqu8vDQ,2014-06-23 16:56:46,0,Look for the hidden seats at the bar behind the wall I the place seems packed.,tip
MZSdKfBSjYI6B2XIcjCLEg,gu9H6XoryCn07BfPsSdeSw,2016-01-03 18:38:32,0,"Salad and specials were good,  decent beer list too",tip
8qjrQWrbszkYu-YkwRe42w,ccxPXzCiungnKGPjrUdw1Q,2012-03-08 13:39:01,0,Great breakfast place!,tip
JqoXYRxSSFfJUpyq0RXx3w,70HV0S-FL7oaiSIN5Iwg-A,2018-11-10 23:59:49,0,Geat food and service,tip
Ase_kJIYuT6yOsqqVPuWUA,6ttxoRJcCbyRHsIaP6zuCQ,2014-02-20 01:55:34,0,Open 24 hrs hun!!!!,tip
moIkyLrOoBWC0Tgj-bM-Mw,EsHSmxdLpBpU2bcN_V61zw,2016-02-21 02:27:17,0,Add the tuna taco to,tip
dJU014PIqteJouYx1u4lJA,nyQbp8DPZjIKOwV12s2G1g,2012-06-16 01:17:06,0,Yum!,tip
dHhFcBQVny1EqAhLTI9b1Q,YjczRwtz6ghiVD5CHu9RKw,2020-06-09 02:33:25,0,nails by Helen! they're so adorable,tip
_0IC8s5o4LyZsyI3-vvqGA,ac1AeYqs8Z4_e2X5M3if2A,2016-08-09 21:57:42,0,Great food & great service. Errol was wonderful. The po boys were awesome!,tip
fwIg20T8Q7c31s4MOHbE9A,1RedKPBig4dbU9ccpk7T9w,2021-07-25 22:53:18,0,I can't say enough good things about this place. Cobra you have my heart,tip
6TSVl6jcGq6MjBlHsPjlNA,8l7L3e22t3uQmG_r8zEa4g,2015-09-29 01:00:20,0,Mei fun is the best stuff on the menu. It's vermicelli like noodles with a lighter sauce than everything else & not salty or super sweet. Adding extra sesame oil makes it even better.,tip
59LFCOXURoVE5FbKfRFC1A,knP_Le69wM8xv40B99ztCQ,2012-05-18 00:22:50,0,"Gelati/Gelato? Either or, it was yummy!",tip
0rYGA9_O-ubpma3wy5uV9Q,R7098h-oAiTTZAVDgNVCQw,2015-09-26 01:34:53,0,Our new favorite spot ! Everything we ordered came hot and delicious the Brooklyn pie  is out of this world good !,tip
ZSTbrHTOcTQaf59Qp46EtQ,BnzAXu_3S2CRQOG_vMIYRw,2013-06-18 07:35:44,0,Slots do not pay- go to el Dorado they are known to be loose,tip
wJzpCiI1rlOPgMmjg-9dCg,6a4gLLFSgr-Q6CZXDLzBGQ,2015-12-15 19:51:57,0,"Wood Fired oysters... Spicy, savory, Incredible.",tip
3qJqlglcjESwiScZQtV8Nw,sDWoivCaPNzMqAobz6KdKw,2017-07-16 08:30:28,0,Proper procedures at this establishment aren't used.,tip
egWtvVCoboKS75v0XsM5CQ,xNd_x23g7wiGAjmm5HXfPA,2014-10-23 17:45:58,0,Awesome! What more is there to say!!,tip
owAwtaZvG10K_5N1WT-V3A,oggPM6bqKCjeGwmroKkfrA,2021-05-15 23:51:05,0,Honest. Hardworking. The best,tip
EpJ7t6PL6aEXvkvTiftjtw,zISlbx0dpSSE-S4c8LwDyg,2011-06-24 23:32:46,0,30 min for take out...totally worth it!,tip
UTE93CaBLj1dXe8BA_rjCQ,ySlb6aLKqaUmS9TS7ZCI7w,2018-03-25 19:07:47,0,Food was good and they are the first pizza shop to give extra marinara.,tip
zkTqDt3Ja-mPNdnxllasyQ,jPfzUEWzZLvNp1wp3V7r1g,2011-04-02 21:24:15,0,Sister date!,tip
0LjGc6mgfWgAJNlOrxo3Mg,B91yBSPvAz5O_t9JFafN1Q,2017-03-27 21:18:37,0,You might have judgment on Monday drinking but....those pants though,tip
EGucwszGZ310w2iV6g5WNg,ZhY-X2J-S4DLqedHdNFAMQ,2016-01-30 21:50:15,0,Yummy yummy,tip
aG_qd1wXGeQamR3QmOPAsA,HOTN7nQufQ-WnBBXsB8-Ww,2021-08-15 03:22:26,0,Their food is just bland. No taste whatsoever. Would definitely recommend driving a little ways down the road for better tasting food,tip
su-GHNo3oR2YJCoMDhe5Hg,LgAuYz5cQe3zTxuteJ4VyQ,2012-05-10 15:14:27,0,Salmon wrap,tip
rlW3vMmxaIAautUhEPFUMg,TonuxwX_Xg2zQ7lTK4o1-A,2017-04-03 02:22:20,0,Skip it. Cute building that's it.,tip
fGknxbS-L536ahwrsT_-ig,-cDVG1zBZPBYU3TAoshgxw,2014-01-18 19:07:30,0,Great customer service,tip
JFjid8dOc_FDQH7-EK0-8A,fC03dk7N8XV-RzGh0UJgmA,2017-02-26 06:47:21,0,Such a great place. Everyone is super nice!!,tip
XMcWkWxk64ib2r6gdrUNgA,oGpVeWJB4GeBO6f41ykmGQ,2016-05-14 20:42:00,0,Avoid this place like the plague.,tip
6s5whJLSvZFIF0Am4RyjUg,IlJ34JsYt_A218sR8edxxQ,2015-09-30 16:33:37,0,New store next to new Chipotle,tip
cp0uloQsqL5dtlT9fbxoNg,TqE83vo_rs4h4EycnuLI6g,2017-04-19 16:52:47,0,Increasingly poor service. Usually smells disgusting like rancid homeless.,tip
lbP386AlIXj6780C1ueawA,7jMz-uODCdXOUNzkT-ml0A,2017-02-18 18:56:19,0,Modern technology leads to poor posture and thus neck and upper back pain. Call us to  help you avoid long term problems that result from its use.,tip
AMD9xfEQZvvyOtXhrLvCMw,S07PtMfLUfqb78H3IJk-bw,2014-03-02 03:56:05,0,One of the cleanest TJ Maxx I have been in.,tip
edCPA-6lvh5wqclDBZPggQ,6ajnOk0GcY9xbb5Ocaw8Gw,2011-11-29 15:39:52,0,Featured on Rachel Ray,tip
a0DnfD31lNdiBTY2-YBBFA,uJITgt5t7j-KpDChsXPV5w,2019-10-14 15:17:06,0,"Espresso machine been out since Thursday,  place changing and not for the better",tip
J8vJ15GdQlkGT9BROQU25A,DKtAKuOjI6vUAHhW4NR5UA,2017-05-02 18:31:05,0,Extremely pricey for sandwiches and basic Cajun food. Most of the shrimp were not deveined- gross!,tip
29iHfQysJu-a324U0uV8yw,9PZxjhTIU7OgPIzuGi89Ew,2011-09-23 23:35:11,0,The original guac ROCKS - but you MUST try the other five!!!!!!,tip
f32bIcUxHVscSFxkTXravA,Xf4-lKPAGBVadFjRvebE0A,2018-07-22 21:27:23,0,"Great place, service and environment.",tip
N9hqTPQu2bmI8c2Pj8F1ww,gkrDiCU_sRZKwuBlhEzv6A,2015-01-19 13:57:10,0,Kimmel center members and subscribers will enjoy 10% off bill for entire party,tip
YvlhHzjMilSxd3UZ53ooLQ,u-wkhjV7CfvGJVY7hGULjw,2011-03-27 22:32:27,0,Nice rooms,tip
ddIzmMdt-5hfy2J3Ff5Utw,H5nMeiXJmLpBALeV8A-FeQ,2014-06-22 02:01:09,0,Our favourite place for Gelato,tip
1tAD3aXsVemJqcg3WtwU_A,Iy7-VFi13z-ZUVtJ1M1A9A,2011-03-25 23:13:06,0,Getting wasted,tip
TFvhSVpxUgZWks1cZqpakA,yIIibdtcOnGsjtvgNuBqKA,2016-05-09 21:50:18,0,"Awesome, clean space! Perfect for doing work, plenty of light and super friendly staff! My new go to coffee shop in this neighborhood!",tip
ifN6fIiQ4lyA0ZITnE-kmA,2FKD25tzzktgnrv0QCTSJQ,2012-12-16 19:51:19,0,Aaron's fifth birthday party here was a huge success. They did a pretty good job managing chaos.,tip
RiLzPsMt2TjI4uIUEZ5OHg,rWjFmr0hhi2w8IwMu162-Q,2020-05-03 21:42:48,0,Best waffles ever!!,tip
Ndl_-4PYUEr5n2deVEIx3Q,9rdEIoILba8wSZcrTLFzNA,2014-01-15 23:25:24,0,Fast. Tasty. Inexpensive.,tip
MoRNzYME5M9BQPPE-VuS7Q,n2DcoVlt2qnLXpdrkjX3YA,2019-04-25 17:12:50,0,The staff was really nice!! I would definitely recommend checking this place out,tip
LvFrjGxVzei3KzAGKWJK7w,dNmqRPHBys4dWH4nReO7MA,2011-09-03 02:16:00,0,Greeeeaaat sushi and so much more,tip
F7EuGx19ChOlv__ov2G9bw,LMXaKchY61sXCr17RBSjdA,2016-01-18 18:50:00,1,Touchless car wash!,tip
9Ev90LWdrm8rmEpMf7eJCg,irXywqvfXj9maLLOBQMYvg,2013-10-20 20:33:42,0,Love everything about this spot!!,tip
yLr-X8G_XnIsSuTpdHy-VA,fMknPheWuiztx--1aLPRoA,2012-04-02 23:54:48,0,"Oh yeah... pot roast nachos, dollar beers, and bball finals!  TaDa!",tip
s8C7D6o_KI199rZYSFWjKw,gVWf1FBV59G8ltzQ0Nmchw,2014-06-22 21:24:11,0,They are back to cash ONLY.   Bring your CASH!!$$,tip
h8dPfjUmXV1RqfgBCQyMXg,vGWxHSjUQrS3fLJdax2V6Q,2020-10-12 23:59:38,0,The white choc frozen drink was delicious,tip
rqvwclgNxSOKJeZks6SXMg,FtY4uxKAXcZDDFUhfOp-lA,2019-01-10 01:53:07,0,"Worst Mediterranean I've ever ate, the rice was soggy and the food wasn't fresh",tip
3YhG4h4Ok654iVfqdmkuRg,mp4nicLCW6eHk-ujjrdCYA,2016-09-19 20:08:59,0,Closed Sunday & Monday,tip
paRtvTU_oNckXJkQmKwoMg,OZ-1ELIHAoF4jPwzulK-jQ,2011-09-24 03:56:02,0,Holy cow its already busy!,tip
pBKW8PhO1yYsw4eHUrbEpQ,HqSUgwk_XNRRuz1we_w_Eg,2021-03-02 22:46:29,0,Great store,tip
X0QkEBbV1xsL50gQ8NNqqA,m7uGAvkjyI9iQaLJAmvCNQ,2011-10-03 22:53:08,0,"Yum. Always the best. Used the free online coupon from Twitter from Sept, but made sure to give the normal tip.",tip
7zq1qhACzE8QGnVAfTbH_w,Cg1SCl4BN9JcIpnf3vVraA,2015-06-17 16:21:24,0,If you want a sub order ahead online. They are slow and their lines get long.,tip
tnYgf3Hdx8Majujbfa8Pag,6uGmgdjm2hr6DxcFsFYTzw,2011-08-20 21:00:54,0,Great wedding venue,tip
py9C16UouWmddspoJKVGzw,6XiTlNnstoTK3tUPkc0Gbw,2019-01-26 14:32:20,0,Enjoyed the cheese sreak for lunch.  Thanks,tip
cy_WzPbA6XKhxeCYWu9KAg,ty6H-2zkK-8IQbhjUfs-8g,2016-08-25 21:47:31,0,Decent level of spice on the Bangkok Noodles. They snuck in a few mushrooms on me though - ew.,tip
CFgj70zR21gdK4GkaihhwA,rYHp2-kFBpdA_Uk7M-aapA,2016-11-08 18:20:28,0,I've been taking my dogs here for quite awhile now and they have always done an amazing job and they explain things to me in away I understand. Everyone who works there is always very nice and friendly.,tip
R9IJ1Byr27n6wXj3QvJ2Lg,bglVZCRu7KatKRSESM9dxg,2020-05-28 20:14:32,0,Sunglasses are ready!,tip
bTDYAZ8ggYIrHJVQpkTscA,QFh-h_OZ5Io-mBk32HN28A,2017-05-19 23:10:55,0,"Awesome food, fresh and simply delicious!",tip
1KVMrASElCoqaPOBqHeY1g,PKFZM2CfJpwLlMurOsuISQ,2017-02-14 22:57:29,0,Heads up! This location is under new management and Allen has this place running like a well oiled machine. The cheesesteaks have actually improved! Better meat better cheese better prep.,tip
zz8rQaQvsZFZfAu-rPhLNw,gQ5_wcFqhplc9xrnSCt6-Q,2014-06-07 00:30:08,0,Cute atmosphere,tip
HPrVtUcrEOD1PN5BCpC-RQ,v2kY4cm5nVkhneBPiwZLTQ,2014-09-29 21:19:45,0,Service is the best and always very friendly. This is the only place that works on her feet.,tip
NFeNXGbZWRCe6qMEppNdRw,Meww6RIE4cFL_kG0aRlbAA,2015-09-29 14:51:33,0,Cover after 7:30 pm outside seating free,tip
uPV3OY2OnAVdyER66lktXg,6UOp1MHRyDB1vwBWYC61og,2016-07-28 20:19:02,0,Great service! No one seemed rush and they were very friendly. I'll be returning!,tip
hDsxdlsFEDETR-c1YwYHsg,EagkHaaC-kUozD3MPzbRIw,2011-11-12 13:41:05,0,Banana Foster French Toast,tip
ax_eaPg4KSgwXoC0LxT-FA,W4pSrHHeHmdCh0FoQdvfbA,2013-12-10 21:51:58,0,$15 credit card minimum?!!!!?!,tip
fPJa889YLt2SEGBEwYOJZg,5TVWytR2oNbSKYgfxypuBw,2015-11-19 23:56:47,0,Best canele in st. louis (maybe only one )! Lovely place too.,tip
MMUOqPNNby88S234u2poIw,LTfdnyhe7ikrnXK5ysJAYQ,2021-04-18 22:00:40,0,Waited 40 minutes for sandwiches.  Finally asked for money back & left.,tip
Oo49MFz-NO2yfs-GQrc33g,d-5kMts7CzenaPgDzesQDg,2020-11-14 21:19:43,0,"Not bad, custumover service could be a bit friendlier but the pizza was good!",tip
uwA9vfYNRne1Rc8HDff9lg,zfuLYhOU3mA1lpStpL-Rmw,2018-05-23 01:39:13,0,"Female bartender was terrible will never be back, food was good though",tip
YpwGWnkjQNHXDMciqCSUww,ZfOS7Mz-iGseNxBhlhXm_w,2016-02-24 22:46:14,0,The pasta salad needed more vinegrette.,tip
cbF1IYELJ2VX7bg_KHKLYw,IO3apWfFnKPO2XRFmGfTEw,2018-01-06 04:56:41,0,"Unbelievable products, truly. Nathaniel is incredible.",tip
V2r6ClSkQezk8xqjcgVEHQ,K3ZZua4ab6YLhPqZ_DEDlw,2017-06-01 22:22:08,0,Just left after waiting 10 minutes and no one acknowledged us.  Wasn't busy either.,tip
JVaIQbgSb4dn-ZBpzKC3SQ,ieNSHCeHOlxkNGjtjTh69g,2010-09-15 04:31:04,0,This place isn't closed,tip
b8SWcnxNL_czKgvRbzP0Mg,iyON56vZ-9pCAwxN5IRRgQ,2015-10-04 15:29:09,0,On busy days they will not extend platinums the late checkout option even by one hour despite their policy.,tip
bQzyBXob41TVN-_5VT50yA,QFNrQo2BGE62G-FbIlWWgw,2016-08-12 21:56:46,0,Come on Come ALL.,tip
gl0rQOas4GWX-c3x8-UjVw,dSPA4yql9vUwnYRxHiVtHA,2012-04-08 00:35:29,0,Great BYO Sushi Place!,tip
4wFZgzj4DXB3Mn7Q1WLhXg,LD-IB5vYI18lEA-QlKY6tA,2016-04-29 19:04:35,0,ZOMG try the huckleberry Bleu burger!!!!,tip
kcxdnwXlF39I73BaUBLH5w,zNOFlGxLlgV97RybVWzmjw,2016-06-12 01:22:24,0,Have them put some of the tangy red pepper sauce on your sandwich to really wake it up!,tip
rIRsST_wECSTfdmZCYTjTA,U4X-tzwvTzW8uWxs2KIPtg,2015-11-18 19:54:29,0,Best shrimp and grits ever.  Service was great.  Good value of food for the money.,tip
BGjTqJzarjI3x_HLjS0Dsw,-AgYybTLhispcYcoIV7E9A,2017-03-29 01:06:38,0,"Excellent dinner cruise, well worth the money.",tip
Q4nT2LEKphRC0a53kcYk7g,ol6ATB97MdIuhm6yAGOeMQ,2012-09-23 16:25:59,0,Avo bowl,tip
FHMMNDQ-9-JcU2hn8edV0w,xYEeA5rK8nQxSbETixCQbQ,2014-02-07 17:42:47,0,Good food. Terrible service. One waiter serving entire lunch crowd.,tip
89stRxIhVvxIxB6XNMC12A,Ls-gna6U5kfq-V2fLCkkiA,2020-02-02 04:51:11,0,A good thing to remember this time of year is to be sure and keep your fire wood good and dry. Wet wood can cause smoking and not burn correctly. And do not burn giant size logs. In a regular sized firebox nothing over 6 inches in diameter is advised. And always criss cross stack the wood to let air travel around the logs. You will get a much better burn.,tip
zgOp2LnpN1d1ETzssrypww,CKvcCZ14SeDs0GgJClFk5A,2015-11-05 18:22:37,0,Salt and pepper chicken wings are a delicious appetizer!,tip
rAAOqiGrSKrsaFunl22efw,lNaQlnNvevK91XDHd-G9-Q,2019-10-07 15:02:47,0,Love the açaí bowl. Very filling. Cool place.  Not cheap but a nice healthy treat.,tip
dtjN0HrtInXubWgBTZQ_8g,2Q1R2OhBbAQ581vK_r7NhA,2013-09-23 01:38:01,0,"Excellent! Great service, very well prepared food. A fav of mine",tip
yCh6GoaLVJx67faQK61lHg,qVwLEvBHLdafrd0YonO6pg,2017-10-28 03:24:39,0,No. Just no.,tip
3_hYUfggYlF8ne1eVyttyg,6mCsrUp9Vl4iXMbOxWtVjA,2017-04-05 23:14:19,0,This is the place serving best Flavorful Indian food in US.  This is the 1st place everyone loved and finished their food in my family. Can't wait to go back and enjoy their food again.,tip
GbL7X8pl_D44E65YMxHbkA,q9xcDLPWdzuBoFlHBTK9uA,2018-03-13 09:55:57,0,Open 24/7!,tip
bJ5FtCtZX3ZZacz2_2PJjA,QFZbe75u5146KeTF3ZmOhQ,2010-12-07 01:01:23,0,Yelp Film Club is in the house and watching Bad(der) Santa tonight!,tip
Lt6lTTeawQInm5k1atTumA,Am_H8-XxtTfV34QmOuWcyQ,2012-12-22 14:29:37,0,"The El Salvador Santa Elena coffee is super tasty! If its brewing, hit it up!",tip
pPrq2fkG8o2LiVSbfzn-4w,W4JLP5jFlBh0LrmDYgzJUw,2013-04-06 00:24:06,0,Blues Hockey and Beers,tip
DWY1GM4uBXpgsUfumS1Kww,3_urfCS-CpLW1NRAVgx3lw,2015-08-25 00:08:38,0,"If you can, skip this DD and go down the road to the one next to Wendy's and Home Depot. Their prices are escalated at this location",tip
GB3-U2w-bfVqEmXb9jgM-A,k7f8RodiNHDrk_N8Glp5gg,2013-09-27 03:21:21,0,Kinda boring nice bartender ehhhhh,tip
H-PUXKcmpyva1V6qeeDpDA,JEGmXqBmVp3mTOfMALpMyw,2011-09-22 23:22:17,0,They Might Be Giants concert.,tip
u_M2AUC19JwQ-Mzz5xKWSg,aeIWVa6G54UUo6yloJkyJg,2016-02-07 14:47:09,0,"Parking is pretty rough (especially in carnival season). So unless you luck out expect to walk at least a block or two..which, in this day and age, is definitely not a bad idea for our health.",tip
HEqjU9tofQDJmxbIYPWXwQ,z0HCxBBwXc2_q1hUTIQUhg,2014-05-11 13:47:11,0,"Simple, no-frills massage!",tip
P0Bfi5FekNwY39ULhnVHhw,pr8RhyScULoKq_p3GzNLEw,2014-05-31 05:11:47,0,Terrific service and good ice cream ...,tip
HoJ0ye2hXqfD6L22QkN1xw,KKXjBP81nd_F5H0-fke3Jg,2017-09-16 17:20:03,0,"One of those contractors who can't get his schedule together, save yourself the trouble and look elsewhere.",tip
UIxyobo3tmwaFz-vIEBKZA,-9yzQQ0d_rcOD2CzdTNO_Q,2019-02-21 10:32:04,0,This place is so disorganized and the employees seem rude,tip
7frXyjs0f7ovDH9jJl-PPg,pumDk_7XbZygQJutIcy5Sw,2020-02-09 22:24:15,0,Check underneath the nicely alphabetized record racks; there are often additional copies of albums above (also organized by letter) and many are more worn and therefore lower in price. Don't fear the floor!,tip
RUxmWA3IJu58z226ZvLsig,008e7URntGcMNrQfMdoVvA,2020-11-02 05:18:48,0,"Quick, friendly, reliable and trustworthy. Always great service.",tip
yAB89vOBgaR8S8L4E3dvgA,58Vd48_6D1Myd_M1xWepJg,2019-05-20 14:13:27,0,Add a pump of White Chocolate Mocha to a Caramel Latte or Macchiato.,tip
-ZA165cTXxn54TtXO5KaTA,n3KL3EL2CTSD4ol937sTGg,2019-07-27 18:38:01,0,"Great new location! Wonderful fusion of flavors, good ability to vary level of spice",tip
zbjv0hZHTymEaeXed7z4zQ,vuDNFYME-E3DjLhoWcgRkg,2016-04-10 14:58:53,0,"After much searching in Philly for attire for a friends Indian wedding, I had no luck and began searching for options online. I had hoped for an in-store experience because I had no clue what I was doing when it came to traditional attire for Sangeet & Ceremony, and online options were expensive. Luckily ,I found this shop and not only got two beautiful traditional outfits, but had so much help from the owner who taught me how to dress myself  and provided alterations all within my price range.",tip
bGjjXHdlIJSvfHEq497OYw,mEMcdzVzuSX34TXRKG83iA,2014-01-30 23:27:11,0,Ewwwwwwww. Never again. I'm sick,tip
v8C-xpf6vQbXssHGnJBd7A,8yR12PNSMo6FBYx1u5KPlw,2012-03-14 22:41:58,0,Holy god get the sour beer and thememphis in may pulled pork. Delicious.,tip
ZNG11dBNvi22jj9GL905sw,_V6hl1oGkTV2KbGeax_HPA,2011-11-06 20:56:14,0,With Shari & Bj for dinner !! Best Peking Duck!,tip
cjhS59qxtXPDlM1T0bH74A,ObKrFNY5R4HHXsXU6CdARg,2018-10-28 23:31:09,0,I love your shoes but I don't like the way your staffs treated customers,tip
0dtfPOIpipCmQerIAz3lHw,9S2vWcyH2L41YXdi1x4qWA,2012-09-25 17:25:33,0,All vegetarian truck. Get the sweet potato falafel.,tip
qzJG9JThPdnF-ErznCfXZA,NKnwvuJygWPC42qycr6Hwg,2019-09-18 17:42:59,0,"Great po boy shop. It's a classic. I can't get their hours down, though.",tip
sa7I1ZROWTfunqi4bLAUgw,lmXhXyGh_bLzY2eqgmCrJA,2013-01-06 02:51:51,0,The jalapeño cornbread with Brie bites is amazing.,tip
hfWB81Yp5utzSS36xUMDDg,gaP8UpEO1tC-78P4wUA68A,2012-12-14 16:50:49,0,There is a lot of places in this mall but some of the prices are pretty up there.,tip
jvR5rseXdvLtK46Ckfifrw,OFObWXTZlVBLaDZdl2ov-A,2016-09-04 21:09:45,0,"Pumps are super slow, took 2+ minutes to get 8 gallons @pump #6",tip
9ORXEzXaopIbFIi8gDmbug,PeczUJRFYkZBvAyMxzXPSQ,2015-04-24 16:40:15,0,Always so good just wish they offered a larger size Asian noodles .,tip
c-WBlRLdcZhkaQZb3wRRVg,pym7c6ZFEtmoH16xN2ApBg,2012-02-18 23:39:02,0,No wait so far during Endymion!,tip
vlu3tkXF9uMgzyWgHnS0sg,QBiNLoutKIgS6lzGks-50A,2013-11-11 03:38:12,0,Very friendly staff,tip
HAcD9wMyW9QcYUd77P_rCQ,yPSejq3_erxo9zdVYTBnZA,2017-07-28 18:59:03,0,Overrated & microwaved!!,tip
Vfpv8GOi4etB6jjx8NkqXA,8DPP4sQpIo5ccP0DDmDj3w,2018-06-09 01:31:48,0,Owner smells like a Carney.,tip
I1sP4t1CgHIA-C3ppq0IKA,oq4-qHT6EJeR81GBDq1OVg,2012-02-24 01:20:21,0,A Super Deluxe with extra oil and extra peppers....,tip
DD9-gzaVMzJuSnDhjGioXQ,cAbdvzqtFLaAAMFIyPf2AA,2018-07-28 21:06:15,0,Great food at a good price.,tip
jlN9luFsNZfZkxnM7cdLKQ,AGlh4ZDv6jnoiYfz7At9mw,2013-10-14 14:18:39,0,Must order soup dumplings. They are the best ones in Philly b,tip
vBuMiBThlz4eyR-ttM-TFw,_irkfTC6a4KIqfKy1HIHCA,2013-06-07 23:07:19,0,Don't miss out!!,tip
py50sVom63qTPVhsxjoVUA,RscMwBafa1cZh94tGlZT_Q,2016-02-14 22:09:12,0,"Our go to place when in Reno great entertainment , food and atmosphere ...",tip
LhfQ_oQZc4XJvthM5ueoJQ,vuh1hQ_YejS6XJH3wHZGlA,2010-11-21 08:59:48,0,"Food was well thought out, service was exceptional and priced well. Chicken Farfalle, Wedge Salad and Tomato Basil Soup with Cheese Stick!",tip
qIaPm2XBacFyazg7-fC2TA,05UGAUzE88mcPxQ7WnCxQA,2020-11-04 19:22:09,0,super yummy and super cute,tip
CYkNedtMlfC8HQ3VBwQCOg,efGqAYPCCxPvHPX3dCM8bQ,2011-03-23 01:54:34,0,In the Heights opening night,tip
6NQAoeUgsxoAr31NVJGxTw,D4t9JnvIzJCmiL2PJn9zgg,2021-10-31 15:41:08,0,Closed on sundays,tip
5d8eYzWIBYx3TTE5mMPURw,YOmh25YRJSDuGqt7zjEHEA,2010-11-06 00:58:09,0,Mmmm I can't wait for my pumpkin cheesecake...,tip
9EvP6HfOW7qnnnXLIQRuxg,Bye73IBqt2u37RKTgwv8sg,2012-03-08 17:56:14,0,I'm the wrong guy to ask; I think coffee is coffee.,tip
kMjHaq1-ZC6Ss4RREJM5TQ,5SbXk54zWe22jg95R-8Fjw,2013-08-13 22:19:02,0,"Constantly rotating taps, and I do mean constantly. I have enjoyed beers on tap that id only been able to enjoy in the bottle. Word to the wise, if you find one you like, drink up as it may not be there on your next visit!",tip
oAvO0BOHOagOI7WVGXlWSA,D3uf5hsfdh6jHSaTUaI7Zw,2012-12-15 22:35:43,0,I got an impression that they have horrible customer services. It did not make me feel welcome to this new place.,tip
Rc05o1L0subJWZlRi9N1OQ,6K8LDVqNi879PTSHBW6_tA,2013-07-26 10:27:16,0,The other W is nicer...,tip
nl2IhDTlAUiJg3nwlfNOPg,S_7uidlS2oj3Lq2bxDTTmg,2011-06-18 20:39:25,0,growler o Joe Brahma Brown...  recommended,tip
4zTKAPpNJniBRH-CnK9Z1Q,C_lyUPmRABHpE0K8C9TxFw,2013-01-06 14:36:38,0,"Best pizza in the city, loved it. The closest pizza I had here to Italy. We will def be back.",tip
qiMV0I2h8Abit1xPg-wmgg,6afesz8yZhjOgijkWl4jig,2017-05-02 18:15:53,0,"Love coming to coffee bean! Super friendly staff, quick service and great drinks.",tip
M-lNvZD_EZtINDgy0c6ARg,nXJ5iE1LAmiD3ZPbx0wVgQ,2016-09-28 17:43:18,0,I have been coming here for years.  All the stylists are fabulous!,tip
lMY8NBPyzlPbbu-KBYfD9A,WDOjluN4QeTnjt4E6DmIYQ,2017-03-30 23:00:37,0,Visa & MasterCard Only,tip
BsdMr3hnc44zZcD8PxgeSA,TfSOfMR7s3n9rpoy6u60eQ,2014-03-27 20:06:41,0,Home coffee event 25% off coffee & drinkware March 27-31,tip
Cl-2k49bjBHyCR3CZKor_Q,Dqop6WgHI3m_piEVcaPJ6Q,2018-12-22 20:04:18,0,"Relax, enjoy and sit back.",tip
v_w-fSToIY4jCleai315fg,c2DHLrEWy743ZrKS-RUULw,2017-03-31 22:08:18,0,The girls working are the bomb. Especially trish and Amy,tip
NSbebuq1XKvD2AYynlOk0Q,qLmxPYe3QQevnqbnHgdX8w,2017-08-19 00:28:56,0,I think the food is expensive for what you get. Just a personal opinion,tip
XjLD1NMPk_1c1ihWZhq7xA,oAr5xLROemssvbu0n6MARQ,2012-06-09 18:36:06,0,New mgmt... Seems great,tip
JZicKqXG2uMUKGk-FlczRA,EDn7j41UaWM_yRbRPGJLDA,2011-11-03 04:01:41,0,sex?!?!?!?,tip
sraTrYU-7q_bQ0TxQrLJvQ,dv4yKRAKfvPGiMqpsSwH6Q,2020-03-12 16:42:27,0,Get $3.13 margaritas for chilis 45th birthday 3/13/20!,tip
-r062wagCApSPi6PJ2ePEA,4r6N_Fhiwoqo_FqQ7Mm6mQ,2014-10-02 04:01:23,0,Incredible food.  Delicious freshly made chips.  The salsas are creative and flavorful.  Delightful staff!  A real pleasure to eat here.,tip
TbYHGF3mDFKHUyh1r1IFeA,w2XdjBApTWZowED4vwilpA,2019-07-28 23:23:44,0,Great food at a reasonable price and friendly staff,tip
J8dNOrimGt6hPiV4VN2DtQ,Esf3-D_44pArPd9GqysoCg,2017-04-19 04:29:52,0,Amazing bread pudding .,tip
AaJ9d4OrFmgc4S_U2QiSZg,lUoMihbfdnjTW41ZvBu3Hw,2014-10-16 06:09:17,0,"If you just need to drop off mail that already has the correct postage,  then just circle through the drive-up mailboxes and be on your way.",tip
Qc2iqVraqnuA7efVdWscOA,4Am_sbP0WDw0Q7aaAy6XhA,2012-07-07 17:25:58,0,Sale!,tip
NaNc7OsJrnQS__GBAItwFQ,GWykf3nN8kiW-Nv3pIeKeg,2018-11-22 04:30:17,0,Food is great. Try the calamari! Service is even better.,tip
P49LnJxuDWSwDR21eoxZCg,R46XVcmUzy8qeerHyZQtEg,2016-01-05 19:22:16,0,Amazing combos of ooey gooey cheese. This meal satisfied several cravings,tip
lSA0wc9EnIndn5F3Q6RNmw,agzEfydzvZWlbzpcMxLPBg,2017-10-14 19:54:42,0,It's not even mid October and Starbucks has sold out of their yummy pumpkin scones. Unbelievably poor marketing Starbucks!,tip
3jjiY5D7oIlKeiCIZGHQew,-loV4cB2Uh9TCltTRgGzWQ,2012-05-20 23:18:51,0,Almond Croissant. OMG. Sugary buttery goodness.,tip
MFG3s-_CtVU3CQM-mrG72A,JdwFlRgsMvyPKmZIHyhMMg,2020-12-23 22:37:31,0,Amazing,tip
RQjtzwpJOU3-_g_KxsbgUw,6lGpvlaXSYqvqncHc2qDPw,2014-12-12 18:05:03,0,This is one of the most dysfunctional grocery stores I've  been in. It only gets worse with time.,tip
L1ayZt4pBRKhO00OhUaLAw,e42VEvA54BcgYadQ5dtykw,2013-06-27 21:42:46,0,"I'm trying the local pro, it's the pizza of the month!",tip
KQbgCgN9CPH12UEMvpFT6g,_1wGbJlj9gRIcbGikrhUmA,2013-07-22 20:20:37,0,"I love coming here! Every time I'm here, I can't help but order some egg rolls. They make the best!!",tip
1C0lvOrlq1JSe-e8yPOzSQ,Cvsnu42EAZeia5UJnbKeHA,2012-05-03 17:34:58,0,Jazz Festival,tip
2aG5kPbbcD0YAOBfCHaFlg,HhDmtHGXwJH20te7nhjINQ,2018-07-18 02:54:21,0,Been there 2x this week!! Yummy,tip
Mdi_NgH5h4yRKsIarlVUhw,8baEn5z2N845Wiby0b0d6w,2015-07-09 13:30:21,0,"Beautiful for walking around, relaxing, taking pictures.  Of course there are things for sale at a great price and quality.",tip
ZfWFU20SXhWaM_mLGAQg1w,6a4gLLFSgr-Q6CZXDLzBGQ,2017-03-12 08:50:27,0,food is out of this world,tip
4-V3FKYVoT65YQXyzQpZ3Q,fJ6AA9S7SEq3sim_3Sim3g,2014-06-14 22:07:03,0,The Rogue hazelnut brown ale is reason enough to come and hang out here.,tip
mNTAZ9F-0OZVzIkx-xhw8w,YBpFzTx88AGRTBXKBxcMFA,2011-08-31 03:09:12,0,This is the worlds worst walmart ever! Terrible customer service! Longest lines. Only one cashier all the time. Plus people being stabbed.,tip
fVxCOhtnuKy49r7xQ2AoSQ,pEkkIn1bhyACFb8vwvMxwg,2015-05-10 21:32:51,0,Here's a tip: don't go.,tip
92FctlXlt2_3D0U0948quA,j-qtdD55OLfSqfsWuQTDJg,2011-01-25 18:45:30,0,u wont want to leave....add 30 min to your lunch appt.,tip
qVI4IvpTEh47pWuWLRiXVg,gdEZfd6RFXYmmXX71RDvbA,2011-08-25 02:19:56,0,Cheeses of Northern France tastings,tip
g0_x4kVvJAYuk96oCcbOmw,kZ1q0K13tFYG_ZJrVvsJHA,2010-09-15 20:54:07,0,$2 lamb chops rule. Get the cucumber gin martini w bluecoat!,tip
Hfn0_kSSJemyrZmTU1UA3g,1UVzWBLQu1sbisoWvLJ1JA,2014-03-05 17:58:47,0,Real grocery,tip
Y4rn66dRNDb6uNFoj4HA8g,A5oUzpbPmIIxKvxx7Kz7dw,2014-09-15 02:18:09,0,Great customer service and awesome atmosphere to relax and watch Sunday afternoon football,tip
O1_mLC0sVAS2RqsfPZTiXg,I8mJJrbXmuYSDA0-hoy02g,2011-08-19 23:13:47,0,Free breakfast entree each day 8/22-8/26 between 6:30 & 10:30 am. Worth the trip I'd say.,tip
HDMK4kAGp7lfaYCZlMoPvQ,IgCwdvf8RTNUkcUhylBGBg,2015-11-23 18:52:25,0,Excellent place!! Great service and excellent staff!!,tip
yhaxEW2nUboIPH4E9G8sbg,s3FRhtaNU8dt-mKkLKUQaQ,2012-07-22 02:50:18,0,Review later,tip
71pNKS7ZR5rZM18agMf2Og,ytynqOUb3hjKeJfRj5Tshw,2015-07-16 15:25:07,0,My first visit didn't want to leave. Had everything my taste buds desired and more.,tip
D0SnIQs5xwrXNK47aJHfQg,WfGXFCu0e0SVr9tZG3-TfQ,2017-08-02 11:28:31,0,The one at the entrance of the food court is in slow motion.,tip
_MrfMGAlXJyQ5tJ687_7Lg,xe2L_RvBNgkrVburQrfW_Q,2017-04-16 16:18:03,0,"Great visit, Jamie's Bloody Mary is where it's at! I'll be back!",tip
h4rNqF_l8fNydeYQP62t4Q,f5rVYXjpVDijHSF-6C9w2w,2020-12-06 04:52:54,0,Florida needs more budget family places like this.,tip
QZGTmo3U2pDXaLOfUOPKRA,SsdCrUeZlHqqGOWTfZ95Cw,2012-03-24 22:19:00,0,"Parking can be challenging if there is a reception downstairs, but the food is worth the hassle.",tip
fiL1mZBc3AIeDvu85-50jg,mlgewa5y_a_AxVTamXGemA,2011-06-03 23:51:11,0,Seeing Miss Saigon finally. Should bring me right back to the family room and Peter banging on the piano.,tip
KXHScVQ63YfM4kaY3y8xlw,l6cY2ndR-6GmqhVeuA0VgQ,2017-10-06 18:30:44,0,"Declines coffee and pastries, a bit on speedy side, but worth the try :)",tip
magzzZfOs3RjMuRenWWGJQ,-ikBycdroyTLDBHR9aC3HA,2019-04-04 18:23:48,0,Love this place !! Best pad Thai and basil chicken in Nashville,tip
aoU2ZkaHev6gOatBPB9NVw,Y36t15AiaL9ZPDHkD3zpoA,2018-08-28 20:51:44,0,i got my nails done here and i love them !!!,tip
v2LMKoeGz_1t169lUM6xNg,7yPzOek7Af2dKWGYKpcHWA,2015-06-28 20:34:58,0,Utterly delicious from the first bite,tip
c87zSGqkAh_HhGM7nR13vg,x7jmbNVlvKJPW_bOmedWzg,2012-07-12 16:23:35,0,This place sucks. Ghetto and ignorant staff. That's why I go to little ceasars,tip
8rKcs_6nc7Z7tDfCisNbKg,ZoI1Nj3uoSper4l5q5nrng,2014-05-24 10:39:20,0,Very competent crew! GREAT tea at 0600.,tip
C6QNvmazQFNrzroFERtJ5Q,V0SHmvYtXqdv8-AsqshV6w,2013-04-27 18:38:16,0,Happy hour $3 quesadillas are huge and great.,tip
Wk_xohYcysEWnkhOp3sBSA,aT6dfEcg0bucpmdrE_G1zg,2016-07-31 20:56:54,0,Grand opening weekend. Crazy long wait despite 3 rollers. BOGO helps soften the blow of the wait.,tip
Bofiz9C2LxbGfqtQIMc5vA,8LbqoxdnVjL-9Tc2JOG1jg,2013-07-04 18:21:26,0,Martini extra dirty = extra nice !,tip
c24SED1kd2wzGKOe2pWcuQ,trdv3x6EWp1Dy30VCh5K0Q,2021-06-09 23:26:28,0,Love,tip
aNL30MUlWeDhv6TCZsMkLA,wLLQNryYRoXZUiAZT4yPCw,2015-12-10 00:46:10,0,Delicious food and great service!! I'm definitely coming back,tip
KUdkYM_INLNV13t5-I7yNw,gR2MRPHvSYY1pLV1CCLVaQ,2012-05-23 05:08:44,0,"Q: ""what type of spices are in the spicy fry seasoning?"" A: ""um, spices.... You know- spice. ""                     I am baffled.",tip
lVW0BD_ZkWVGDVwBurcyWg,o0l6jh5U77PEdvM_KlQ24A,2019-05-21 21:09:20,0,Save $1 if you pay with cash,tip
BB7iAAA3XlHHRj5_wc9wYQ,jziliEq8Zum-EynD5v-Hvg,2010-03-13 04:54:48,0,Spicy margaritas are the best!! I want to drink them and only them. Seriously-they are good.,tip
AdKR3O5elZLLRQDCSZQObg,DfOCttz-opGkHQqjbzqVAA,2012-06-25 17:26:10,0,My grad school haven this summer!,tip
ZmbqKQHnzEiiBdit-gZzjQ,6cfNCzL2A0XsmXnjeg0u7w,2017-01-25 20:35:04,0,Great spot for a quick bite. Staff very friendly.,tip
NjdD_QkoJNowi1ooaD-SsA,1kVnChI4aqsPw9i2PVqkkw,2012-05-24 23:34:09,0,"Aaah yumminess!!!! Great things to try- the cream cheese brownies, and the margarita pizza",tip
tbI8YO0O51Mrm_yIiD9Ptw,2bl6G1zgXUHbMGwEocqMSg,2015-12-17 04:49:18,0,The pizza dog looks good,tip
OgcoGktBeDe0ZTBRQnpEBA,oBNrLz4EDhiscSlbOl8uAw,2016-09-13 23:42:01,0,Good food. Great staff. Long wait.,tip
IKpWxL9TH7Cv9BBO-unFmw,5Y4HAjtn0c0TY0aX4XME6w,2021-10-16 23:00:43,0,G,tip
EGucwszGZ310w2iV6g5WNg,LnI2XHbeEiF4a0yTkJf-Yg,2015-05-30 14:53:13,0,I had a really great cheeseburger here!  I'm going back for sure!,tip
jGav09Sgh-dmTEcO0iR5Ow,UGefDZNmnBztS0eoXWtHyQ,2011-06-12 00:43:34,0,BBQ RIBS & key lime pie,tip
1TV-7yclhxvz1YjMEXceng,HYK6JACOzRHk2XHUjbyJ6A,2012-06-20 11:52:30,0,A great way to start the day.....Panera coffee and cinnamon bagel.,tip
h5Wj51CMbLzLaY1tiRPVkQ,lOZxgiTD0KBCaECdL1eWHA,2016-09-22 17:31:40,0,Very friendly staff. Great burger and their ranch is excellent. Good atmosphere,tip
gRc5j1p7yGmcF7B5ivCkvA,Lw1gzZZGI2GFQc6BI5zyJw,2011-07-05 03:42:26,0,"Awesome spontaneous July 4 stuff. The rest of the year, well, just Awesome.",tip
siVtjO8xrSxbrK-zqXCGew,TbxnO7v3mbfonyQ4FhLMfw,2014-11-09 01:50:31,0,Super heavy on the IPA's on the beer list tonight,tip
Q37HuTy7S4cNi7evZ6ATVg,H0TidC6ft9wkTBAhsWrYLQ,2016-03-12 18:44:48,0,Fast service. I used the curbside pick up. Food was hot and the order was accurate.,tip
c9fO19FTenvJS0JBGY5x0w,kFxHQcrCEycaWLEOkkoE1A,2017-12-01 14:16:42,0,Excellent coffee and love the space.  Exposed brick and sunshine.  Happy place!,tip
a6E2vlWZtyoOjVyY65ILVw,aVQg8bn3y0DTny-W-bIQ1Q,2012-07-14 22:57:43,0,Swiss Orange Chip ice cream = amazing!,tip
4EjePjAsoWHvvBB_17CWvw,q3qHHAMG8v748fe2z0EsCg,2018-03-25 17:36:00,0,Pretty mediocre service and breakfast. Your standard chain breakfast joint.,tip
9hXSKeFPq_9C6By2ZPOkBg,TiaImRnjrhBiZDyUo5_aMg,2013-02-08 03:24:01,0,Schooners on Thursday,tip
pr-lgmNihFyCAmpslLSahg,T_GeXNYY_zO0WpJzBxQj4w,2021-10-09 22:55:54,0,"Omg sooo good!!! First I love the atmosphere, very diverse, chill, and friendly.",tip
dqucQwA-CHWhUczwqIxKKg,bqRlANafHbFJFMx3zOjMbQ,2017-02-13 17:03:46,0,Black card members: the design your own pgm with the trainers is a great benefit.,tip
j2Pf3ScRHEkh5TZLfEm-Kg,0w5CGasMnBI0R9tW7xxhAw,2014-07-06 17:07:18,0,Get here early.,tip
8hQo7FWoDvF6jhJz2ZARRQ,fgnHM4VT-n1VjFL3YeBJsg,2021-09-22 05:45:51,0,Best Thai food ever. Their fried rice is the best in town.,tip
smOvOajNG0lS4Pq7d8g4JQ,ZewrmVIdr77Kinj-njv6RQ,2013-09-17 01:32:21,0,Insomnia has some great cookies! Tastes even better when you've had a few drinks!,tip
ygtjzQs1gybvr-CjpQatwQ,WQRgEyMxLg9lF7ce0psN_w,2014-06-27 03:20:53,0,Have used their services many times over the last few years. Very professional and get the job done right.,tip
phoMcYUbBJeAKUD0GE76GA,BK2gUCtc4OzOjDHDCom4Ug,2012-06-02 17:30:25,0,Nice martini list!,tip
4w1C7mZ2-gENlZNCP3ggqw,nRKndeZLQ3eDL10UMwS2rQ,2012-07-25 02:11:47,0,When family is visiting we have to get concretes. It's a St Louis tradition.,tip
W625SoCsKsZyiws3GR1MTg,CflykRQLCJNUW3tVWmRjoA,2011-06-09 23:41:16,0,Only downside: lots of screaming brats.,tip
NHgftK5FauIwoj_tIH5ahg,ZbsH2tXBjA-3v973ZsAZ_w,2019-05-25 19:47:57,0,.,tip
zs-ICB-NeMPnKPWqaK4yMw,-ZuicuSamsRhuJhZZp7Lkg,2012-07-01 22:26:41,0,"Ladies night. Yes, we are seeing Magic Mike.",tip
IEZ41Ds8Mo98v-SRnLozNg,nIAbuktMEzVjT4P9pG89rQ,2012-10-09 17:23:25,0,Try the edamame ravioli and chicken & ginger dumplings..very yummy!,tip
HltdGCOe3GuUXpzVhspH7Q,CADaY34LnEGjpSpU7Lee8w,2019-03-16 21:42:17,0,Great service and food,tip
BYV_SMrNfsRIeE2ZaJDUrw,Thksu3pRk_QKFmKYa23mow,2014-01-06 20:33:01,0,"Henry, the former store manager left and the new manger is Rochelle. She worked here several years ago.",tip
VL12EhEdT4OWqGq0nIqkzw,FAqFtRj94IHvqe9XAPpRew,2016-01-03 03:57:46,0,Ask for Daphne!,tip
Hp10AYHUfv9VEeZyeB1xnQ,mJJTx-x896dLV2gSMwQ35g,2018-04-24 23:36:04,0,The chicken is very good but it is kind of salty,tip
0-hb63A9uWjR1YIyVMu6rg,dI4hRSdt90bZyh2L9Kz71Q,2013-12-07 14:35:50,0,Do not actually kiss your cousin. They do not want you to take it literally.,tip
xx-RWtdsrPjGJ7b-JJZBZQ,GEfM4uB9j6oIr2_XEaAArQ,2016-02-28 18:48:07,0,There are some kinks to work out but they have potential and I will not judge harshly this soon. They haven't even been open a week yet. I can tell they're trying and want you to have a good experience. I'm taking it all in.,tip
0N0RElDwUE2weMXI9lYiXA,FjRH6l8aQOmfXuo00lheLA,2012-10-29 20:56:07,0,Try the hot sanwhichea on the ammarosso roll.,tip
4x0nML2FclUKltK7bK4-6g,aXe-1VZjFLNHRKk3znO3Ww,2016-05-17 00:42:53,0,"Worst experience. Chips are bitter, guaco was seems a day older, salsa is worst.",tip
WXMF3tCdTiZOAXRJewl_yw,pFzcy84OCWx1_x2Tdv7g3A,2012-09-22 22:53:32,0,Emm. Kentucky Bourbon Barrel Ale.,tip
ZIsKF87RjXHTkOMkTLitgA,-pyEgpSarPYwbclUdxk2Ig,2014-05-08 22:10:34,0,"Yum!
But slow wait for takeout!",tip
iB1mc81AAq1V0BxcMX3mdA,RDChgx8DaaqOnxlpElBsRQ,2013-02-21 19:39:20,1,Stay away from this scam vet office. Getting an estimate doesn't mean anything. They will charge for all sorts of random things. Very unethical place thus a high turnover in personnel.,tip
ftAlCeyaXHXSAVFxbwMvAA,rrrOJ_vYXuQaouyLZROThQ,2014-05-03 22:55:58,0,Dinner outside on patio before a movie with Stephanie,tip
QCZhSYO1wYtepsI7ybQhuw,uB12vX5p9T8z0g2Eq3bBBQ,2013-05-19 02:12:15,0,"Stay away. Stay far, far away. Unless you like minimalistic, room temperature food in the form of foam, this is not the place for you. Overpriced, mediocre food. Oh, and the bare bulb in the dining room is great for atmosphere.",tip
TUR21jv1-_GCwmeO3ouOBg,gqmQA9TIdmKz3tCnz6DqFA,2011-11-05 22:27:19,0,Try the grilled chicken roll.  Healthy and yummy!,tip
jt5uC-YUKSBYFjZyh7CzSQ,4i4kmYm9wgSNyF1b6gKphg,2012-06-10 09:43:38,0,Off to Apizaco Mexico,tip
m3vbPluNsOg4TrAwG16Jqg,EJ0t-DhlxWaMz2txzO7WVw,2018-06-03 02:12:56,0,Newer menu is amazing - German potato salad is to die for!,tip
FTdHWG4v7Eopb83YMh0Ftw,E1gf1YIWOo1BgzMUwJtEZg,2010-12-05 21:30:16,0,Hmmm. Tomato Pie.,tip
HWBpmNOTvdC6WK_h6jSCfQ,SrtakCRVHSFOWtI70wdVnQ,2018-06-23 22:52:17,0,Wasn't much flavor... I expected more,tip
Csa8IkQE6kfv9HD_J8UpKw,FdSPMsEkYaK_803i9j5Img,2014-11-02 21:36:18,0,Try the meatloaf,tip
f8et0y3ymzMAHCEE49tXcw,6t3zWNWQKLVUHUuFp5dpDQ,2018-11-30 17:48:20,0,Ask about the secret menu!!,tip
fQOXQZ_EoAmbCpY7qehotg,fKXU_HMU09PJfTHjtInN0Q,2016-02-23 21:31:03,0,My food was excellent.  Will recommend to anyone.,tip
ApmQaY1NskNJpcf-u5wwFw,HKIy1NZM5C8R4QA9S_rU1g,2017-04-17 21:08:24,0,This place is always great.  Everyone the food and service are fantastic!,tip
Pifhlbel2iCE2QN9o6-JmQ,2Kii_YhfQM4XO7b-Zf3c6A,2013-03-20 16:35:02,0,"According to the sign in sheet, I'm the only person here who made an appointment. In that case, why have I been waiting 20 minutes?",tip
VPJKy20BcRiL3Zn5zGjPQg,MU8ekK-1u9IGVGAbHRdoMg,2021-07-28 01:43:47,0,Very authentic Asian food. The best in Reno.,tip
YbUubACDewutJvBkMySh-Q,Lw1gzZZGI2GFQc6BI5zyJw,2019-08-26 18:14:13,0,"Great beer selection,great outdoor seating ....please get a decent rose",tip
ipjlD-L4w_ktG05iJECxlg,Y-6qMeTYkqUAjfvaug9Rxg,2018-02-16 01:48:12,0,"Show up early, they fill up quickly",tip
Kb50NdYR3P2e0LzO6kdbcA,ltmenUcFgNv7fPOU2BiwKw,2013-06-28 04:28:37,0,Beef tacos. Delicious.,tip
MNUhPxgPMoP3TZWuNgaZPg,pWuoHHu0LuVrD0HjadDygg,2015-10-04 18:40:11,0,Amazing and delicious food and drinks.  Ask for Skeeter or Shawn.,tip
WZS051u9IVKGR-H84r3Fxw,lg_ulnOYuQbZZ3VnMSXCOg,2013-08-25 14:30:05,0,Love this place. The sweet is amazing at a very reasonable price,tip
Vs-eGNNSx3hlkUtxFwN0UQ,yI-ahfduU45_bZa3ZgEx4w,2019-02-27 00:29:05,0,Such good pizza and I love the spinach salad. Fun for two or the entire family,tip
JP_ZL38V05Fg_NN4YHknJw,g_yKTPtOZ2KrR6Htzblt9A,2017-04-29 13:11:32,0,Best pizza in town.,tip
QSdGDZIV_gADxmgMzsXrEQ,rrNF0siUBVQOOgsFVfGpKA,2015-01-16 22:32:31,0,Only local will come here,tip
01Ufq7I1hpRE1-83rFZT9A,f4DCA9U-TigfarQSagXkLA,2019-12-29 16:29:02,0,Strawberry chicken salad and dressing a must to order. Pita bread a bit too doughy,tip
eXBx_xG5k-5g4H1vCMQDSg,rVgflmjZVl0VxnQmIgqGfw,2013-08-14 17:50:03,0,#6 best veggie sandwhich ever!,tip
gZcxXnogU1O-gPTbqqtMYw,BuQGsltd3B4L_HRCP2jpTQ,2010-02-28 01:40:58,0,Chicken fried steak! Amazing.,tip
c_YjHxlnDARw6UothG05sg,EFci0tbSrb7wko6tpVDnbA,2018-04-14 14:15:09,0,I guess no more Starbucks meet ups unless you want to walk out in hand cuffs,tip
BxwYzC0_wbJHqhp679-GOw,bdteJqgoj0OaALhj9RFtmw,2010-01-29 21:42:04,0,Bulgogi!,tip
nHMN_pcc7xb71zoSo56LYQ,3EOvDvUiOwZ3k51jiVwNdw,2015-11-21 19:49:50,0,Best tater tots I've ever had in my life!,tip
1TxMNpnKFV1jpeJfs5qhNg,BOjpe0u5u_cm9SWMS2KLFg,2015-02-01 02:06:16,0,Horrible service. Enough said.,tip
tNx5cK6Ch83GyVwXItzEUA,8FpBSnqCYF1BmicCged51A,2012-04-24 20:58:56,0,I just found a fun size candy bar so old it had petrified and crumbled.,tip
DQLIeWYj1YVQbxGDzw9Scw,Y-eZ7J3idpvM-ocEeOul-A,2013-03-02 18:50:07,0,Cheap gas helps...,tip
iYwfZ--p9IPbB-zz5DXriQ,ZF0tt7hn6WK3-aNWgtLcFA,2017-08-03 21:48:05,0,Take as many tours as possible!,tip
pV-zk27LoaY3sQiSr9kImg,pDCPznJu2PwoBbN-RAxtaA,2015-09-15 02:24:24,0,Order ahead and freeze some,tip
S1-cbVcXw7PsW1GGl1H-xg,i_FWONQD1ZBqrNE2b-M5Ug,2014-06-01 17:31:30,0,"Great staff (Wade was super) 
A perfect brunch.",tip
u0UB-erue3RHkQPD-4gVPw,UGefDZNmnBztS0eoXWtHyQ,2010-09-18 01:51:23,0,"Go for the rack of ribs, pulled pork, key lime pie, pecan pie, and LA 31 beer. You won't regret it.",tip
2VP59v9x36TqSIYfYNSf_A,rQW9iupvhk6ScPn2VPNLVQ,2018-07-12 16:35:48,0,EXCELLENT food!!!! Just don't ask him any questions!!! I've never been disappointed.,tip
kA7sIBVKgWXVwWbpXsUHQg,C-vLmhoVkHeWumh3tl_ltA,2012-08-21 16:02:25,0,Side salad and a coke zero...I hate diets,tip
Nhq6BPB5dh4tzREKLv21JA,0VzZyzrWQZ9KAW1vejEVkg,2017-03-08 02:08:11,0,Great food,tip
WKIW7tWyMq7_XN0V2ouo0A,99dN-202N0EzRqdaOA_eRQ,2017-03-07 06:09:12,0,Their burgers are yummy!!,tip
tD6a8AI7q__4COb_hhHc9w,OMT709IPPEwN91CAXpe9dw,2013-07-27 04:12:16,0,Great vegan dishes!,tip
b7RLvMnMhUWfinNo7U9i3g,Zw-aithb3yoS60cjUxL-lA,2013-01-26 22:48:29,0,Water was freezing!!!!,tip
SYLmdF2VXr0wR2t9Tcu1sg,p74IWSpGNv7YMZzGAcOD6A,2016-12-30 01:19:45,0,Must avoid. Most disrespectful shop I've been into in New Orleans.,tip
yNCc-SaYSzdBzVplkIXWaA,29ThPh6IA69V-SfcwfV9Dg,2015-09-15 07:53:49,0,Don't wear a badge or a police uniform you will be denied! To use the restroom,tip
CRJAq6MGQSSIamclr5I9yA,5X0M4waoFm4kH612ezVvtA,2018-12-06 14:54:59,0,Fired an employee for going to a friend's funeral. Spend your money elsewhere.,tip
YXBt_eZM1Wn3Hz8mE7I_-g,KsT3oaQJiM4v7hnqUU9EEA,2016-02-21 16:32:57,0,"Great location, speedy service and delicious sandwiches!",tip
tsZmG5DslXH-YSs37Nfikg,bynMoQz--EsgtIQCZg-YJA,2021-04-19 02:26:43,0,"Try the dinner plates. They come with a meat choice, fried rice or white rice, and chow me in noodles. You also get soup of the day and an egg roll. Yummy and fulfilling!",tip
6shPGfvZCna7MuSVNl_bBw,L6vD-8zxZREX97GTHHWsZA,2014-07-16 22:29:23,0,Try the thai fried eggplant with peanut sauce,tip
qhOX4bNnSNcIuv3nQUiY3g,lakMZT5PYQltSOjGXWnJ0g,2013-07-05 19:41:38,0,"Pineapple Basil, Vietnamese Iced Coffee, Mango Chile Popsicles",tip
6_3U6hch4b0zpi58PuvvAQ,KD9-X5AykKmiZszrMepjhQ,2016-06-09 15:29:38,0,"Unfortunately, they don't accept Apple Pay so I had to go to Hub or Starbucks to get my caffeine fix when I forgot my wallet",tip
XxRFHwQtwv-cn2Ad82w6Ow,HfUHovtSl2Mf6qj74J11-w,2018-05-17 19:20:32,0,Great atmosphere. Good food and friendly people. I love coming here.,tip
IgYjcdAhKA6AUIan1zFNmA,mxZNnWOXTK2YLE_gDPeAQQ,2015-08-29 18:53:42,0,Beer is great but way too loud. You can't hear yourself think.,tip
SJYF88cgvX9n0uGjkALBig,9tmPbiNe3gntWrjmfJo4Bw,2013-08-17 20:00:47,0,Open more locations :) Start with Bloomingdale and Lithia Pinecrest!!!,tip
FhftVvzk9Bgc_Hb7rflYKw,uZYBF0YTU_iKq4_L_PDtMQ,2014-08-09 16:11:28,0,"Great food, great ambiance.",tip
fCvMnJU1Z-XhAjKg99wK3Q,dSREmBFFzGeMuWZaGSCIHg,2019-10-31 07:40:45,0,In the former Viking Pastries.,tip
Hi7_9ZD9Mo-HCopZeg48nA,csS_UrBujOvjASbX3gLW7w,2011-02-05 02:06:30,0,Trying the Dallas burger...,tip
-5TTpDLvPr3XPXb4PjuFig,MMXGMWnv_EafsQcsk0VHXg,2012-08-27 20:06:26,0,@ d gym !,tip
W1sGKhPV3nRw3eljyP4ziA,e834AC8gtVRmRTkhpdSEUA,2017-07-12 16:32:55,0,"Ethan is extremely courteous and easy to deal with.
Will go back again.",tip
AYKYL-FlduESpxxgbjN6BQ,1QQTCX8HOdIiCkaGJzWFpg,2016-06-03 15:13:56,0,"Faster, quieter, easier than Starbucks inside the main rest area.",tip
6xAu7_FPNtrj4Ru045i6zQ,_7lj5Anv74yWRA_JphK__Q,2012-06-09 23:59:58,0,"Seeing Great Local band, ""Coo Coo Ca Choo""",tip
OaYkCzoguvIGhmEg5E-UHA,FEBwxZMEpxRwVXx9Fm0XZw,2018-04-04 14:44:55,0,Great place to stop for breakfast. Delicious.,tip
_qoBD5avAWJs86ln4rcMCw,jlOnEtARzrVDGGhXZ36T8g,2013-04-27 17:00:37,0,Saturdays are adoption day!,tip
qji1UCADnmYp-HvBmyMcYg,wKWKOEsQxB7B9MWAMT7N9g,2016-10-16 00:21:08,0,This place is still kicking ass!!!,tip
dYzmK4IvlFHN-sUrsnyg9Q,E791befRZNc1JkX4OzM1LA,2015-05-07 21:21:46,0,"Store closing in june, nothing on sale yet",tip
lyLsmoAgHUMxm9QeITRW6A,KBfOSsM7xO8jYQnK710HgQ,2012-11-16 16:20:23,0,Greatest Eggs Benedict! Just swap out the canadian bacon for scrapple and enjoy the best eggs Benedict this side of the country!,tip
EMB8sLm1LA-aPQRYby1-0Q,CKoWQ50vkEc1TwJXnQK7SA,2012-06-09 22:25:57,0,Fried tofu with garlic sauce!,tip
ZDoBWmFUUrAkQ-jKVu-x4g,mhrW9O0O5hXGXGnEYBVoag,2014-07-01 01:04:56,0,So cool! Awesome atmosphere! You have to walk through the kitchen to get to your table! Great local food!,tip
CvVvBDKidCZ82Xrv9H8Rrg,4WdDY97x4GdMYtyk1KQMnw,2017-12-25 03:00:55,0,Great food. Excellent service. Wonderful people.,tip
Pmg81ZtuykjKh07uDlNvvw,bU-N5RsCA9GHrfQlQEt4Gw,2016-05-18 10:46:00,0,"Nobody wants your trashy, lazy and terrible service.  Nobody.",tip
ZfLwwp0slguUq0Vwfn8ZKQ,Q_PYyRMZ8gyy5a4l3V9glQ,2019-11-22 21:19:08,0,They were quick and pleasant to deal with.,tip
0x8EK4LCGMCP8Zrlvelr-g,jtcsbp7trZmXEIaClV7waQ,2021-05-04 00:43:49,0,Great food and service and nice staff,tip
AHRrG3T1gJpHvtpZ-K0G_g,QTbahs-GVuWYL5yfdjH34A,2013-09-26 21:10:14,1,I have yet to meet an airport that I love more.,tip
KDewJBJknfWvQyHHFNbfdg,QTbahs-GVuWYL5yfdjH34A,2010-07-11 04:02:29,0,Baggage claim should have champagne in a can. However it does have high high ceilifs!,tip
E6hp7ptkskwtjO47A2uqaQ,ujN8QWiLDqNhcu4LQ3f3nQ,2013-11-14 19:53:07,0,"Jim at service is very helpful, thanks again Jim!",tip
IMVZIi7x3d3NIQH1T5MN-Q,01YJCek52uMnAfmBbloX8A,2016-06-05 00:48:21,0,Apply for the Nordstrom in-store card. You'll get points every time you make a purchase.,tip
b1-q-BbsZwFwqugpyKOEow,YDbHD4ndtYN3CynTL1Bi8Q,2013-07-05 01:15:17,0,I've lived at & worked for Nashboro Village Apartments for over 6 years. We're not perfect but strive to provide excellent service whenever & however we can.,tip
hBycUxzwa4ECRfVBpQ8Ovw,uPJ2PYEU_f5IeQnNMT1MgA,2019-11-27 20:50:56,0,Lovely little shop with a very personal shopping experience.  Affordable prices too.,tip
ZQ2B5gWNEn3m5ghcHnoEwg,6aPXOXi8h1m58hihgi2dvw,2013-07-29 18:33:15,0,It's not cash only?! We paid with a credit card. Great food low key place but a definite must go to if on the area. Find the bartender Matty and tell him Toto and Dorthy sent ya!,tip
KLd9ahS8hINGi4iA5gvRGQ,mzTTdvQGkUHZ8ii7OnZC5w,2012-03-03 21:11:13,0,It's effing chaos here.,tip
LRuo0FnfLBJsiqPEPjZPEw,XtTDxpk3KWLscRO8KDsn5A,2018-01-23 19:19:29,0,Just stay away from this place. Rude and unprofessional. Selfish and lazy.,tip
TaPPY4RARonNBCCk4-umIw,RiC_-68qxtDJqiIs5mRR6g,2012-08-24 16:39:04,0,"They have wonderful Alfredo sauce, not greasy like so many other places. Also love the chopped salad.",tip
e-qoguKV0P062rqswSTPkw,nRKndeZLQ3eDL10UMwS2rQ,2016-01-22 16:54:00,0,I love it so many selections! And these Midwest ice-cream is so great!,tip
5tHXeftsMccth8194eKK3g,b13EoceGelGyrIPRxxiERQ,2017-02-25 02:27:33,0,Great breakfast at a fair price. If you're in Indy check it out.,tip
6uHOGGRiEym636puuxsyHg,3rzQnS4ANsIQIkC9ARftiQ,2014-09-11 02:40:11,0,Thanks Michael and Yelp for the tickets!  Go ACES!!!,tip
A-4qrgKVBXCzbKu1jeDYIw,9xErhLpjFcoA39AFeN3lUA,2011-06-08 17:08:22,0,Gumbo!,tip
SdlozylmEKkBW910mGw1dQ,UGRRI0KG9S8WI-oWTaPaHA,2010-05-14 23:58:34,0,Crab nachos and seafood enchiladas,tip
U1hTQPf64Cc3yyhoppia3Q,XJvOamdhTQI65jmzTfreDQ,2013-12-22 18:33:08,0,Amazing store that you could spend hours in. Very helpful staff,tip
cdlGL9tD8yj8IqBk5_CMnQ,SAi55UwRNKZbVJAXh0PFIA,2014-11-30 19:30:24,0,Bad ambiance but good food.,tip
9jt_pqU4s05ATfT8JNWxuw,zl6U447VxCSgvgyL7qf6GQ,2017-01-21 19:16:11,0,"$3 Ketel, Crown, fireball, and Captain",tip
1cH7UEPmg4PvGQ5AjZ7Eow,zXsv-tOEvtSMY755jt-uDw,2017-10-12 16:25:56,0,The food was fantastic - just a hair found in my mojito fries grossed me out...,tip
IpLRJY4CP3fXtlEd8Y4GFQ,H4eTwVFJvjCL0asz94CSTA,2011-05-24 15:05:45,0,Empanadas and a smoothie,tip
vVsKBEIqh_Wx1unmeGGADA,9HvjjSwxxubIhG6E_sObfQ,2021-04-24 22:59:19,0,An hour wait to get a couple sandwiches. Absolute joke.,tip
7JqCVl0wTulCny2R_nB3YQ,68ThEdiK0eWCEgGEmV9Tng,2021-12-18 21:27:42,0,"Great happy hour menu, friendly accommodating servers.",tip
qHm6_4PQRTnzs8qSfy3xLw,_c72muPOhnfUqLRBNIAAcQ,2013-03-26 01:16:14,0,The best sushi restaurant in St Louis. I won't go anywhere else,tip
xz-F5PXMqOa9UyJK4JrOIw,p552G8LQcvOM0KHS7Y5ObQ,2017-01-17 00:33:56,0,Awesome arcade!!!,tip
3I8YxknCZ0-B8fAgCxsRYg,8O35ji_yOMVJmZ6bl96yhQ,2012-08-24 23:53:01,0,My second home...BYOB!,tip
bdb1QeCiXYtMCjlZ-5n8Eg,1Efjww8n7WtKtKTgDqjgdA,2018-05-19 16:54:49,0,"Amazing brunch, well worth the splurge!",tip
LREJWJwyEYNRoLkoZ_SrzQ,rpbACUkHJYSnvP6s0myyLg,2014-04-14 13:23:09,0,Turkey Bacon Egg and cheese,tip
6CkKm_URk1M9apOFSAJgYA,xrP_QeULXqtx_0TJep4Uug,2012-01-25 00:31:34,0,Best salad bar in town,tip
wz6e7Ktkn7K4uTf7HY9txw,-lX4ufgPLYubI8rVxNM31w,2021-04-04 16:44:19,0,Really slow service around lunch time. Waited 30 minutes for one appetizer while dining solo,tip
XEcyomgB0nkKvm0zd9efdQ,NjD-V9pdH7_V8Y8PGl-csw,2017-04-23 15:54:34,0,Get the beef tartare,tip
PAqoGvHI4ncekkvXsx54Vg,RcsTutp1103SGiYtam7xRg,2020-08-03 23:46:43,0,Wonderful Pizza and Food! Great service as well. Never a disappointment.,tip
KAcwxzwWtJm-OfgjdjPYdQ,uUYdSFS091ZrWbekp_YTiA,2011-11-10 17:12:00,0,Great customer service,tip
py2rxa2a9s5I3sXKZM4u9g,ICmLHwqo910dgvx15sztEw,2019-08-29 15:48:12,0,Amazing service and great selection of beers!,tip
PT2kDWAaJ7Hubcgun5-nAA,btRAauTB129NRK2WMHjhuQ,2014-09-24 16:17:11,0,Closest thing to boardwalk pizza. Delicious!,tip
Z553GeEp0p2XxzXDiyECng,4D5-gMI-ma_xHIKE5dyH1g,2011-08-22 15:38:47,0,Amazing catfish!,tip
yXCc1g92gCL6h4xHnt0HuA,gGyqnAlpFrka_qzpO7j4lQ,2012-05-07 22:26:00,0,Suite 67,tip
-0j2RlmTp6JYVXYzophNkA,kWHawNFXosP5KsQyM062Gw,2009-10-09 23:09:39,0,Make sure you feed the meter: Lambertville is metered parking M-Sa 9 a.m. to 9 p.m. Sunday is 1 p.m. to 9 p.m. Quarters only!,tip
42_foIILRuZyxiCUuFUe6w,oQ5CPRt0R3AzFvcjNOqB1w,2015-12-26 21:34:43,0,Seriously AMAZING! Fried pickles and banana pudding will change ur life.,tip
mIiYbBpG7yQLwssrObPNJQ,hru2wpiFdQiBR2wKcglV0A,2015-04-02 16:27:55,0,"Absolutely, hands down, the best brats in St. Louis.",tip
jllqb6ymVR_SW_TbbtNypA,2PWmnUV2Leb2Loj0TqxCMA,2012-04-16 00:44:59,0,Aftermath Sangrias.,tip
NQvTcQOBw6FJAPI8kvU5GA,-8NGFqFrlOmWawr827tZNg,2016-01-30 13:04:11,0,Devour Downtown special was great!,tip
Y4EjztIbIWmzHoYJdr4L6A,EtO3uCzcaa9GnxWYKtkIqA,2012-09-04 01:47:40,0,"Terrible! Needs a silk wood scrub down! Less Kroger, more Kroghetto.",tip
FmC0ckrXkS-jHl3IucmuLA,ggNLqZxILZgGabRT_NPS_A,2019-12-27 23:41:19,0,"Our new go to. Great bartenders, lovely vibe, & killer portions.",tip
UCCpZv40DIS8Lii4i5AH2g,iNiAJAtsbV5xOQGRtce-NQ,2013-12-14 02:10:29,0,Yum! Butternut squash gnocchi is to die for!!!! The spiced wine this time of year is perfect for these chilly Indiana nights!,tip
qjfMBIZpQT9DDtw_BWCopQ,QUshQjkKA_s0yTrxOGbRrQ,2013-01-27 02:37:50,0,Siuthwest eggrolls must have when we go here,tip
IHkl2ZqRPv8QM7KOAlRVpQ,ZVaEFKOBAGsQSn86xM0_UQ,2015-08-27 21:23:31,0,Holly does a great job. Stop by and let her pamper you.,tip
kTpsjDUhl9BlRl0FVuNreA,rgSHLh2Le0Un82FDxbq0mg,2017-08-22 02:14:10,0,"If you're stopping in for lunch, make sure to get the Short Rib Melt! It is absolutely delicious! I'll definitely be going back for it!",tip
x6JMU2eHMhm76aro-IXyrg,_pzBF2sn806Zm-tRLCPXEg,2016-01-29 04:21:12,0,又吃到了惊艳四座的金沙南瓜虾。减肥事业再拖一天。,tip
Kkcfeg1D4CSueCyMksbFRA,IpEmFcgK-X2d1rB1Y7fz5g,2019-02-05 03:12:37,0,"Ramen Mondays!!! Amazing ramen, they change up the protein weekly",tip
U6kRrJPPxb8wZSeNIwAtcA,8SlHynYA-QN3UYRpKvNDgA,2014-07-21 18:59:26,0,Lunch special chicken parm sando.,tip
MJlOHpsPivjFVdKXSi70zQ,OAXfyHD2TUE0CRnvLPhjrQ,2021-10-09 10:57:34,0,Food was not the best. Service on the other hand was great.,tip
xW2A0MciHB0pLB4RHTi0nw,cxupofYLq46bxBHpKyFwsQ,2017-05-13 19:21:34,0,"Located right next to a Walgreens, and a Smoothie King.",tip
8M4_nA8e9VacrirvCwrl8Q,TS2lSU78Hk4U-YuDQHO8nQ,2011-09-01 22:29:19,0,Good place for oil changes,tip
T5pznv6pIizgsM6LtoxgxA,l6ilG-3jakpirpfCS_LciQ,2014-08-17 04:07:34,0,Baby kale salad is fantastic.,tip
gM-UlV3hObB5l1v7lElXCQ,jJKvRg2tYr7qWP-VxdjCTQ,2021-11-21 18:11:45,0,Error,tip
SUChaMgIWY89qCDWN_YknA,0hIXH9jMdHov1VrLC8ujUg,2018-03-24 01:35:58,0,G,tip
t9rCx0ni7oabGhx2Bw-kZw,xlKnyisd_MiBpZIsESo0bA,2013-09-27 17:07:03,0,Create place to get a breath and sit for a minute before the rush of work.,tip
CtoXJ3VGyVofztFrurY1Vw,7GCH0wxXHJrcqSkpKuAYxw,2011-01-19 22:56:52,0,Afternoon delight!,tip
IaGqrtyW3F9J9gU8xFu71Q,8xcWmiwVCLKT5opCuQV2Qg,2020-10-05 12:09:00,0,Really great place. Good food at a very reasonable price.,tip
9UZlB3fHVe2JBvPw4kRb5g,yL9j5ASNic_DaDKf9lwMhw,2011-09-24 18:23:52,0,Where they know my name. That's good I guess!,tip
0ACOZ-lTIzvA45oInyF-oA,wK2G-v74dCEzmGEUtKgOKQ,2021-02-26 22:32:23,0,"hell yeah. 5 stars, across the board.",tip
hN-i9S5J4gCRM8sKAh-Eyw,WnGA31QM-srnNrXHLc81dQ,2021-04-18 02:14:10,0,Great job and timely responses,tip
5cBooky8Y5_q5FV2zK-hPg,0QU_iVOpEyAnfFG8_QTGIQ,2013-07-01 18:56:23,0,Heard its a really good spot so I decided to try it out with some friends,tip
8vwuILTvgwivVvvTUN_NsQ,c0spCFxpXFZMNQD8kkMuiQ,2017-04-19 04:43:18,0,"Pizza was tasty, but I find they r skimpy on the toppings.",tip
I2XpWCHAom1JRyHXZQrnfg,BnSN1xaeWVyhM_CzKi_Zpw,2017-05-18 21:52:54,0,"A simple call to this company, with a few relevant questions, sent me in a different direction.",tip
MBsU2pCstCVu78AhAoKghg,uupdI7jlavQBKXme3NS6cA,2021-06-17 01:05:12,0,Rude ass workers.,tip
oBYCIKFK85viaIbmTtQOJg,Afi2c3yiDo4zQzkLMEpKlQ,2015-05-20 21:34:07,0,I have worked professionally along side this doctor and his success rate with patients is the best around.  He has a better than 98% patient satisfaction rate.  That is really-really good.  I recommend him to everyone.,tip
_DEuVOwcrPRbOoG7HzA_0g,nTEmSvz8_DK-iK3miQFCwA,2012-11-22 05:54:04,0,Bitchen Berries!!,tip
fQCNxI5KDvxT2x5kg1ahTw,_jQEeYRXkInq_x7yJm-ORg,2011-07-22 08:09:46,0,Ahhhhhhh,tip
evxO8wIkJ4YtyRCnZ5mE1Q,TV81bpCQ6p6o4Hau5hk-zw,2016-09-12 21:41:25,0,Great gyros and great staff. Loud music and very festive.,tip
KUD-mSjSMizsVsZOUdcaQA,IlQjq2qWM1V4EEu7JTWskQ,2012-03-26 03:08:29,0,If you ever want to meet God come here!!,tip
p2CHscfoSb9m-gm9cl_9Xw,DFyPuAKzJ-uwNvO87UMKEw,2016-05-21 02:28:05,0,Sushi is great and super fresh! Service is great too - NJ was awesome.,tip
e0ztk3NHn7VA4h5JucmG-A,A2wK8wOikyXiAqiVTnyk1w,2015-10-07 03:18:38,0,Rental counter is in the back. Sales is up front.,tip
EOs8FZEHJ-aI_GaYM25pNQ,xdin_ROmRZPlLhqv_hsUmw,2020-01-05 05:30:26,0,Insanely expensive,tip
fylDqbbgPEqZ9J4EBpoI_w,_aKr7POnacW_VizRKBpCiA,2016-07-25 20:21:11,0,Come after 2. No waiting!!  They close at 4 M-F till 8 on Thursday,tip
uHqS_7gmjgVkeznrHc5Haw,MPxqy9jY2iT5zE1WDKFRqA,2018-07-06 01:17:57,0,"Very professional, quick, and went the extra mile! Thank you! Highly recommended",tip
xfOK3q6Vsj-7K7qZmby9ew,LQo1BT1j1noU4k4ITZhZfg,2011-11-19 00:31:31,0,Thanksgiving rush. Cauliflower gratin sample was definitely yummy.,tip
lYl9hR9zZIIZsst7HPHPDA,2boQ9c5CHafTKaPB7H4flQ,2014-07-23 02:31:36,0,Best imos in town as far as I'm concerned!,tip
QVMbUbg5yPlqAU2To4X87A,aa0xi7fgFJyA4qWux6vz0A,2012-09-02 14:23:05,0,"For several years I've eaten here and ordered hoagies to take back to FL. They are always pleasant, even during lunch and helpful to someone unfamiliar with the food. When getting several hoagies to go I do arrive early when it's not busy",tip
zu959q5oxtIKVs4RLYPsnw,T4E23iml3us2oH_OVGBr4Q,2018-03-30 18:33:17,0,Delicious!! Loved the lunch buffet.,tip
XSlSBYjvAQ8EcoeXEv492g,8uF-bhJFgT4Tn6DTb27viA,2013-11-21 19:50:14,0,Best drip coffee I've had in years!,tip
fCE7A9rcZGPNIvJcbWG1vg,6zEWIsb6Lhr3BeoC3gm1lw,2012-07-12 13:51:15,0,"Was looking for breakfast and saw their menu. Egg sandwiches, steak and egg, or make your own. Great egg and steak sandwich and crab fries with their special sauce. Love it!",tip
rrvfQfJcq-VrttVf3YEhXg,0kEyHYpI6ixtq87LV6I1Aw,2018-03-20 19:42:30,0,A juicy tender steak with crab sauce is guaranteed happiness!!,tip
D-Szt2sPl9r1FjXb7Xckzg,WrxVS7DaeXvhEpUXxqptZA,2018-02-27 23:49:18,0,The place seems a little sketchy and the range okay over all they are friendly.,tip
Y5DTjz11riy2RQqsQbardQ,Ihk49DhInTZlAwX4dGAHbQ,2017-03-29 01:47:20,0,Love this place. Sandy makes it even better,tip
bX7SQYCTnUw0wTWBRtEMgQ,O88D3UXolC40wsSpYNhvUw,2015-01-12 00:42:32,0,Lovely event space. Clean bathrooms. Little in the way of art.,tip
CtoXJ3VGyVofztFrurY1Vw,sai0d8BqmAoOL73XGZ4i6w,2011-01-04 22:49:39,0,One more time!,tip
CIyIy2b_F6-2k7qNFcFV6w,3uzC5nseHmKZoFvDH-uRLA,2016-04-12 22:08:04,0,Not a red meat fan?? The turkey burgers are good.,tip
4HjU9DLcBmM2bxY_rrNQmQ,pi1CtS1L_Rd1NcmO-un1cQ,2020-12-15 12:06:20,0,"They are very busy during lunch hours, order online for pickup vs waiting in line to order!
Also they are now on UBER",tip
aYFrtf2vCFqUUFlqKCaZSg,0QSxyOzXwDdaSbeK7p3GYw,2015-10-08 07:03:44,0,"Excellent service, amazing food and can't beat their prices!",tip
TBjFF06LqXQUKrOxdjLyTA,Z9PRjwZ-oUeVN7WnvGqYmg,2015-07-30 22:49:55,0,Good place for family fun!,tip
7ecAQJsQHCRC5MLCCXcpSA,-r6nmLB5Vi2TLQCxh0_dtw,2014-02-16 22:59:04,0,Call to check hours--it was open on Sunday afterall. ;-),tip
8PZi6yHIBQ1wYtnGyEt-kA,x4A46frReno0Wg7ZwczHTA,2017-03-17 20:38:42,0,Tonya is just extremely talented w makeup,tip
E4BsVQnG5zetbwv2x8QIWg,pQNN7UnQRCRW95arMxOAEw,2015-08-19 16:56:18,0,16oz free yogurt on your birthday!!!,tip
VHeUpDC37hePXOSc5w6QKQ,kGhT5VRj2ZBSdXJl6qkLdw,2019-06-06 18:04:11,0,"Get the spicy chicken sandwich, unless you have an addictive personality....",tip
MCadFXlRNEqEdgswwsenLg,4Cal2AE6cr7m6nL20Rz2kQ,2012-06-01 00:29:21,0,Favorite place for a concert.,tip
9DrOGI5N20yoTLXX8TZcNQ,swcfmflnWlhnbvPOHvPq_A,2012-12-31 02:11:58,0,"Food was good but service was very slow. Ok, we we're here on a busy night.but even so... 20 to take our order and 30 minutes later we got our soup.",tip
gcgeV3iJ-Wjebh3ywapfeg,g5tXcnN30wnSNkuq0MSpaw,2013-12-09 23:39:45,0,"Perfect place for that hard to shop for friend! Curries, spice rubs, ginger, peppers and salts, chicken and beef stocks, and gift sets!",tip
pvZfxHQP8OgZ3FJRvCQtzg,NHV2NVzFcx-spJHoOuzP6w,2017-02-18 00:06:40,0,Wtf. He is the worst employer. Secret recipes are boxed ingredients. He is no chef.,tip
Gui6aG33_5XEIB8-D_psVA,x8H-yQUbbeaC28Sj4cqy4w,2014-01-04 01:31:36,0,"Continued:  They are lucky the chef and cooks are awesome or this place would be history. Just now the manager popped a beer, broke the top? Gave it to me, and it wasn't til I noticed it by pouring that the broken glass was about to go down my throat --- I called him on it and he said he didn't know but barely apologized.  Wish the chef and cook ran the place instead of the kooks they have as front face to customers at the bar.",tip
cmY7CKvo7VEdYff-oXOJbQ,weHGBtqZxGd9_CeaflXDVA,2018-04-28 21:41:54,0,Good food quick service friendly staff!,tip
dhcd0-vjumNzq9F1aeK3uA,L_spYpnf75W6mQcIY-6OBA,2018-03-28 11:44:11,0,"They are sadly closing for good this Saturday, March, 31st.",tip
suoNPkV4gy9GaGb3P8yKRQ,7EhTT4iEuA7JaaWA-eI3Qw,2017-03-26 02:27:32,0,"Clean, trendy place. Love their different varieties of boba tea.. their food is ok.",tip
wVLxJVH6pBYgbx5UdloO7g,fZGgthB_jgT0xd033DIMPQ,2010-11-10 01:49:45,0,Tuesday night mixers,tip
4R2dGN18AmaJ7m8CiVT_1Q,vwl6YkyTZVt035bU-g_0ow,2016-06-08 21:59:34,0,"Hands down, best nails I've ever had.",tip
7PlGl2mG9mIiiNapQgegfw,ZgmxyyWoWZhpE2YxufsEDQ,2019-01-02 06:13:54,0,Fuck this place.. staff doesn't give a shit and they fuck up 99% of all orders,tip
GfHvhQG046-MkpPQ02-eIQ,RBus8M0B8_4BlA-42nywYw,2011-08-04 22:39:20,0,Park in the lot behind Fitz and Starbucks for free.,tip
2eC4qmjUNR7-LG8s6t4Ehg,a3IsknnFto1I5m6lj7t_Xg,2012-06-13 21:44:21,0,Awesome service!,tip
4EJ50BnHKL1Z57gRiFS0KQ,Uooe_7n4jy1ZYAFF0xe2UA,2014-05-18 14:48:05,0,My new favorite place for brunch. Awesome choices and great service,tip
wdNTfRMdKZqpOo1G4YJGbA,dN7AMKUhwTa4Kk0bdMRPgA,2011-07-28 18:19:43,0,Veggie combo yum!,tip
9sBTs39EGAvSsWxQ84aggA,iA0csH3u6Ug1x1Pt0-El-A,2017-09-07 22:35:17,0,great entertainment!!,tip
_XYsWFwZ9JSC_kRJyhc-Mw,g1xRzUV-aLjAE4mkdhLwBQ,2011-12-30 03:58:26,0,!!!!!!!!,tip
8tWdY-5vnxdOImO_wiMprA,7arJd6e88ozMfrJT2nCwlA,2016-09-03 01:19:01,0,Salted Carmel ice cream is pretty awesome,tip
r2Vaq3aUX2M_Y5SA0hmxUg,P9hB7eIDMuk2_yRd91hr9A,2014-02-12 00:33:57,0,"Very salty, not enough cheese.  Very cheap tasting.",tip
XU23P8vSFd1lB97CB2ujyA,9DJhhBqQSu-gTBwaqdhgpQ,2013-09-15 18:28:55,0,Very friendly helloooooo greeting at door entry. Lol.,tip
trU3GdmKOBtYHNeMZNtNEQ,IXllQQM7LG9NC7uNQ8un1g,2011-07-03 03:44:24,0,They have pretty good deals for lunch.  The best crunchy roll in town. But they don't have too much options for special rolls.,tip
kXSKBirlIgdd0-SUu1kMdQ,1FURjeGJi_LBXcJQg8eskw,2015-10-16 21:47:00,0,Love this place. Great food at low prices and the ambiance is amazing. A must stop!,tip
le8ObYJ4RsmAAQTLVjeGrA,vKTTtmv9-xoM9IecE68DpA,2019-07-03 03:28:27,0,Food flavor it's amazing,tip
M5HoGdy-mNOV7EHhxB9P9A,h-lCjCOCupoTCqb4wiGtTQ,2013-05-14 22:57:34,0,Great employees there people are terrific,tip
QSIoCtJ1emofP1My3BfmHA,qOrd_jWT3e16_wwRSpvYwQ,2019-02-15 00:41:24,0,It's a great place for events.. excellent with prefix sinners,tip
evX4yWs8KzcLcZYetu0zWA,-3vApQP60bigh7FGBZCQng,2012-12-27 13:23:32,0,"Seasonal, so stay apprised of their calendar. 
Their bacon and sausage are appealing to those younger members of my tribe...",tip
CozGguiwx7JEVk7cAwdvpA,uTqmZj3IVvdXD99r3-kJxA,2010-10-29 19:28:53,0,Gift shop has some gems for the holiday season,tip
QCsX1uQ5z5U-DcUJGqDVHQ,DNMDGalFejExZqwb_YVQnQ,2016-11-03 11:32:16,0,Transports you to another time and place!   Excellent coffee.,tip
majvzBH-HnVwdaUxvMDn-A,KBenyZTF_BQCI2n6Khgutw,2018-02-07 03:47:33,0,"Best happy hour ever!! 
3-7
2-4-1 beer, double pour on wine and cocktails",tip
jwLwOnKPWaG8L963CJHxMg,6wqxuBt2InDipRuUj8BNuQ,2014-02-22 21:23:55,0,Ask for a dirty Americano.,tip
YuMGyaEkCnmP5gFMfHntFw,stqWlKEgXweNQSsxOsHjVA,2017-09-11 00:15:04,0,Slow service bad po boys,tip
SVD4R0_XDwTNT0SvwrSywQ,xXpeU3qK1zGQMnegF4MeXg,2017-03-03 02:03:23,0,The best Italian food!  You feel at home and the food is outstanding!,tip
zX2JRZtRJ7XXd8pRUIMWyw,LbhraX3qY94g3Xn2Havbpg,2011-03-05 20:53:56,0,Awful awful burger,tip
nLHjDWj2Hu1n7aaNNbw0_g,2CrM7eYAT_vnEQnd2zTf6Q,2013-05-04 22:46:00,0,Best Hispanic restaurant in StL simply because of the outside patio,tip
GAiVMNPtrYJSCLJbi73otQ,eqNutOMnPqKa9QDAY6KfEw,2018-08-05 17:42:26,0,Great place! Awesome olive oil cake,tip
2apjFlbVCsUPWVQq8cj6TQ,A_lFaoRFEazDQFKWkA6WOg,2013-07-07 00:59:37,0,The spicy mango and key lime are delicious,tip
UPFhyVThZ9MQjAzvpZig8w,N0a-Hfq1jg6yATQt3j04vw,2013-07-14 03:19:11,0,"If you need lumber cut to precision, go visit Kendall--very professional and  studious",tip
TxWOlVNQ-QG8VGVco9CV-g,wObna18K6-5V-rutqz-jTw,2012-01-11 21:53:59,0,Try their weekly specials for something different and delicious!,tip
4PFwh5zbgyPhTGRtxkSZZA,8CLQHcYUyH49dKMwBsuoSg,2013-12-30 19:44:10,0,"Very polite, order perfect, clean. Good place.",tip
foa56SZHtIFtEMzmEUNM7Q,MbzgGsMQpGyVrUJXi_Jw0Q,2015-07-31 16:49:09,0,The green salad that came with my prisoner egg muffin was really dry..had to ask for extra dressing on the side.,tip
_YNHDJBtvY8_j8LH9dJ-cA,KChWMIHxMChTE11ZVsIVZw,2013-11-16 04:31:06,0,"If you are looking for a place with both good food and good drinks, come here. Like the vibe.",tip
uEXh8nxrVEGvuFfE9ySA6g,ifxbWY0iuTey-YtC2-p-ow,2018-01-20 18:15:00,0,They aren't open on Saturdays during the winter,tip
sg5TLT6RtyKUOw1MUXm5gg,tPYkrHdTsYe_-Ty5EPiP2Q,2020-10-29 01:08:56,0,So good and great service,tip
kg3lBU3VgUzXwemr5JNIhA,n5FS-R7aFxFSBeHfVCAuRQ,2014-12-31 19:59:08,0,Great food! Great service! Great venue!,tip
CAU7F-vDqbQZ67BBYsa-aA,O8YYh_b4hf82C4DAeBhmeQ,2013-04-25 17:32:28,0,Has a beer garden,tip
XL0_FA6B9CceFH0jXhM3KA,ZewrmVIdr77Kinj-njv6RQ,2014-06-03 21:48:38,0,Get the chocolate chunk,tip
5Y5KbsI5buMcNh2hTFaRpA,8QKEbx4q7VMW-sFR2rQA0A,2010-10-17 20:21:09,0,They offer pole aerobics classes here...don't think that I personally have the strength.,tip
37xkbVqPtfol2lqVGFR2rw,jK58-2RpBsUbGKWRo0NlYg,2019-01-05 18:45:19,0,Slowest Dunkin' Donuts you will ever go to. Do not waste your time.,tip
zekXYQgOzQinmz4_2NVAYg,y8YCccpYdgaUalylSamJ5Q,2017-12-15 19:24:46,0,Greek Salad is a must! Sometimes I get a large to go and serve it with my dinner at home. Dressing is fantastic,tip
Z8NavM5M6nPt0uZunlcvbg,EyBlARgBUFBu6ZYS9wENyg,2012-06-25 15:26:33,0,This is one of the nicest Schnucks. I have on at the end of my street but drive ten minutes to get here.,tip
_apCOddyBZBImQgGu3Hm7A,hS6KNGCQVTYUdLb2edt58g,2011-03-29 19:25:50,0,$5 off the lunch cruise with the coupon in the New Orleans guidebook @ neworleansonline.com and $10 off the dinner cruise (up to 4 people)!,tip
7fIAvFMjs6VYKPFA-6eu3w,KSaur56waK0T5SEKcy5AIw,2018-03-21 21:34:22,0,It's awesome,tip
IpSQ178Fi-UrvQeTdfaxoQ,mYYH5i1SafqAg6Aw5VJ1_g,2012-06-22 18:40:48,0,Good place to throw a quick lunch together!,tip
6G881R2WejR2JFAUPkjeLg,w_Ruik_McXjaJ1YqOLoaog,2017-07-16 13:08:20,0,FAST,tip
bVzQnHN6buFWVJxwmCKiMA,ej2kU6KU2TEL7uY_EB_zVQ,2013-11-16 19:58:48,0,Ashely behind the bar was attentive and took care of us despite the guy having to clean up the drain in the floor and being in her way.,tip
VxQdmAO6lghp7_ZG0hpojA,6beCk5M0b9LJ8r2OoiDOkw,2011-11-20 04:48:20,0,Campaign stop--good band!,tip
pQe1F9FZHGJ4mYPmddDH4A,FEXhWNCMkv22qG04E83Qjg,2011-06-30 19:49:24,0,It's the thing to do.,tip
4StF33ZASP-kBp62BK-KuA,KBzvDydaFaE-E8G2NU2yyg,2017-03-12 23:01:13,0,Continues to be our favorite Italian cuisine.,tip
X_mmXdf9w9MNsGy5e6MhYw,Rv8bW3pkzpi5dZu5ckbgtA,2015-01-16 02:02:40,0,Salsa lady. You are killing me. Best restaurant salsa ever.,tip
IHalLPBURlCw6mdtmY4VgA,Pie2cFIWlfP6jR5PZsxn0w,2017-04-17 21:14:22,0,Electronics are a steal at this thrift shop. $3 for a GameCube controller when it's $25 online. My other favorite is a Apple MagSafe adapter for $6 when it's $80 at the Apple Store.,tip
UYgAC9mvMYc12Ufc5KVUnA,4yL4Bs9EK_SVePgDzc2uxg,2013-12-31 16:53:54,0,Fantastic! Dana was amazing in helping me with my issues! Thanks very much!!,tip
XBZFE8lRyxkK3YjU4r14mA,6MVPj6M7kajRCf9u6TBy9A,2017-01-08 06:03:50,0,Love it!! A nice job ALWAYS!!! I enjoy and appreciate the job they do!!!,tip
U90qqxP7VMWfFqjM0HJU2Q,fxV5Iv7goPEUz-AReRLxkw,2018-04-18 10:20:28,0,What a delight this place was.,tip
aIUwspRPvCsWekwHV1GxxA,7NTAlTr6io7t6iMwJbgsVw,2014-05-03 01:14:07,0,Get the tater tots as your side! Nomnomnomnom so crispy!,tip
MB__JcUnxQDQ6u08HjQ1Bg,Ssur8TPCIZWnZeCDQ9avQQ,2016-08-04 23:16:08,0,Happy Hour is till 7pm!!!,tip
X-tY5ujzK7rtlC1igI_I9A,8n5975b4LtOvwR2KW9LbWQ,2016-07-04 00:34:02,0,"Restaurant is in the LaQuinta Inn, catering business is across the street.",tip
lFA9GzHUsnm92P_IAO8PNQ,E9QzFNntGABauXJjii_Qyw,2019-03-23 18:10:02,0,"Great food, a bit loud, good time.",tip
Qr6BvTgba_h16imr4StHjw,7GSOAWAlmIvKdbAVFBL_Cw,2012-07-10 22:54:09,0,Yummy house made BOOZE!,tip
gik8Ffr2CDnMXeVc1KhRog,oZLN6JTbWjcaU3Qzi2EXAg,2018-09-19 21:54:34,0,These guys work hard and always do a great job.,tip
-qnZYtMnvPt4XWYH5oXDUw,N1Kv9Uxx4ZHeooGcpNe_RQ,2011-04-04 23:44:50,0,"Not eating here, just kicking back, charging the cell phone with their outdoor outlets...",tip
SBjlFe1mKPP37rWDZCo3lA,N7RONGsbs6gx0mdbK5Pv_A,2017-09-08 01:25:02,0,https://m.facebook.com/story.php?story_fbid=10155646298917622&id=624302621,tip
kcyn-07X8PmxGxIAo8KtlQ,Mfss88nOCGdyHkZZCfXNBw,2012-04-28 19:44:12,0,"Good salad!!! First time here, would def come back!! Nice & healthy!! I was looking for a place to get a good salad & got emkay!!",tip
GbBP_H-sb8w-a3FvyetePg,47v8tz1tHLZJ0h5tTskC4g,2015-03-14 18:17:03,0,Try the steak burrito or tacos baja style!,tip
1W3_JUSkH5tsrIWdIXoK-w,vUkiYPpbkMXA99WneLSGkQ,2010-06-20 23:41:33,0,Going later. Review pending.,tip
cix-Lx6f7MTLs4vL7dhJ-g,AUWysAFFrbK6F7MCbmamQA,2020-06-07 00:59:48,0,"Amazing, authentic Greek food!",tip
By6bLl5Ku2V5W7APSDrpTA,KkdLjGfVsfGESNkE0ktURg,2017-03-19 15:18:36,0,"Delicious, quick cheesesteak when you're drunk at 3am",tip
Qq0rSY7QhCJiLUEkx0JTrA,5r_TheTnCbcyS1TuewV-wg,2014-07-20 01:51:56,0,AVOID any sort of seafood here. Had the chicken katsu bento and it was edible. Will update with full review eventually.,tip
9tMqer6uITBQHZ6EF_8acg,DIq0PN_L67ccOLiirWz8Uw,2017-10-21 00:10:48,0,Super fun! Loved the island and all of the history :),tip
C1QviI0j0TolmpqTLiu16g,a6HKcQXYY2N6-VLsHHDttA,2020-11-30 16:55:19,0,"If you're craving real BBQ, this is the spot. This place is straight out of Memphis.",tip
IErVzM_4FOtDhukSVqTkPQ,iThoCdkT29g3ae92482Vjg,2013-07-09 21:40:37,0,You will be disappointed!! Food is horrible,tip
SU1ld1cmrPV5TmU2xvSUOA,ztnxoNY4a3EOXkCQVAx4wg,2013-04-14 22:05:15,0,"Diaper changing station in men's room (not the second ""gentlemen"" restroom).",tip
mKsf4GiyYAgx7vSVmTdYrQ,n-iPn34tLaqnq-dI8m8Bkw,2014-03-15 21:08:03,0,Have patience this weekend. Line is long and bar is packed,tip
t6hWIBaIfA__NpxfGV0FVQ,kyRUZEZThKotuabJQfuXYA,2015-06-07 20:57:12,0,Don't come here Hangry! Still waiting on food to come out n our drink glasses are empty.....ughhhhh.....,tip
FOfvCOaFZVOa_GIsViSPSA,Ck9cp2sZjAauKoxBKKPz6A,2011-11-25 01:45:05,0,Muppets!,tip
G2T8xSiRqgqI44X6pKNIhA,1KhNDQSdDqzPQaZk8PIdGg,2013-08-26 23:33:08,0,"Every Monday is trivia night at WEGAP. Great food, drink and smart people!",tip
7gk6JFfjSQjNlu2T3nkTog,Qlmusk0BBY0kMOd8Y96H4A,2013-07-14 04:01:39,0,"I forgot to mention.....
The Junky Chick is to die for!!!!",tip
p5r-BK7i8Cqb9A1YwNTmZA,hPxeshyaUwDYOz-V7tWDQA,2012-02-11 19:02:08,0,"Cool local place, kinda small",tip
kNuZppx6I1vhpeqKpx1HIQ,Pauipn8WPhEh-b2ahWw2ig,2019-04-14 17:21:00,0,There are several food and drink options at the fest. Want something delicious and refreshing? Try a drink at Citrus lab. The orange strawberry flavor is so good. Water is $3 at event. Save some money and take a short walk to Walgreens and get 2 or 3 bottles for that price. Just don't go crazy and but a bunch of things otherwise that defeats the purpose of trying to save $ =P.,tip
uxlVKI_tSA-yMNDfffngJw,317lIGWVcxcVWdVo6ZKHwg,2015-05-17 22:47:54,0,Go online and get your seats reserved prior to arriving!    So easy to just walk in get popcorn and a drink!!    Slide into your recliner and whisked away.,tip
C-WGPky-XlML8T53y88ghw,tC2Qs-AIx3wX1SdrhDWtMw,2021-01-15 17:18:10,0,Definitely pricy but you get your moneyed worth! Best food Iv had in a while,tip
GG21s5-6tXmoicqgXHT7nw,bYv-GtpeAxinGeyMyPL5lQ,2013-12-08 22:30:26,0,Gel manicure 33$,tip
Y_EKEPGP3IlT5qBrHsnGeA,uu0YLm3zfZ1EyNInLFlt9g,2016-01-30 21:31:07,0,Nice place to eat with the family.   Love the old library charm!,tip
CozGguiwx7JEVk7cAwdvpA,CX41cIFRNSYtcv8ZbpiMkw,2010-07-17 15:18:37,0,Sierra Omelet super solid,tip
shI-MCu-pO9sxzIyvX_-MQ,-xxUhiJ85XoAC1St1o8wWg,2015-02-17 01:36:14,0,Avoid it. Not at all worth your time or money. There was an air of not really caring at all about customers or senss of urgency.,tip
cVzW7cfkWMa7rz6_cl-sWQ,mHSeE65p4ruSdy0Suf0oCA,2015-11-11 14:56:08,0,Both cocktail and food menus are charming.,tip
Mbw8FWl4dok7ezTRdC8HOw,hMLcTXMk6xif0qfBi8-8sw,2018-10-07 00:18:49,0,Parking is very limited. Uber if you can!,tip
kUG2Z9SMdotv2zbqT5bLdQ,6_w2GdzMXbeP8LCsZgVHow,2021-03-05 23:52:23,0,Horrible customer service don't waste your time. Seafood market disgusting.,tip
vJfGd29AITT2XQ0gpExkyg,ArPLE_RTg0h7yzkN0KwzRg,2017-03-18 09:43:55,0,What can I say?  It's pretty dang good!,tip
6gzAc8cUNinxpfz9KPuzNg,vBoTESFuAMVyzn-bd5vzNA,2021-09-04 14:54:46,0,Do not use.,tip
_n5Sa5SgX9Cs7ZAktpZp2g,bLnC1_-Kd_Z5qhHNQXCUfQ,2016-11-29 03:34:50,0,They have avocado now!,tip
Dj3rBMhoIijywBC441kAjA,5dIS6fNq-t5tdj5X56rTzg,2020-01-31 15:08:24,0,Consistently good and very fast service - wings are great,tip
Reoh8yhFbLH-kQUUgLWsiQ,Y_kXztsFC7l0mMQAYXNkNA,2012-06-02 15:56:50,0,Chicken and Waffles!,tip
oqQdWrQVozHPa4tinmlc7A,xK7Ie1utDh9IW7tQfkLpZA,2018-12-20 02:14:20,0,Just have to say my Favorite place in the Mall . Good portions and always friendly!,tip
ipeEoKAGKF8Uw92rFOfjIg,FPvwaSdVk5dN0Ya_FB9qKg,2012-03-23 16:52:42,0,Have a bloody mary at the bar! Excellent!,tip
yqBE4_9tbAKwNPdhOgVzdw,wnjFEC-w0qWnyDnO8k1RpA,2018-09-22 23:11:59,0,What a jewel! Can't wait to return.,tip
rSBDXWgcVRLkRaSWFz4oZw,7u3LzhyxgPMo__24R4dmAQ,2012-01-12 01:53:54,0,Nice fries!,tip
0Fhqp1nd4wjjMtmC367tAQ,bpdYtdXVB3jX56HBkYCN7w,2013-12-31 20:39:55,0,"Great atmosphere, great barbers. I can't say enough good things about this place. Call ahead because they can get busy.",tip
gUaD4fUDsjg5-0mpln5Y4A,duy3X-KS6Xw2Ohu0iDd4dw,2012-03-23 22:11:06,0,Find a Five Guys if you ever get a craving for Zac's. Same concept. Not same execution. Still a clean meal.,tip
7jthrf7o2wkzWdT8QQtJZA,qH13binX4ke_R1j3QNXccw,2021-02-04 19:28:28,0,Excellent food excellent service excellent desserts,tip
BLBCPMS4XHm4fcjMMaOJHw,fdhHca_8iqgvumzvKLE6WQ,2013-09-08 03:14:12,0,"Dicey, cheap and awesome.",tip
VL12EhEdT4OWqGq0nIqkzw,fW9P32cSKWpXzP_jTQAs-A,2016-06-29 02:58:27,0,Now open.,tip
yOLXoEGrpIxsWGfihJjZFA,sy7ADvpBA7SfHwbY-Y_5gw,2016-08-11 03:15:54,0,Ask for Michelle she is a great bartender and makes a even better cocktail,tip
kO34vqZSYSslQZATuhA8-w,kk0vWjuy9ixqOI57iwjskQ,2011-06-14 19:09:44,0,"Tuesday and Thursdays 2 hours for 10$ each person, shoes included. 12PM to 3 PM. good deal",tip
bg5Ow7ihoopeD9g4Tnbagw,qt6vr0QqA57QkylS9jjUmw,2014-08-17 21:51:59,0,They will special order any wine for you if they don't have it.,tip
Vc0YQi0S3LDgYaFTPZ_QoQ,AYvvx-AeplhRrER9MP5gcA,2015-06-25 00:04:52,0,Always bang bang shrimp!,tip
RSeIHiXxsGy28gHKh6G9IA,ch77U6h1t81V2tEe2hyRIw,2020-05-16 21:30:51,0,"Hallelujah they are OPEN! 
CDC Guidelines followed, masks, hand washing, divider between staff/client, cleaning done after each client. Wait in car till they are ready for you!",tip
DzGA8mPSTL_5fYjLA1XFAg,J6Liy7Gc_bmvH9mR61jImw,2014-06-27 22:33:44,0,Try the Santa Fe Style Shrimp! It is really good!,tip
wG3SR9maQ7D_UfLwoA4sSQ,DL5IVX_42Ra6DEq5d7NLrw,2013-07-20 12:57:59,0,"Disappointed after so many years of great food and service. 
Sat quickly and Steve was a GREAT server.
Food? Not so much. Lobster and crab salad was tasteless. The Orange and peppercorn dressing was watery mayonnaise. Great presentation, though.
The chicken bruschetta was too crispy and yet mushy. The prosciutto taste like a toasted hot dog.
I really wanted to give higher ratings after so many wonderful years of good food. It used to be known for wild game but only had one selection on the menu.",tip
NgsNT_NX4VdShkXipPuAuA,LvXkwBh9FanpIIji32gVQw,2019-01-08 22:40:32,0,Really great service will definitely come back.,tip
OXa-tMEudi4t4mlo2QRzTQ,ElCZ_9z_1Sx_FtgJokbrqQ,2016-07-24 14:16:28,0,Nice addition to the neighborhood!,tip
2lKukUcwb29j17Xb84_yQQ,zafEaH7VOUkd8-9wFlnlmw,2011-08-21 16:45:01,0,"Ahhhh ; ) I've missed you, city.",tip
4kjC3PZcxwmbAWHtV_bCPw,4U0cvpHlcya4paLU2jJHJQ,2018-02-10 19:18:40,0,Don't stop here in a rush.  Takes 30+ mins for simple burgers on a slow day.,tip
TwJCpgJiTvO4aam6Njhtbw,znK6tMeegKf9YnGutYaG7Q,2013-03-08 00:48:05,0,Try their sweet sauce!,tip
8M4_nA8e9VacrirvCwrl8Q,n7dDWe16p-I9L8MLOHFHWA,2016-04-21 01:13:33,0,Placed and paid for order over the Internet.  They didn't get it.,tip
xb1SZRGc7OF3VenvKqVf9A,KtIuUYABc3KsTi3mOnYW4A,2016-01-13 21:02:24,0,"Guys, book Chris Morris. Don't even think about it; just do it.",tip
Ub3lqsTyHl5BbKqV8W2iBA,6-_lHkiCLUP5lOe1bp_6hA,2012-06-08 19:42:36,0,"It has now converted to a Days Inn, but it only says Days Inn on a flimsy plasticy/paper sign; infront of the old sign, on the side of it by the parking lot. It just says INN on the front.",tip
2T8cxl3Y_JhCE8o80BSp0A,J82KXpR9fxdp1NLqEh8htw,2014-09-05 22:27:09,0,Highly recommended by my three cats and two dogs :-),tip
EpPLXZgARF6zQ6gGu6By-Q,UCMSWPqzXjd7QHq7v8PJjQ,2017-04-22 20:47:13,0,Go here. Thank me later,tip
tpwSZ1kGW0ZUA7lv8NHdHQ,6LyhttbsQn6a6PDxQDojCw,2021-03-24 15:10:27,0,Amazing!!!,tip
m2Wt5bnv98zXeNKxxxhUSQ,h8CUB6lajtPuaMal5wdCEw,2014-03-03 19:42:05,0,"Service waiting area is very comfortable, Starbucks coffee, and prompt service!",tip
BcEWdJNHIZ9q8O88o_qO-A,LuPK46HMxRYEVTXVbBCR1g,2014-09-07 04:17:19,0,"Just the most flavorful & creative food in SB.  Fresh herbs compliment food.  Perfect
For vegans and meat eaters too.",tip
fCvMnJU1Z-XhAjKg99wK3Q,Hr_zdqPZ9VkGjKNv4UIQRg,2017-01-25 07:03:03,0,"""Yard House will fill about 200 positions during a two-day hiring event on February 10-11.

Open interviews will be held on two days from 10 a.m. to 6 p.m. at the Yard House Hiring Center on the upper level of the King of Prussia Mall outside Neiman Marcus in Suite 2933.

Online applications will be accepted through March 4 if positions are not filled on Feb. 10-11.""",tip
GUfQ-OJAjJBsyai4jhSdrA,aOHNMIs-N591irOmxQfbFg,2013-08-17 19:27:12,0,"Not usually a fan of coffee drinks, but they have awesome flavors. Today Red Velevt Cake.",tip
nMpgScJ9MNC4BHYtbQrCMw,vSQPjQYfMDBRS3bQ15zlGA,2011-06-17 22:04:15,0,First time here. It's clean. That's a great start!,tip
LSqHqt1ooVBBeqQ412u3CQ,dQZlvOEVNke30MY5iTiy1g,2017-10-09 15:07:52,0,What a charming place! Very nice and food is delicious.,tip
PJ9itQvHntk6ji0XjMD8iw,FOjwOw-8-29YJxIXaN8bIw,2014-08-04 23:15:47,0,My favorite party spot every Wednesday night for Wave Wednesday in Latitude Live!,tip
_fgpaspFRoNT9GhaNR55vg,HQ-C47_Xi5it1KzwEc0u0A,2015-02-16 02:05:45,0,"This place is great! Delish pizza and reasonably priced, quality brew. Do it!",tip
SGnBBGyofPLlOildX2lm0Q,u2qTulzqdwDWEEirLv-EfQ,2017-09-26 10:25:59,0,Food tastes like feet!!!,tip
3NDCbLyqwH4iqV9_XLdL6g,jRpK8oG_8QKaPGaaKiCyng,2014-03-21 23:54:05,0,The food was really good and so was the service,tip
7-5pqjLzqauI724ei9xT8g,Ih6_y2nnbg2Jw9Qdc876GA,2013-04-01 09:24:01,0,I love the hippie with the benz,tip
YsDbMDO7GAfcqZOwicRzdQ,UxbUIb5mVl7nok9J6zv4VQ,2014-10-16 18:03:19,0,The big sales are over .. Booooooo!!!,tip
PcgO4S5NWj9oB82ySGqAfw,cVryxrPw2keGcg2LwUBoPQ,2020-02-23 18:39:20,0,"I  suggest the Spicy Burger 
A pleasant surprise for sure
You won't be disappointed",tip
pRGeLK1gINrLOn1sSW3pcQ,AT2TD3hoOJCrRoksEm-PSA,2013-10-23 14:22:19,0,I went to cut the ends clearly i  told Mariann no blower pls do not layer my hair im letting my hair grow and the treatment condition its not made for all types of hair but she did the total opposite went back to fix the left side with Jenny  it was very noticeable that it was not cut big mistake my hair is so frizzy and uneven I can not do anything with my hair at this moment but wait till it grows out again : ( and all i went for was to cut my ends,tip
qfO4PWrBqatT4R7nHOd4Vg,mjaZ6fwfDY9fyLJzIhhMSg,2015-11-06 00:22:32,0,Get your flu shot here,tip
3YhG4h4Ok654iVfqdmkuRg,Jr5hwzjNwr-VD9pVWOFa7w,2013-06-10 16:01:27,0,$2 for travel mug refill,tip
0G-QF457q_0Z_jKqh6xWiA,6y1SdVxPauHLfCxgf5yZDA,2012-09-24 01:57:45,0,Showing Treme every Sunday!,tip
3JNiAyH3KQOMtbIsbHq3aw,xJcMPZEUXC2higFYSGuO0w,2021-08-20 12:21:17,0,No words for how unsatisfied I was,tip
RKULSOrIvvYpDmtuYXEXzA,2hCIzMXhSbgObLS4al82rg,2013-07-15 16:02:53,0,Decent food and good service,tip
XpVOJnM0_-ihA-bi3aIW9w,XBlwldJfMJPzgEatHKFx8w,2013-11-16 20:44:37,0,Our absolute fave bar in the region. Great food. Tons of beers on tap.,tip
hia3buimEfEIAB7Nyo_d2A,Pucol_Y2WCMa2WNWn0JVJA,2013-06-30 19:02:59,0,A couple decent flavors. Was not offered any samples on entering. Bananas were not chopped and were still in their skins. Indoor area was depressing but so is everywhere indoors in Summer. Cashier looked like she needed to eat more of her own product; you don't want a skinny chef.,tip
I2XpWCHAom1JRyHXZQrnfg,dTTjz9bl5QiTMtSvig23dA,2014-05-11 02:28:25,0,Watch the prices they charge.,tip
fs5bpfk-2pvq2v8S1De5pQ,3FKIev7ZB_KE6XHL9sUJCg,2015-11-14 03:31:16,0,smoked jerk seitan is more intimidating than a steak dish at a steakhouse. love it,tip
Cx8SyXD23b24W34fEfU5ug,qcn10016DUkbgCbQi9L1WA,2016-04-30 21:27:38,0,Get the Guatemalan Coffee ice cream as a special. So yummy with mini reese's peanut butter cups. $6 for a plain waffle cone. Comes with 2 scoops,tip
N1ZaLz1EmbMI0mCkFWPuAA,V4EO-z6APccp3VctHYOZug,2014-04-16 16:24:49,0,Check out their great nonfiction section.,tip
51J7B4-Fv4YFcyv2Fv-dZw,o3MCjqke_Q5VwIVpUZ10_A,2012-10-26 19:45:26,0,Best Greek in Edmonton.,tip
K_YkRbLFSRsJq0MXMuyqyA,pqHCY2NE8_aVl0EsDRbUtg,2014-03-09 01:03:58,0,We sat at the bar waiting for our table and they have a very appealing daily happy hour. Love my date.,tip
8Kjv_fdrkjhGCPaIbR1mOw,fYKYAmop0MfbMAyEeOgF3g,2017-05-24 18:50:47,0,The 2011 playlist needs to go.,tip
9_lcpqJ53tPpo614CD1oRw,7wpTBtY2kiMXmW42zvL-fw,2015-08-08 02:10:40,0,Try the Lebanese iced tea!,tip
5UO9uUJlewD5WBRRoncX4Q,BjeHLwKOlHyV6DJgmZxAjA,2018-02-27 17:27:35,0,Did breakfast. Tried JJ Eggs Creole.   Excellent,tip
vEn5Db0PDiFS1dMNoMhISw,h_n6WExuyzPM5l8qOsrLOg,2013-04-02 18:59:07,0,Awesome customer service. They always wash your vehicle before delivering it to you after any service.,tip
9YTEd_NzwITT0Y-1WgiJgw,DNMDGalFejExZqwb_YVQnQ,2017-08-26 17:37:02,0,"They'll put flavors in the draft lattes for you! La Colombe cafes won't do that, so it's a major plus.",tip
8UsChjo3IjozXkr08rDDpw,c6IDiYHMZywgJ72iIJikPw,2016-09-17 16:33:32,0,Love my Credit Union!!,tip
qwsAisdVpnwUR2LQpuSMZg,8HP8_kW6xroh5jCkh4uigA,2019-01-29 17:06:38,0,Great food and ambiance......,tip
mgSD1_4r1Rgoao6phT9yQw,VPfbGIf3ieDrKuWheOjSLQ,2019-08-25 21:54:12,0,Love their vegetarian wings,tip
vouwhc4pp2yc4xyXsDGTiQ,PJtI7vmojLrIH1qvFrFZkg,2014-02-18 07:08:45,0,"My favorite wine and great service The bartender Lisa is such a sweetheart, always ready to give you  the best customer service. Patrick the owner is one of the most amazing and genuine people I've had the pleasure of meeting. He treated my fiancé, a friend who we met at the bar and myself with curtesy, respect and exceptionally friendliness. He is a true sweetheart and I am do glad that this bar has become my favorite. Thank you Patrick for the way you treated us, you made us feel like royalty.",tip
J84pimtT-FoYbPMVI4bK2w,iAID8DtHvyE5W4OyOvCczQ,2020-01-27 01:37:32,0,So freaking delicious.,tip
IN6saNdoFAYCSJYFcE3vhQ,DPtdBtLp6ng9cAB9_rzB6g,2017-03-11 19:59:57,0,Awesome sauce,tip
Qw98Zy8oUtIH1NUrMm1gXA,6Z89Ixagyc0mrVnyZHiIVw,2020-03-01 01:04:27,0,The food is great and service amazing. I love this place.,tip
T4M266S_5Xw--wBJ39M1jA,s-iUpeKVCuPd5m4OJ3HixQ,2016-03-27 04:57:49,0,Great place to hang out. Sarah the bartender was awesome.,tip
Pqq-nFQm58OLGR1WMRORlA,qljraKzqFlIONICsRtzSnw,2017-07-07 18:18:39,0,"Good service, decent food, nice prices. Will return. Went for lunch and enjoyed",tip
11dAQEHdg4C84lIAXdxm9Q,MToK8FtQaCfdga3B62vRQg,2018-10-03 18:58:13,0,Great,tip
WC1nXXCeX-yiD4TtLrtjKQ,TzkVUJab9Sh0CqDk2sCF-w,2013-05-12 00:21:32,0,Horrifying customer service.... Unbelievable,tip
5uY802Sav1XlBqbsyxXlKg,Zm0rXfbdXHMuj1NR4tr8zg,2021-10-25 23:32:54,0,The flavor is worse than the appearance,tip
b4hKq2XFGFTQiI3Qj26W2A,lpUn1M5exBmKegS1_f3WHA,2017-11-30 21:22:27,0,Ask Tim what's the seasons best! He'll give it to you straight :),tip
I2XpWCHAom1JRyHXZQrnfg,WxErD0awTqww4kOmmkiOQw,2015-09-28 03:13:41,0,Sign from drive thru,tip
fHxHETYCW-hJhPrEVNN3hA,wkyVWOUnXt8pCZxpvI2wkw,2010-11-22 21:11:52,0,Chapstick aisle 10!,tip
CALFEWUVlthbhrE5cQXF3w,FC02NRphyMBrYiyoy4PAMQ,2021-08-15 00:14:34,0,"Great pizza, best I've had in Franklin so far.",tip
gn-iV4pO0lXnbcoqD_NI5A,reIvNq9itB-_8rf21J6Lqg,2019-10-02 02:31:37,0,Amazing food! Everything was homemade and the fettuccine was amazing!,tip
65RrQ-WY3gXPjWzgReZ7Fw,e-4XTNeu31kowN1HRbJ_Gw,2013-04-14 00:25:24,0,"Trying some more stuff here. Slowly reaching the end of the menu. But, excited to try again.",tip
C41C8RvNUl8vFVYSqr6htw,dcmaQZhv8eaKptO8B4hZKQ,2016-06-30 02:37:39,0,Awesome place.. Love the habanaro wings. Along with the quick service..,tip
V2VSU990q4sFcWnpp38Rwg,OHzX-ZD9qyoeoxR8Z0dlIA,2011-04-19 22:57:54,0,The restrooms are by far the most shocking change from when it was just the khyber,tip
gdW8E_hvFvDUmHZndkKV1g,Mfvk9uEEhdCqj8S2u7dWgQ,2014-05-31 22:49:27,0,"Great food, great service. Limited menu, outstanding dessert.",tip
Rwvc7nycCtNrJZ2iKIPcDw,8BhNur6_XKLjCDvbhX2CNg,2012-05-08 16:19:02,0,Cold hollandaise. Burnt bacon. Hard poached eggs. Weak service. Not a place I'd ever come back to that's for sure.,tip
VX39EqGezrKZXOQh7BmH7w,SdU54YlTaCCFvtcfouoBpQ,2015-04-01 18:57:07,0,"Dressed here means ketchup, mayo, tomato, pickles, and hot sauce",tip
ZXbLBwE8Neiq27I72xLoNQ,1Du1NruqJwxnzgEUHc42Jw,2018-12-05 23:53:10,0,"Great service,clean neat place and delicious food.  Definitely will come back.",tip
1tApv3dth_hC8yJRPA344g,LqiBhmirPSRMNMwTGCM7Rg,2014-03-09 16:39:31,0,The staff is always friendly and helpful!  Super reasonable prices on service!,tip
jofRlWezV7QJpCjBGRXnEg,T9C1od-JorSPXwXgzSqM9Q,2017-07-01 09:45:56,0,Open till 4am weekends but come early Bc they lock the doors if it's packed,tip
AMNqT9LBmMFVXKa7zK9tYQ,VVH6k9-ycttH3TV_lk5WfQ,2015-12-24 15:36:30,0,Great yardbird! All the sides we tried wre wonderful with generous portions.,tip
wfi0T-xq_P5sKQvwQitlYg,glc2BHSUHZZPxAzw3Y_dcQ,2015-11-06 17:03:38,0,Free guest wifi,tip
PY32OfXnAWbYX6ba9Ov3uA,-QI8Qi8XWH3D8y8ethnajA,2010-11-05 21:21:19,0,Drive to PHL to avoid the airport.,tip
aOWQdmz71XH-kfLXMvh-4w,Qs1j6tx81LvCEjUYxloUZQ,2015-06-03 00:58:47,0,Great burger,tip
nhf4tiyvQQIes4p9IBUdug,G_0DHhlPXZrlkh-GudV4ew,2019-08-12 14:33:22,0,Gary was the perfect tour guide! Full of information. He shared his experiences and in such an entertaining manner.,tip
pHxArmj-Tlv3WVHT3-EBKQ,yJYriI9Sbw8E4wmZUXglWA,2011-04-02 21:02:16,0,Soft shell crab poboy and sweet potato fries,tip
PXbqt9bcWJu3-0SfABHDtg,oUJaOC3Jb9C9AbLBEkhMMg,2018-07-30 03:59:39,0,Best Chinese Food in the Midwest!,tip
4StF33ZASP-kBp62BK-KuA,hHTo8EhV8nLPLcO4SHmQgQ,2015-07-23 01:32:54,0,Excellent  friendly authentic drinks..and food. ..dessert is the Bomb..,tip
HYVjFHN78O8ZnJVHSQ2NZQ,Qo14LZITJ4fIhSdqOVsm6w,2015-02-10 04:48:26,0,Enjoying a Hurricane at the famous O'Brien's!,tip
erBDslOZXDI48j5QB_I_SA,0RuvlgTnKFbX3IK0ZOOocA,2017-09-23 20:52:55,0,Don't forget cash only (ATM inside),tip
B0fzg0eUWplNBzfSJsCFDg,mYRnVRgvG0Btcj6Oo0UV3A,2017-01-06 23:57:10,0,Cannot pick up phone ahead order at drive thru. What's up with that? Must go inside to bar.,tip
sjMyKWZx0JpvJlPYeAhHcA,iqTHGZyiWasuI8pop3J36A,2014-02-17 00:33:58,0,Always great. Stop by!,tip
Oi1qbcz2m2SnwUeztGYcnQ,Myn542cPQ19wgoFWGKM-Lg,2012-11-16 12:37:00,0,N,tip
yOJVzZu4uk-SmMaMghBwBQ,bYWJqyorz1Qg0VNRrrNxTA,2014-12-16 22:46:23,0,Long lines and slow tellers. Always disappointed using this location.,tip
o_iTHW5_6Rf3y8UmtBNOeQ,lAbUj9aQ7BX__vZNYewTJw,2020-06-16 12:52:18,0,Great coffee and breakfast sandwiches!,tip
BRv3flnYRSjTz-1lFDQ6bQ,RbMnBKRiU629BooSSYWEUQ,2018-05-03 17:06:59,0,The people are super nice and the food is great!!!!,tip
zjopT29NTSG4uUmVElQDIA,vlTeXZCYdD26eXRJk4Ss-Q,2010-11-18 22:56:50,0,The kids love cherry lime ades,tip
NJFdD8WHDEoswTdhQl99GA,UnqMg3e3qgCvEYW0E4RUYQ,2015-06-04 01:09:10,0,Great beer and food.,tip
owYhJ-FvYG9nmMIFS_FvdA,2K75poiMupFTvpQq5REWTA,2012-12-09 11:28:11,0,"Great wifi connection,  open all night.",tip
VUbx5oyLrnp0VYYNE7HXeQ,uKEabBQrn0gLzvTppOrKIA,2017-04-19 19:37:16,0,Smallest tacos I ever had. Delicious though!,tip
iXWlvwZl1-_5_CrX7lmX1w,ztnYPn2w0R4lEJL266apzg,2014-07-06 19:11:12,0,"My wife, daughter, and I got the 8oz sirloin steak, a baked potato, and salad for $12.98.  This also came with yeast rolls.  When you add a grilled cheese kid's meal with fries this was enough food for all three of us.",tip
GKDBQxitZ14_rN4jPWT5jg,PBtZNTQl5tRReeC8It1G7g,2017-03-12 03:29:30,0,Stale resort-rooms are outdated and smell of mold.  Staff is extremely rude.,tip
4AZjYJhIB0wYHvT5VlsYqw,V9VLhHdSFpFi4yXFqVcVEA,2017-06-02 04:07:33,0,Very tasty food and nice vibe. The oysters were great.,tip
fYMBd8SyVv4ronJW4qAhCQ,61fGIOE0DxjkZXE5wFDTqg,2018-07-24 21:06:13,0,I lovvvvvvvve it!,tip
JPvE-iq-sCjSs_-FPdGsZQ,n5jsPRd2flEKEzTmf3Kl3Q,2014-07-24 22:47:28,0,Awesome place!  Not hourly so there is no rush,tip
4ChX1aCxXLd-rK0JsMZd_Q,O_RHMUFaTBvbDkNDsCgDqw,2013-08-20 22:32:37,0,KFC and TACO BELL together...it doesn't get much worse than that!,tip
ILOrDSFE3mf6qNGGgWkWmg,mhrW9O0O5hXGXGnEYBVoag,2014-01-21 04:42:20,0,Very original cajun food that's sure to please.  The BBQ shrimp were great as was the redfish entree.,tip
hbw_NicgWT1VKC8Vs1G9Dw,zymvTQ12tRy3bzmP4tPgOg,2021-05-26 11:45:08,0,Best Mac and cheese,tip
CvZGAp4Q2QgJbYqLG1Fetw,4i4kmYm9wgSNyF1b6gKphg,2010-03-30 01:05:18,0,Bring a pad for your butt so you can sit on the floor and charge your phone.... Or go to Starbucks :),tip
PqlJYxbXRDuiuo7UW6IdSg,ReX09lhufLTAx19krkltDA,2014-04-16 22:49:04,0,Delicious GF muffins!,tip
98Edq6J8kaUYH4MEDgtgEg,PbunaXxpRE8sXGkKn5FFYw,2015-04-04 04:02:18,0,Everything was delicious and affordable. The stuff were nice too,tip
qAoekZw9MECmkFke-h99Jw,BPvB3olyCdjP9bS20tYY9w,2014-07-11 23:50:20,0,No delivery available here!,tip
ah1CKPgZLO18US9StIg6Gg,h_D-p_m3diwqlAHQsOUjCA,2016-12-14 18:05:34,0,Pad thai combo is enough for 2 normal people...or me,tip
qjfMBIZpQT9DDtw_BWCopQ,dhTevh0y-B4Zm0XesbQP6Q,2014-08-22 00:44:27,0,Free sandwich on your birthday show your I'd or sign up on their site and show email,tip
NnZ8jlSsMya73UbN3kLbeA,1-2o_s9TE1auWIivBjdL5g,2018-07-28 23:52:53,0,Great Service!  Amazing Food! Love the young male waiter!!!,tip
xdQzGzNu3nIUEvOGPW1tYw,s7JxSEtIumoFod2Jdj0_-g,2014-08-30 00:35:50,0,Busy on the weekend nights!!!!,tip
DxgfdqDCxHXZ9bGaPwyYZQ,WNcGg9G-odTGz00DSMx7rg,2013-02-01 22:04:50,0,Love the Schnickelfritz,tip
oAQJyMDNucQebEzxuKMppA,6tF6rdyOEm4EE3AGJ2zFWw,2018-06-12 00:19:24,0,"Courteous ladies, thorough service and you have the option to pay with Venmo!",tip
Q9kqLjcSdRsYeVrVcXxfIw,_WNl1x8RZZ_Rb81yawBVDA,2013-08-17 03:01:58,0,Never order online because when you get to the store your picking up from they will charge you again never been back !!,tip
hWpsAN4-h6TjQ6f4LUh2RQ,ZYoKsoyfRuxqJPwsKtzqFQ,2018-04-03 14:05:09,0,"Great donuts, big menu, lots of seating and helpful people.",tip
_LmZ_wWwbZ9Yp37WbP85ng,6VDSx-ghQwbYvMaS0fz9xw,2020-03-14 03:56:55,0,I find the tomato soup a bit too thick - more like tomato sauce- & not hot enough.  Good flavor.,tip
JvK33eAt4H8SMvBQtAf6PA,VSpseb6oijtKffRRL_xfgQ,2012-10-10 16:59:17,1,Best Cuban sandwich in Ybor. Friendly staff... They also have Mexican Coke.,tip
cvC3dQsUS6SpffHOBKPD2A,THJ0i8yRyx1OfvzLsJXgng,2011-09-03 22:44:11,0,Start early.,tip
O85MriJ0e29pVao2wxbbPQ,gKavBVCK5G0cPJ9moV6iOA,2013-08-28 21:13:49,0,Awesome on a breezy day. Hreat food. Great service.,tip
7WZ5q06N_X9NSyD5RfU7xw,tJhIqLwZnbBl5FKIChEIQA,2014-08-07 23:35:24,0,Really nice cocktails and great atmosphere,tip
A4bsa7ykYRVCnb4h2vZALw,FdoqtMadj4ybDAL7S-yUBQ,2015-08-14 17:27:55,0,Free meal on your Birthday!,tip
3GJQr9b-FN0uCmwy-pqVNQ,bXrQejeR66IwebuhxPS7GA,2010-08-20 01:38:30,0,"get the baklava...it is DIVINE. they only make it every few weeks so if they have any, grab it before it's gone!",tip
eFPkEE3DOfA1_l8RM-7PcA,-9_jMKS_-tk8mDd340CjTA,2017-02-28 15:58:39,0,"Only go here if you look like a conservative white male, have time and money to waste, and want your HIPPA rights violated.",tip
YXziO-aGBiOu04lMMwQvRA,thlyktt2c7v1DyOpSVSibw,2014-07-02 01:00:16,0,Very very slow service,tip
twDwws8mIJL3SUtYMhNzPw,SSZDGl2J-CEyIzuIbEiYNQ,2011-07-17 23:20:04,0,Pre party!,tip
GEpsVkFSyRo4He2nefA2UQ,l4agn6RnrjLMcHVgIearlQ,2015-01-10 17:27:44,0,Great service. Kid friendly.,tip
JLW2uULP_Q1KXHhToNljcQ,cl_04lq0dSvmu8Btx6Pw7w,2014-03-04 18:06:30,0,Dr Davis & His staff are all wonderful kind and very concerning,tip
dgHRF5ZGfQS65nk-Gw-lnA,U8kK8hHCR67qinrTImRUBg,2012-03-06 16:55:55,0,One of the city's best secrets.   A cafeteria catered by Starr.,tip
rL2hC27iA1AB9RvdLLbkNA,gC8i-lxwvGhVpOXM5eYdtA,2015-07-22 17:52:05,0,"Don't bother. Blah. The service is lacking and the restaurant is dirty. The food is not terrible, it is just not anything special.",tip
U9OfVAE9XAT0VwvgHDftFQ,owrGcj5a7W0QnWA7HwJ2Ag,2015-08-15 14:50:51,0,They still have service issues.,tip
Yc_GxSi0aMKa0kyHdKjRYA,4puDEkq0E27Nrq5nQiVqzg,2016-08-01 13:15:53,0,"Best cheat meal ever! You always get more fries than the size you order, can't complain",tip
Jn5g8TwpgxDOjRr4kM6ktA,UD13kNreAaoH1lnDF9p5Ag,2021-12-10 17:29:01,0,Terrible customer service,tip
jca7BXmZ2pVtvq9yrWzCeg,EQr1Vo4yVsSy7hSbO4iURA,2018-10-28 01:12:39,0,Great place to eat.,tip
JYgvYOkMyyP-eTeHk4l48A,XWqyoKSVyg4H8zqA8kmRBg,2021-03-30 01:50:58,0,So much fun!!!! I loved all of the different dishes that we tried!,tip
3j50d_OtZ5gCTW4uZIFw9Q,j4byE3dWqJ590uKJ0Z2Z_A,2016-06-07 23:50:48,0,It's Taco Tuesday y'all,tip
jQB-yh5WoOPMrfqwZEBfSg,FEBwxZMEpxRwVXx9Fm0XZw,2012-11-10 17:20:02,0,Free muffins,tip
qehBeQFtGL-_W7JPP6nMKw,m_P0oMu3PVz5pGBKjYGl_A,2012-05-25 01:44:50,0,Check out The Flail when they drop by.,tip
p1f1fh8Yp94Qa8l4hgk2_A,XjrpZ3LausDruWgc_dc-qg,2019-01-20 06:23:43,0,"Some records were extremely overpriced, but for the most part the prices were reasonable. Fun little shop nonetheless!",tip
PzkQYowqEGL3g6sb1Ldrjg,9pWhA8uF_GmC7UGE6xSrPA,2013-04-28 14:31:10,0,"The new menu is a real change - and a good one. The best pizza around, bar none.",tip
unjfJawQK7uLtzo0jAPlLg,LTSlKMxPKHmOCFluV-j17Q,2015-12-01 22:14:40,0,"Great option anytime of day but the late night Cheesesteak, smothered cheese fries and a qt of great beer choices make this an anytime great choice!",tip
yLr-X8G_XnIsSuTpdHy-VA,snUVnBq0zDHyDAk8oKxqxw,2012-06-12 23:40:59,0,Tuesday is 25 cent tacos and dollar beers!  Gotta love NOT cooking!,tip
h24CJTjaYe4m6QDspU_YLQ,vxLV9tci88Hsr1G01uleag,2018-08-03 04:52:10,0,Great food. And they deliver!,tip
GBCHo7uSwm6jGEf2KVDx2A,EMti-iNn83SGp3z6LngDWQ,2019-09-10 00:39:55,0,Great service every time,tip
I45J1iM4Pb691W4n90eyow,YdsPB-Wl4CEo56qaFTTlGQ,2017-05-04 21:58:03,0,Great coffee house!,tip
YuHB9MytF9vTwRewA8-zaw,CH-bVS0BiJ-6uJe2KwYsYQ,2013-07-02 21:18:01,0,Best in the world.  Fried pickles are the nest I ever tasted!!,tip
5Y5KbsI5buMcNh2hTFaRpA,WcvE-1z0yLU7RmcHqsoe_w,2012-03-07 23:24:30,0,NFW meeting,tip
GVLoHsDKc5FzUTSDXwg_dQ,_uIK_DBXx8ekjl5O8ZxgsQ,2014-09-10 22:28:17,0,Almond chai.,tip
ExKViRZdJYvWayiY6_rvZQ,CgiwCrXs3Ggu9eKFPIgjtA,2017-01-11 00:13:22,0,Good food and awesome happy hour specials!,tip
XTYqS0u-tqnxkmQ2l5dw6g,hU4gqTl636TJrxlI2WXZSg,2013-03-25 17:43:59,0,"We waited 20 minutes for 2 breakfast burritos & a coffee.  Don't make the mistake of ordering something ""to go"" unless you are willing to wait for chit chat...",tip
ZW-0pcftYp4giH4SZ32P4Q,QRotJ0k3qj4ecdqNprStxQ,2016-06-09 20:19:20,0,Best margaritas! Best burritos!!,tip
mKGbYNVbNs8RP8DCdeF3cw,wJcIX3OUTQ0DleS9JJyX9A,2016-11-02 01:41:22,0,The food was AWESOME and the owners are wonderful!!!! :),tip
bxicALxym4IJ3TKKIYDRgQ,5ZgbN4wsCcoh5KwRohdZVw,2016-06-04 15:19:08,0,Get gas and snacks here,tip
h8L_oYRfB_fhpwPM9-pgpQ,8LnbTdnHn8See0nS9rfPvw,2015-03-30 23:37:47,0,"Sitting Bar side $2.50 Drafts from 9 to 11pm, Half off appetizers have different options then if you are being seated at the Table, bar side no mozzarella sticks at half prize and other apps.",tip
5Y5KbsI5buMcNh2hTFaRpA,4i4kmYm9wgSNyF1b6gKphg,2010-10-03 22:22:34,0,I adore Southwest Airlines.,tip
xe8tCr9Rjg6t2B3EtkMWBg,Vz2RN55rTJBGn43K1v84nA,2012-12-14 23:07:15,0,Clam pizza. Holy freaking crap. You must get it. Preferably during happy hour.,tip
7oKO7KWbXPLVLRa7n4ox8Q,MGZ78q9z2XwotVNcSInoKQ,2011-07-16 19:36:05,0,Tampa Rays vs Boston RedSocks today!,tip
j08F8e1eVw26V4c_O4Q0BQ,RvTHIKHaPVVp8S9cihpi5w,2013-01-29 12:35:03,0,Intimate and lively.  Buy a drink you cheapskates.,tip
hizGc5W1tBHPghM5YKCAtg,I_3LMZ_1m2mzR0oLIOePIg,2010-06-07 17:40:34,0,Hog whisperer!,tip
3Vm661aS08HuOhX1xsp_Mg,JcdsERaKlWNY9CT5Tl8LvA,2014-04-12 21:05:19,0,My first time here and the flight was the best way to decide which beer I wanted. They all looked so good!,tip
SOIJlmSJx-8MvM8UuDU1Wg,4kLaK87pxBELQZ3hdSP16Q,2013-02-12 02:19:53,0,Getting light beige micro fiber sofa & loveseat cleaned - Dan does a great job of getting it clean!,tip
L38RrW37Aqu4BLZgQj46PA,oGDGlUbOjHxmmCh8ZYcDCg,2015-09-27 00:40:03,0,Complimentary popcorn,tip
Nmak_X3F7ein3oNUKsYz3g,boTwyOpii_MfFwwo6gPp6w,2019-09-30 02:50:54,0,1 star,tip
9MQunySr1pvaZe6Tizxvxg,bGITrkWR3bNTuQDBvngNHA,2021-03-08 22:31:14,0,Great food and service. Definitely great Greek food. Highly recommend,tip
5ANDHlHWVj7jLVoLoWfefA,GXFMD0Z4jEVZBCsbPf4CTQ,2014-02-24 19:01:27,0,Go for simple plain southern style fried chicken. No sauce please,tip
0YJ71QzqlIzFeJqOOeu6Ew,H5Rk-aunuEzGANXCBu-NPQ,2013-10-30 00:38:03,0,Always fresh.,tip
xqvAeGXOtCKd5z3b7kUauA,Np1i-c9ZhFfiXTVPTShGEQ,2013-11-04 00:13:32,0,The Pumpkin Concrete made with real pumpkin puree is amazing! !,tip
LcVX5dauEj520I56PfpPvQ,pWzrmh1oiU9ngWXGHKnnwQ,2014-05-10 13:28:25,0,Quick inexpensive breakfast,tip
08mOpJRCpZe3D8UHszP4FA,9uHEhLKTVXATCt7JSvUsCg,2014-04-06 17:54:59,0,If ever in Philly again try Italian Ice from here.  President Obama ate here once.,tip
TwUqavuMpDWCw9iCva3KXA,Q1y7-5X4D6cRvSLxmm3ktg,2018-11-24 17:52:01,0,The pizza...really don't bother. Bottom barrel pie.,tip
SYZVCsBMVHmhGRcdvNvA8w,AUBQPQ8wftMBbP2Q3Lbn0w,2016-09-10 19:02:39,0,Cool Flames at Night Here good for a romantic evening.  Loud music at night.,tip
AC-Rp_nstisY1WLdA_Xw3A,FEXhWNCMkv22qG04E83Qjg,2020-01-11 19:15:27,0,It's a go to destination for a reason. Worth the line.,tip
K-hrEd9MQCNlrx0xCnTUew,q8-HPf20m16_gTj6gx3p-Q,2012-11-11 21:15:23,0,Excellent prices,tip
xU4GbT4VKMpyOxNJAuP3hQ,r7Qy5_hyaubznXyzDCR27w,2012-09-09 19:48:46,0,Great spot for a quiet lunch in the park.,tip
hIB59bwIz3IgItNfZEe53Q,1ahT3QimUngu6fzXjCtn5A,2020-05-15 21:26:07,0,Terribly unprofessional. Absolutely wasted my time.,tip
Rr4cLb6Go91FT134o6RsKg,UdcLHHBRIxtelgbKBnhitA,2014-05-19 00:12:58,0,Dinner with my nephew,tip
RpqZqQQSV1ErCOWFMMKhrA,EWn9JXKGltSAUSkFXpCUOQ,2012-03-24 23:37:30,0,"Love sitting outside, upstairs this time of year.",tip
z_iUc2IHWiRJ4YIDoFD5aA,ezB8e2rijjViprrcTdIiQQ,2021-08-29 13:37:19,0,"best cuban food in tampa, thats it.",tip
CYJXK7dbPFi0nxV0i3XcRQ,nB7LcJIvZr-EbJj4oFZf-A,2019-04-13 03:43:55,0,Just okay. Expected much better.,tip
T7Jq2HyYhv0iw4mfsh2oDw,uYBHf5LLq3f7YbBjncQdCg,2012-11-27 13:12:26,0,Italian roast and a magic bar,tip
sZgvLjJ4pTPSFblOteGr0Q,7AjM-d3gsgpvKDQSX6QCuA,2015-12-04 12:17:23,0,"Great evening with wonderful friends, food and wine.",tip
Dzip_FVESmUPdBj7MVzuVw,Z4fUZBR3w_wvU0hYBbJqvA,2015-10-29 23:31:59,0,This is an adults-only costume store,tip
GWcQhtqH1vTFmkC-s1nVMA,UE_H65QtLPL03dujmDK8uw,2012-03-04 20:21:44,0,Park and walk into Armstrong Park!,tip
bdgKrNl9tNYN3W7q_rTTcw,aavKpXOXu0WAqtYtD5kF0g,2018-08-27 03:41:13,0,"Clean, but The baked goods were rock hard. Had the brownie, lemon bar, and eclair.",tip
JI2Xi-82neGnjowqFnfpzA,8O35ji_yOMVJmZ6bl96yhQ,2011-02-23 21:36:55,0,The Missouri Vineyards in the United Terminal.,tip
3vj7pt46Pf9PPROPpHVyow,cezbcRLRWCKz1wztpQGgjA,2017-06-01 23:21:48,0,Great meal and service with Jonah!,tip
Hlu4WMGrbFQe50bleaRj6g,p2J__JQ_mN5lVd7iGXYgGA,2017-06-30 17:33:04,0,Food too good; ate too much; feel too full.,tip
Rr4cLb6Go91FT134o6RsKg,bJodYUhoZb-ewnzZS-d3Bw,2013-04-05 12:47:51,0,They don't sell Apple Spice Donuts :(,tip
bzvybV_u1fJzAxyWifvI7w,6Ty-KKWq6hLZYW8DWEHYvg,2015-05-05 03:02:37,0,My non alcoholic drinks were pretty watered down. And also came into a souvenir cup for double the price. Return any souvenir cups to the bar for $3 cash each!!,tip
PxBrbub46mGoNNN5ejVR_A,xCdqyXUbY0Tzfmbx9tx0YQ,2012-08-28 15:19:28,0,Glad I can get a bagel before the storm.,tip
iPV5AD8mZVFEP_pGbRhidA,DqTl8E_OdWHqvyuAHlXAjA,2013-04-21 00:08:10,0,Very good service. Having the baja fish tacos. Good for Talapia fish but I'd rather have mahi mahi.,tip
WIf2ZR0O2frd3ISs7oM6xA,SwJLqp3ngTotqd3kAmPdyw,2015-12-05 02:32:15,0,Try the Tuna Munchkin appetizer. Amazing flavor if you like tuna!,tip
7-mA5iLgHJt6LRbi8ex09Q,Du0waRmHch08QABPLIQcMw,2016-07-30 00:24:33,0,Get the calamari. Dump in the chipotle sauce. Thank me later.,tip
SFxkXVy3zP5fRJsNwomgHA,SSRNaYae6vFIefAMIbze7w,2010-07-28 21:42:59,0,Stephanie is excellent for cutting curly hair.,tip
O85MriJ0e29pVao2wxbbPQ,ii8dw3vTRecmP_iOiaP0Hg,2013-09-04 00:35:15,0,"Nice. Older building, great architecture, prices very reasonable.",tip
EQpFHqGT9Tk6YSwORTtwpg,V58y45seW-Yp3gzHLnrPIw,2012-08-28 21:13:03,0,Artsy. Lovely. You Must visit here.,tip
yCZW3HIN6p559KjMXlPCBw,hkirr3WzSTx2d9cdP_NKSQ,2013-05-26 23:44:03,0,Best falafel!,tip
vaUNOkRYi9lFwaXmy-gksA,8yR12PNSMo6FBYx1u5KPlw,2014-11-14 18:21:40,0,Get your Gluten-free beer here with a choice of 6 different brews.,tip
evDmfYHbxqDAy8_27bAUNg,SQdgv12hifah8Syr2scKEg,2011-09-25 00:20:32,0,"75 min free, $1.50 after each hour",tip
8htofY8Xm8FF9PEDeV-Q9g,EmMTdZFkqQRbUL87Tl0Pfg,2015-09-11 00:24:21,0,"Sucks. While the sauce is decent, the meat quality is below standards!!!!",tip
fYxxyTIQmXrdGHMEEAnn8Q,Ldch7Nc5gaZrhcIRd7mcjw,2014-11-23 02:19:53,0,Good sushi. BYOB which is nice.,tip
b4_-VASWaX177Rx9AltYjQ,ENH6GLmM08DnDNgeLiBG7g,2011-11-11 23:43:21,0,Yummy!,tip
AET8o-kppkZHXwndLQp3AA,DkVFvHGyNBGuPMzI9Zdt1A,2012-07-03 22:40:16,0,Their homemade sodas are an extra quarter than their fountain drinks. Go ahead and spend that quarter. Bojangles is AMAZING!!!,tip
wJGD1bV8Ecj84ql7lhq0eA,HyJcJS2OTMKBWEXknTR69Q,2014-06-24 15:50:24,0,"Lots of parking space, place is located on first floor next to elevators",tip
wz-dFsyVR7xvLiEXZ8Z53A,nKdvOAenRN4WllzGJ3hd4g,2018-06-07 22:01:25,0,Be heterosexual or get kicked out,tip
TLo_DwwrXzUAnUHcdRA1QA,F4Pk3sNtkPCYLColKYpuwQ,2011-09-25 23:26:42,0,I hope you like the Beatles because they played their CD for 1-2 hours.,tip
Fq-UZPixGO4a9MeSqXJb8A,nR3VW9i2K8033QY0ZMTisw,2013-07-22 22:58:13,0,Get the Peking duck hand rolls!,tip
lMY8NBPyzlPbbu-KBYfD9A,MeiIhtaBGuUCi_5gMAPH4A,2015-06-27 20:45:10,0,Last drop on Saturday 4:45pm,tip
8XPGfqZF02EvZ4dcu0RQXQ,Yeef_hlUbSIRWog3dVortg,2018-07-23 04:55:10,0,WOW! North end win! Great atmosphere as well as delish tacos.,tip
igvNwBWWanHvt46wdHjb2g,IBWzg15XkNO25hOpQHM7ig,2019-03-18 01:26:19,0,Not edible.,tip
usgiMpz4D4TtvCDiTOa_lg,ltmenUcFgNv7fPOU2BiwKw,2015-04-29 00:54:43,0,Very good place to eat drinks r good,tip
Rr4cLb6Go91FT134o6RsKg,rowZsHs7UFgiL4Okqnk_Jg,2013-02-06 22:31:33,0,This is the best Shop Rite.,tip
J8Ms5-Q1ukc0W8NnRxg02g,Wu9lbVopehYmNXhJ1dwBfw,2015-05-06 23:16:58,0,"This place is the best!! The front desk staff rocks , the food in the cafe is yummy!! I have trained with Bea Harris (a personal trainer there) for over a year and the results I have seen in my body & strength are remarkable ! A++",tip
6zPrywDH9KRMfH-cm5SRyw,WeFiN2FCYviL-5uwzPc_rQ,2015-11-19 02:58:10,0,My whole family got sick off their chicken. It was to greasy and not fresh,tip
m4uHs1KziG5vngKK2pLv7g,Rxfduakoz7HkW8_1BH8ruw,2014-04-09 02:27:26,0,"Great customer service, cute environment, love the location!",tip
KK2iSNE1HpbVWx13G76TRw,szad9yEwckNw0P3L5FGyNQ,2014-02-17 20:45:56,0,I won't come back the good is not good at all,tip
tnNhtuoywPN_8eHKZeE73Q,SDUHdtyCg-1jI5MZiC5mzw,2012-05-01 22:48:47,0,Yum Yum chicken tacos,tip
y4YgDmAFNL-Yla-vPk3tWg,F88yRsOo9Eqo-0oxs8U1OQ,2015-05-01 02:57:40,0,The food was excellent and the service was very good!,tip
ngS4Niso3JzFwEiAqjpd2g,4_OXOjAUA9Q8L6VdZz692w,2014-07-23 01:25:13,0,Great good and great service.  This place is awesome!,tip
YB3G947eLlZNSm1leC9iqg,K7KHmHzxNwzqiijSJeKe_A,2016-02-06 17:40:36,0,They always have great specials!,tip
LVMgwNecJDZTku00Upw5yA,wMJlbZt2vOTG_FV96gkRVA,2014-03-03 13:52:58,0,"Can't access parking lot from rt 38 east, have a to use jughandle at Chapel",tip
zTo2BWHmths9td4OMgmEEg,GOd7DqkdOVh3lXecJlLT7Q,2017-11-23 04:21:52,0,Best cuban sandwich i've had in a long time. Very friendly staff.,tip
Gue1g2lxt2GNM2GmNVEjcA,0QU_iVOpEyAnfFG8_QTGIQ,2013-03-10 00:26:11,0,"Try anything, it's all good.",tip
Ua7NBy4hCn9xWYlTXq44_Q,JuWE5ywjzZetPaanM8QQfg,2010-11-20 00:47:49,0,Chai egg nog latte is great!,tip
OEDyLBXiNxEOMHwyvCF0dw,rajhXVhe25WptAZx26UqTA,2017-06-19 20:28:51,0,"Pretty legit happy hour. All of the food is between $4-$6 (hummus, pizza, sliders, truffle popcorn and deviled eggs) and a good variety of drink specials. The regular menu is borderline absurdly expensive so my suggestion would be to come for HH.",tip
vU9_lZqJQIR8btUYw7fqxA,TKvLYL2T_RmCjDZmEtkfVA,2017-01-14 17:58:53,0,Very expensive,tip
gTPDKVeO7UtrIPhbkBjK9w,gjSygHjeDCDCPsCdFiyW3Q,2017-05-01 22:39:14,0,Food was good in the past not now not much meat in their dishes won't be coming back,tip
37MZV6PcsLBAZ3CKZsYpPg,8XRjs_Yvu33ASRQRSBe-Gg,2021-04-30 14:51:27,0,Here's an update on my leg from the scuffle,tip
bDwBtC0jk3is-qLFlxWGWw,Bn89wzlM7Yx0hWWm4sWjKw,2011-10-26 20:15:01,0,Lunch time chicken chimi with the works! Fantastico!,tip
b1OxA1KIHH4F1ADzmQSvoQ,8Cn-xs9Di_IFKUcT8YVtrA,2013-03-11 20:58:01,0,Totally amazing!!  Jodi did a wonderful job on my nails and I am glad I found this place!!,tip
r0LsnZWsqcfPje-_UmXs_g,4KJqpqPuD887Nwlrn-aZHw,2017-10-06 04:35:55,0,cash only & the repair is done right in front of you,tip
HANbsjcp8fRJpV7X924-2Q,vN6v8m4DO45Z4pp8yxxF_w,2018-11-24 00:57:37,0,Order the crab meat omelette and love it!,tip
ESlbhXivKfrymFf-0saA7w,FtkYGVPVCRuuhQhYJBSVQw,2017-02-06 18:39:15,0,Lunch menu for 9.95,tip
06TteNk3X6lIbkZcnag2Mw,qCvCK8hVxAuuWwkBp_JE4A,2021-05-26 23:34:36,0,We Love It!!! Great pizza and cheese steaks...Friendly staff!!! Awsome job guys!!,tip
_Wkf2RNDnBuqMOpzSqmZXw,Z_WZq3uFGqvtjsFl6kNBQA,2012-05-20 03:07:53,0,Noisy and packed. Make a reservation,tip
e0ZmEBmev2zoPG4BqOxf_g,-If0ps0QhOLCYVWQWs9RYg,2014-10-30 16:28:24,0,Place was incredibly delicious and fresh and comfy,tip
2sZ7YZD1TpnQx4OThUs9mw,LqbDCUao2NUlTuq_GIyyWg,2021-01-18 01:27:23,0,"Food came out cold, fries were limpy and cold as well and was given the wrong food.",tip
FQ01V9EVsP8VO1PclqbLkA,VvuvNLlxEQL6Rhqm3w3jLg,2015-09-08 09:38:18,0,"Expensive, not worth the price.",tip
Srv67gRvG1MHb1eeAS5LLA,y04yvFFUW3KdwBOJTn6BGA,2016-10-10 18:05:02,0,Nothing to talk about here.,tip
317HFT2pKWdEZpG5hRh6PA,hRPH-pAQmxSiyyxTfljusA,2010-12-24 16:09:22,0,Went for the first time last night! I'll be back again for sure!,tip
x1gZD9a4ILtO7NEvyV-12w,UiuYQTP-oxhEd01qpjQszw,2014-02-27 00:03:16,0,"Awesome fish tacos, always have good micro brews on tap.",tip
DBlch1nN5crVLaH93_EUTQ,_OMGZ3TXOfN2By7skat_bw,2016-11-05 22:33:24,0,Bobby is the best!!!!!   Very friendly and knowledgeable!!!!!      Great good,tip
rRfECXj2QroHqn6gsT7SOg,x_OCBGTbSzwslCV8XyvkyA,2020-12-12 19:18:26,0,Great service and delicious food!,tip
c0kiDXM3ewN9KYsVz3nJfw,ejiH2c0aRh1l0meK3fdf2w,2016-03-26 22:24:27,0,Great atmosphere in a very cool beach setting,tip
Gukeomq5tXcCvgc5BRa_ig,HH9x7WcNQR3cnwkHo_YL0w,2018-09-28 15:59:25,0,Special brunch menu on the weekends - 10am to 2pm.,tip
lwkGnEl2zgbfRAZlTeYl8Q,ezB8e2rijjViprrcTdIiQQ,2019-04-12 18:58:04,0,Don't forget the Garbanzo soup as a side dish.!,tip
3EMvGJv54k40Ee9KaSY1eA,O9MZvFErMCtVJpU9ChrmcA,2013-06-01 00:00:30,0,Unsure if its just today but everything I ordered was sour. From the beef with grape leaves to the pork chop over rice. I even asked my friend to taste it and they agree. Strange...,tip
CLYcppWnrKudHyIdqF8Qdw,plobBsTtVUODb353xxFT_g,2016-05-25 20:40:16,0,Great food.  Some very unusual and great tasting.   Service was also great,tip
mg0WyC7wph4B9HEM3LMbzQ,74XfBwMSAUyhsofuvAZQ_w,2010-03-12 18:01:05,0,Love the brisket with Georgia Mustard BBQ.,tip
kJhsVA7tYy-GKyHvIuwKEw,ompDR5sUDpoI6gnTldmneQ,2016-09-26 20:26:37,0,"We had the ""Taste of Soul"" platter! Everything was delicious!!!",tip
jsaN4TDygu76AGTiB3PpBA,JRPblBSca5VQH8ai6yTjRA,2010-08-26 00:00:30,0,Smelly deli,tip
lRD-M1WF83dL12p8EE3hDw,rYqmaOIULRouz_1db07OdQ,2012-08-21 15:05:33,0,Signature potatoes!!,tip
Nxr5C4m0edwetAeRUacP6A,MtTLqwmP4AHDWuodaSaO1g,2012-04-27 23:05:43,0,Did I mention that all their Gerhart Coffee & meat come from PA AND a lot of transplants flock here!,tip
upxB9Euc6CZZFeuo8o9apw,9mA9qYqiv4c0T9ASid3PIQ,2011-04-02 22:04:38,0,Awesome.,tip
Rr4cLb6Go91FT134o6RsKg,UYk0-_vE6GheSGKJlRBt4w,2015-06-27 01:01:29,0,Yummy Grilled Chicken Wrap,tip
hX9Uza5h-s9B7OKvB6qw_Q,Biidj3QszVuVO0Q85g5NPw,2015-04-03 15:10:32,0,Try their AMAZING vegetarian banh-mi!!!,tip
gBsGmsPlDU2TwE49g0jJqw,tSkKTGnKuIYRxRS067vdlQ,2019-05-16 01:09:55,0,This place is amazing highly recommended if you're in the area! Food is soo good,tip
fSjrL6b9k6IANJXFJhCCww,8yR12PNSMo6FBYx1u5KPlw,2016-12-28 20:02:15,0,Amazing staff and amazing food!,tip
dPLaY-t4BF7KZI9SXABg5A,7aM28f43bGsTrQRWuWxXRw,2013-12-28 15:31:22,0,They take donations of any books but college textbooks! Support your public library,tip
WjP-1YJ-uHsSD47_Gh1Zfw,94CrnQ1PbADkQGBdy84ndg,2012-02-14 01:27:40,0,"Great little spot, good fish & chips, bring the beer!",tip
5CfRj0dIV1EPlarQ8oeh4w,hPu9RUh8v3WCFhJQu52VzA,2018-02-07 06:50:08,0,"Good froyo, good flavors, good toppings.",tip
8XDrDEw0xY88yQ_BK0P8eQ,tvBz80VKCtWAVbA6VmJufg,2015-07-31 00:16:08,0,Slowest check in I've ever experienced. Rooms worn and dingy. Front desk curt,tip
rhAJL8PLgu6ppxPlwjSkxA,Di23dhpgrqBHMUq6vZ42zw,2020-10-31 20:05:27,0,"Great place, awesome sweets!",tip
jCLjVfSMbvLkSH2ZMkryZQ,yM8LlTInbQH4FwWC97lz6w,2011-12-16 13:54:39,0,Oatmeal on the go,tip
bGjjXHdlIJSvfHEq497OYw,siAMh3x3a0vYd_7PAiI43A,2021-05-03 03:42:26,0,Good pizza for the 'burbs,tip
JK8xDjaj3VFybdeeAoRZAw,6t_bgCtLMU-yC4QGqjY72w,2016-02-11 14:43:47,0,Authentic South Indian food for the win!,tip
RFuZp_s3N28tED8AniO3yg,Eftz2lg1b9Hb1UHpxF1Edw,2019-02-25 21:39:32,0,Great collard green soup!!!!,tip
bbZdGtE3KpVo8WA2ovPXOw,NO72Hrp96gazaxflsUrGyg,2017-06-12 00:12:13,0,"Bubble guppies cake was adorable!  It tasted delicious and was affordable, too!",tip
08mOpJRCpZe3D8UHszP4FA,PP3BBaVxZLcJU54uP_wL6Q,2014-03-05 17:26:57,0,Menu1,tip
U6iRi418s9fTHSqeUuoEpg,c_4c5rJECZSfNgFj7frwHQ,2011-02-23 19:26:49,0,One of the easiest security checkpoints I've ever been through!,tip
QbBp8-R18idD8Uym5YVI4w,5fSPNlVUBGMExOy9lgFn0A,2021-05-07 01:11:06,0,.,tip
lAgEI3m41ol9iKgup0_ooQ,EX6kS-ke1HPK9qQoQtaDFw,2016-03-20 19:08:32,0,Tacos on weekends only.,tip
IlRPJq1xQYVveMP-429-uw,LkskzKzo_S8YmG1dGn4hag,2013-05-05 17:26:11,0,Live music and cinco de mayo festivities,tip
KGdV17WL4x2w52VK81D_Iw,4yJunRwTaGQ_6exao4K9hg,2016-08-11 22:59:12,0,"Big gyros sandwich or shawarma for $6.99 (lamb&beef,  or chicken)",tip
J-YoE6yhMjATX6X1j0sXkw,jqizXUuIQmSZ2gloidWUMw,2015-07-03 18:29:01,0,There are better options in the neighborhood. Nothing special.,tip
giQSReOdlfwPd9dND2FvDg,KDzLMPTTLihnpcctZLmg0g,2017-01-08 20:19:47,0,Best Happy Hour value (drinks AND food) in DTSP. Including $1 Oysters!,tip
tIsqXE3KIr8xtDXKxtd2vQ,nYuwfmjaYdeJgZU_Q_ugaA,2015-09-07 05:04:29,0,"Authentic, high quality food. Also - the nicest staff, ever!",tip
JeEPT2GhKgnD-w7lebHPSg,8kUh6TROemLfbVR_ewVVLg,2017-09-08 01:51:33,0,Beef loc lac is to die for,tip
OBr3uXdGBezAkFwtCzOVZA,yz0KWVamNhqiZGz7XTClzg,2016-02-20 17:47:39,0,The Bloody Mary is bloody excellent with okra and other vegetables as garnishes.,tip
QBxDZsQwsoG_yqK1sGlimg,Swjkmg5qAHT6hwXQRWQoHQ,2016-03-22 15:10:19,0,Thanks for the well done over cooked piece of meat!! Server was nice,tip
W71BAl7i5dG3V_-kOpwacw,p6H295aQCbDJ80GcpqFvwA,2017-05-10 00:33:40,0,"Dirty, overpriced, stayed for 3 nights and the bedsheet they changed was dirty SMH.",tip
8RDhjTpVE4TQSxCiGOITcw,iQp3QlP4iynGTXgFqpZ7Gg,2019-02-15 14:57:13,0,Literally the best pork taco I've ever had in my life. Wow.,tip
zvWk0tjgTM3ZUpVNgnHsRg,ytynqOUb3hjKeJfRj5Tshw,2020-08-03 17:47:57,0,Fresh meats all the time,tip
n7YNzNBLkz3XfDMWVg4phw,0uvzocFq0L_OMx4CF1g81g,2015-09-22 16:03:23,0,Good prices and friendly service. Laundry is always ready as promised.,tip
FzNARdEEWnoQl9nEDzp3BQ,Al8y5FTs9tW5VsxTVy9ZMg,2014-01-06 14:51:52,0,"The fries and chicken shawarma are delish!  Waitress took a while to get us the menus, overall not disappointed. :)",tip
n49jpnIpEejNgY8l9jXU2Q,GGMPGL1AmXwlNyHyJ4oUXQ,2015-04-28 23:13:45,0,Excellent food! Huge portion sizes too. Very unique menu.,tip
Lnv6mh-gRQ9jDFnswIQzyQ,DOl21AqtT74dUZ3kvXNNcA,2018-05-28 21:41:33,0,Start with the Roti Canai,tip
BR1LiX4sFRwtc-lB1p4HCw,iRIHK8-EwpeffwvoO4nzIA,2012-12-15 04:32:17,0,Crawfish are owesome!,tip
aW0NzfHL7lq11MUsRXG49A,KQgCflC8eqJU5kvJkByXzw,2018-07-19 04:34:19,0,"Terrible service and food. If anything, order the miso Ramen over the shoyu Ramen or else all you will taste is a bland soup base.",tip
9F4ySE36T7VrM-zhdQNdgw,QFh-h_OZ5Io-mBk32HN28A,2018-10-14 17:03:51,0,They don't carry the Impossible Burger. I wish they did.,tip
vJ50BY3k9XxQ97ULP1O7fw,G5kWtADcIMy5CgrjUerfnA,2013-06-28 02:59:59,0,"I can safely say that the food I had here, I would not feed to roaches.  It was DISGUSTING!!!",tip
-gT91hsQJBBef-SxryE-zA,A_AEG20YPuVW7Ao7gkHicg,2019-06-11 00:08:07,0,"Amazing! Went back two days in row. Super fresh, quick and delicious.",tip
AaJ9d4OrFmgc4S_U2QiSZg,0XwK_AmMuaLSXRV3BQ_yKw,2014-07-15 21:41:57,0,Excellent finely - crafted chocolate,tip
39X4QydjGWzJt9H13ZhzdA,I3Uy20BKx7G-Fzz6hLIeWg,2013-09-24 03:37:31,0,"Worths every (and that's a lot) penny. I had the eggplant gazpacho with lemon oil sorbet and crab (blew my mind)
I also had the 3 way cooked pork with figs and sweetcorn puree.
Well, i am just amazed.",tip
98PN5sgMDJKOPP2cU6f0fA,c-iKAO2GBzSKjm7y1Oljcw,2011-03-11 02:03:53,0,Litto Jambalayyyya....,tip
de7i9lCeyDjZWAGPayPgbw,LY1WmE1DwtkGd37eG3SoSQ,2011-07-23 01:24:04,0,Try the Replicale. Very easy to drink with an ABV OF 6.0,tip
RKtCCkjHqvXmSR30382jsQ,jQBPO3rYkNwIaOdQS5ktgQ,2012-02-19 18:20:35,0,Wifi is really finicky and hard to sign on to :(,tip
3tHXp6s9wsNYBs40C75qvw,KhKcgF3zi6J_M6HBzkFkLg,2016-12-22 17:16:33,0,Happy hour $5 hurricane & some amazing cheap appetizers,tip
lpnI226_ekGGvkx2Kd-biQ,bdteJqgoj0OaALhj9RFtmw,2014-03-02 18:04:33,0,Busy..busy..wait in line,tip
-NycZLw5rPxqwrkKKI-83w,u91fiXuX7r2pnHgrsRhVmg,2012-10-21 14:39:45,0,"Will be closed from Dec 19th, 2012 and reopen on early Feb 2013. A medical procedure and healing time needed for the chef",tip
mALTcp74tGllQ-FFLTfNjA,bugqlf02nwjIY1F8lozzKQ,2018-01-15 20:39:31,0,Only had vegan cookies. No vegan hot food. Disappointed. Great selection in beer.,tip
vWWvICTldmZgz-JMui2u2w,9PZxjhTIU7OgPIzuGi89Ew,2012-01-08 21:02:21,0,grilled shrimp tacos are fantastic,tip
PT2kDWAaJ7Hubcgun5-nAA,xleMp7jTnm9sryi5dvV-1g,2015-12-19 19:15:48,0,Great customer service!,tip
Uu2F593C-WJSylr77aRjug,SA1kBystZZn8yYiQsjljYQ,2012-01-21 19:07:30,0,"Try the Romano panini. Grilled chicken, ham and provolone. Just the right amount of saltiness. Very generous portions.",tip
Ig2ttf1xX2Ihlm0nsykaTw,rkem6aEo3vAG2VufybdwuA,2012-05-07 21:46:38,0,fresh meat!,tip
klookzcJxWR2SzImeDr-Tw,Wj2Rb6wGmejjYuZgRpNuNw,2015-03-28 00:48:50,0,average food. not worth your time.  grumpy service.,tip
HYbWfGCG6u-Q2HKvC286Og,SJEtfe8kL60bh3D40KTRMw,2016-07-16 23:49:49,0,Great food. Great service. Great atmosphere. Go.,tip
uzvK1-X67klWSoF7KlBKag,oWk7BiqZG99slmVSq6fmWQ,2015-07-06 17:30:04,0,"I liked this place until the guy who answered the phone when I called was a complete asshole. He acted as if he was annoyed I was calling and giving him business. Not to mention they screwed up my simple order royally. Screw this place, never bringing my business back.",tip
Hv9siU3zfE1zJ-GyBxOQKg,rpFT0AX5kqMdtbdNH-gvdA,2016-04-30 21:49:55,0,The food was absolutely horrible Very disappointing.,tip
4dkwr9YOkD700GUYrIcWRA,71U7MxQEhwitJOm4CQpRwQ,2015-09-26 02:35:37,0,"Probably the best squid salad we've had, great sushi and dog friendly!",tip
dMrmnopCJ0xxEuG7WMCtWw,-_LxrVdjX4JMTtbSbSzhsw,2014-08-23 03:47:10,0,Check the currently not recommended reviews.  They are all 5 stars and incredible reviews that are very informative of my specializations,tip
OXVku9plyUmMDW8m9dw42g,PGd06nrseC2YAIqP6S9gUA,2017-02-05 18:07:03,0,Great service and delicious food!! Will go back!,tip
X0QkEBbV1xsL50gQ8NNqqA,T-VtSdy12FvIF0uDRxdEfA,2012-05-28 18:12:30,0,Lunch with my cousin.,tip
I-wq3PJNBlaZ8tpi0SdS8A,zM73Lntxy3Qgpm_jWmmTzw,2017-09-07 21:29:24,0,Really fast wifi. Much better than a lot of places I stop to do a bit of work.,tip
qh7rwXoJNCuerk6jjGdb7Q,ZgbB7jSGP_MJZgHpoiGujQ,2015-11-30 00:48:41,0,Very good food.,tip
IP-DCKHBNOOgdEJME4kuHw,8eDkw7CE0NKqMknPIu26fw,2018-06-30 17:34:54,0,Good Food!,tip
P9OWLy92qOr2EokcIO8dxQ,MaYb7qMN6BomP1zQGj3Wjg,2017-09-21 10:33:55,0,Amazing food and great employees and ownership!,tip
ld0AperBXk1h6UbqmM80zw,ntk3HonjsNzd2cY9o1RpZA,2012-11-23 17:23:55,0,Hungry,tip
V73_14knIIaAAE_Rf2B4-Q,4-_I1gz5Jne4z4SN3J5Zhg,2013-05-03 01:52:45,0,Crap. Don't go. Void!,tip
CV4BMLxPSuC5V92JUfQlsw,_cndcbuaqSRW5f-MeZasNw,2011-05-14 15:58:12,0,Fried Rice to go!,tip
j8Qej8YHZI_Ms9QEnqStfw,Z_baIZoBe0N18WB5QM7UzA,2011-08-04 12:09:45,0,Fish and chips are decent.,tip
T-Qph23zjfNAXYGpQ4kW0g,nteD5A6CKXZPqbR9EltQng,2015-12-18 18:40:31,0,If you like spicy be sure to request extra spicy as their spicy item appears to be normal spicy when ordered extra spicy.,tip
OlTe0RrJZ2dJKzO3e-igyg,GjhV8ETKVM4SWzW8tMUDWA,2018-04-08 17:23:59,0,Check in online and save having to wait.. best thing ever,tip
EGE7o9ieUMEkBZ6CeGGRnQ,rkjoDQvlfbUkBeEWOX4kKQ,2016-07-16 00:08:55,0,Great Guy!  Great Cuts!  Honest Review!,tip
Q2ewB7I2TriCLSsogXMN9w,g0lCOgLkkByZrhmwYzP5KA,2015-08-16 06:09:28,0,Get a reservation if it's a weekend or you have a large party.,tip
rTKK_-3W3gIQEohj0QSFWA,WVi1D-kl_QBKiVHIwLDUow,2016-02-10 19:40:10,0,"Manage your Club Member account (Change, Suspend, or Cancel) online at http://iguanawash.com/clubmember",tip
rA0IMRMo4Hh_HRgekLW2Lg,LChxkTCFNR7LgDgfk0mnxg,2019-08-03 07:16:33,0,"Excellent customer service. Good Music,  good Hookah and Good people.",tip
Z8GkGHBlrPJRnaqQr_gJ7A,Gt6NclvT89Je0_VHI1eNrQ,2016-01-23 00:23:01,0,The food is good & the service was very nice.,tip
0h7gG_OQg08OxW56Ut4q0w,vbH8RTnw5UD6m3lFV-NeJQ,2012-01-04 23:49:37,0,Awesome!  Try the Grilled Veggie Burrito....Amazing!  Tell them George Sent ya!,tip
ex53GXIxonHs8kO1BvgoSQ,azksjpT1jYuk6mTdM2YsgA,2014-07-13 17:17:08,0,Don't come,tip
_9Nr_RrFuqmQ7n7vfkXRfw,Fvujip8PJg4UTeAcfSH9QA,2011-03-29 18:15:48,0,Going to try the veggie burger here!,tip
6evqvEFk7ofI1WrCzSf32w,fGva_WmudoBv4JZiwp_bKg,2019-04-13 19:39:43,0,New Equipment with a great price and very friendly. Can't ask for more,tip
pK64yblbC-A3fxS5WFUViA,H0Ishhv7i7T8jNIv_lED6Q,2021-11-05 01:01:16,0,Favorite place in Tampa!,tip
8HDkfoDJM55BTaqXI4nUpQ,d9bcNc20M6jXF5V1PiujgA,2010-05-19 22:13:00,0,Cash cab is on,tip
pU_E5HYsuvbGcR1bk-fxEA,agGQwLS3zQyy9vSNzbcuPA,2020-02-11 21:04:05,0,Poor quality service for high prices. Customer service lacking. Look elsewhere.,tip
GL8qyHNUTpgJXW1N64b7UQ,qifYlKJaWG6zYwNeCVO_JA,2015-05-02 22:08:11,0,"Will be closing in next few weeks, by that time will have lavalipsindy.com website up & running. Storefront may resurface in another part of town...",tip
MV-dII7Ec0seBTagOJTldw,RnMGVQpGRmEmJlI7Uewi4A,2013-03-26 22:51:59,1,"Favorite stop for a quick lunch on any day for authentic fujianese food. You may not be used to its tiny and slightly dirty place at first but the food brings me back every time! Get the ""bang mian"" (classic noodles with peanut sauce) and ""bian lou"" (fujian wontons. Fried taro cake is also tasty!",tip
MxgqpJ-PzpGK0NmAAltU3A,HOgRUe5wU-y-OrOHsk0GTQ,2021-07-27 18:03:48,0,Read the reviews that are not recommended..They are much more accurate! Worst AMC experience ever!!,tip
xROMm5mG2B79n6XJzgdcwA,Opaq2wcFfqjHdhpQHXvOYA,2013-08-20 22:27:44,0,A great place for meetings!,tip
snziw_zQ0_tAA6QoISDiMw,wI51ie-6j7y5MzxOCS4fNA,2013-11-13 16:57:34,0,Conch burger was amazing,tip
jp-2cba-vL7nLht4C80wKw,NTiPDvC99_yK0RY9ltnLgQ,2017-01-05 02:02:39,0,Must say their deep dish pizza is the best in town!,tip
RrW8HRhNF5AH2jyVyKa2Eg,V9OdWXHsrg-SVdXL93BN3Q,2019-01-24 21:57:15,0,Grab some take-out from Omani Fresh Fast Korean Grill for dinner then walk to the other corner to Bier. They welcome people to bring in food from other places! So awesome!,tip
cN0BeccD2EXyjxl2DYdxfA,mzapu7i0ixWPWl9x9cZgSg,2011-08-17 16:54:59,0,Check in to Richie's on your smart phone and get a deal on a straight razor shave!,tip
5FR6ahqqLiVLjbBmkudhFQ,4rMUoAD4OylA9e-ED05Zzg,2016-06-27 15:40:29,0,Forever will hold my heart. I love you New London Pizza.,tip
HgiATvJWTtnIPhAaqDkmGg,NLI2MECy9t5bs9t5rxitew,2014-09-07 20:59:25,0,Great services in a lovely hotel. I would rate it higher if it has water services.,tip
-4mjLXqAoAtQjqDFo9q9WQ,OkLBZeh7dtC0a1T_w-wPHw,2021-04-08 15:44:08,1,My Covid vaccines were scheduled here and it was very easy to find even though it's 30 miles from where I live. They will take your temperature upon entering and the vaccination process is very quick and the staff is friendly.,tip
0NC42awasOIWtay-1A4-mg,CCnuyfb1nd-doEpkj0OoHg,2012-02-04 02:42:40,0,The Resa pizza rocks. A 20-incher feeds three easy.,tip
LtVKo0vXR4Moift2HPj9LA,IkY2ticzHEn4QFn8hQLSWg,2010-05-21 00:08:21,0,"Locals don't eat here. Get a  steak from a cart or any corner shop that tastes better and costs half as much, and a lot less attitude.",tip
cRt0608EYB1iuKxbTg8h0A,WXgV2lOUgas7DzTLeDau-w,2014-12-08 18:19:08,0,Happy Hour drink deals from 3 to 6:30 pm weekdays.  Cheers!,tip
euv10kmZP_cgkY8IsS0ZqQ,PAo66JcyOOh1gY_jYUdMfA,2013-12-17 17:20:54,0,Awesome,tip
65IK2OJyvcNc7btIzh6hvQ,s7TzIICBm6EhBeZD0Qy5dg,2017-07-02 05:47:03,0,"Don't move to a luxury complex if you are not willing to pay for it.  Maintainence and upkeep cost. So does increasing a Reserve Fund dictated by Nevada law. And so do improvements. Plus there is a fabulous clubhouse with large screen movie theatre, wine cooler room, game room, sports room, full gym, saunas, social rooms, library, two heated resort pools, beautiful landscaping, lots of green areas, trees, ponds, fountains and waterfalls. 

All owners have the right to make improvements = noise.",tip
sqjGU1H2VSVWbWd0QIIRWw,stqWlKEgXweNQSsxOsHjVA,2012-03-06 19:42:21,0,Tryin a poboy...,tip
hc3nM3DuYULcfXmZ2cG04g,WXgV2lOUgas7DzTLeDau-w,2012-05-14 23:09:13,0,$2 beers until 6:30pm on weekdays.,tip
Hy_ko_2hkLTxvO7G0pIGsw,dMGWB4TEfEhgInQefGimAw,2014-02-08 02:23:54,0,Super busy Friday night place is packed wall to wall,tip
MN6vTCeRKWU44M7xwhQc7w,Orh74dttL3C_Q8Ph0CfuCQ,2013-10-03 22:01:59,0,Call well in advance. .. they are a popular place and booked out a bit!,tip
7QVjobGTKaJNJ_FsKRdkjg,AJTiwfd0QwT2vyiX50GArQ,2011-02-24 00:37:53,0,Great pet store!,tip
yRQFxpWODGhvsnSOEqIj0Q,9sqQlwGC5tswy5RgTlL5JQ,2017-04-28 00:54:08,0,Favorite ice cream shoppe when visiting St. Petes! Great service and ice cream!,tip
gWPH18Pb98LAmM0wKuvFKQ,u9oG6CVhS9dJR5ZHS5q23A,2013-05-31 17:51:38,0,The young ladies working here are really nice and sweet...come in for a tasty treat,tip
G41kRFCZDR1i0Sfjd2Y-iA,cQIh4YJlVtZI9TLF5_smOg,2018-10-19 16:48:12,0,Delish!,tip
S_a_QqPbnNHtexHFpPd5EQ,liM5S5on5kfRDeaR14Wbvg,2018-03-07 02:49:31,0,The best mules in tucson. Go early to beat the crowd..it gets packed on weekends.,tip
sUjtb41g4Nr3NKwfaQnhbA,BPvw3jUX5z2GVyy8kHYDTw,2021-12-05 21:47:11,0,Slowest deli eeeeeevvvvvveeeeerrrrr.,tip
ubnDkXgBAD767iWFsSU7Nw,ghFNIv9_Bde6uquScRZD7g,2013-05-13 22:48:53,0,"My favorite ice cream place.  Unusual and very delicious flavors-  chocolate chipotle, cardamom vanilla. Yum.",tip
uCJOgCaUhsF-Of8t-ssltA,g984ht2NOyaqLU691i8IHA,2017-05-25 17:37:48,0,"Great food, clean establishment, and really nice personnel.",tip
qjfMBIZpQT9DDtw_BWCopQ,ROnkVXPz5jRlMQvLw05UEA,2020-03-28 18:00:40,0,Cappys is doing curbside. Call and pay over the phone and they load it up in your trunk. Best pizza and spinach and goat cheese salad!!,tip
xXmtvRLU_Qpz0FT09mXGgQ,cM4RDHa5NrLPD4dL3HE6gg,2012-08-09 01:13:26,0,Hot Damn! Thought I left the phone in the car. Sol Driven Train and Packway Handle Band tonight! Tune in on Lightning 100 if you aren't here,tip
7Gh2Rf-h2D_TRWq-sltRVA,ji-K_58UZ4erdl4wK76iwA,2015-08-14 00:13:07,0,One of the best fish tacos! Simple but very tasty!,tip
Q4tf_Otmoszr1M7qnzGgaw,3SsKfATOn7ABb5E5jKX4Iw,2016-02-11 15:39:37,0,Wrong address on here. It's next to liberty lanes.,tip
M5HoGdy-mNOV7EHhxB9P9A,D_Jl1rJ2LgxGKL8uXTGGsw,2014-06-01 01:09:49,0,"Refreshing  iced tea, beautiful day here in the Truckee Meadows",tip
NPVBG1EIwDpRS26qbvWRHg,X-lGF6aL8RIO-3ROlxcZYA,2011-10-05 16:35:54,0,Fish taco!,tip
Tq81Pwvjv0Oizm34e01m0g,0N2D4HtF2gLJvWxjIfiZDg,2013-03-02 22:52:19,0,Barbacoa taco hit the spot,tip
SP5fJUO8-uoLEH4SaQ9fbg,29t8lDBLiwkEd1HA356dOw,2011-03-05 17:35:18,0,Pesto on herb cheese equals heaven,tip
xbgCToPThK1IVNdt3nkvGg,SwDn4LYC7uzQMmIz8RMBBg,2012-08-22 22:16:13,0,Wednesday nights 1/2 off bottles of wine,tip
cn-YOM0kI0Q0cFR7-GqYFg,OH7EpZrKPnZwZDNKQ5S8iA,2011-06-12 01:48:17,0,Green Tea Mochi Ice Cream here is SO good!!,tip
WnmB2IKRQ6-O0wzbApSEwA,r2bYRNrtMhv-ED2-cFZp6Q,2013-07-20 16:54:17,0,"No tip needed, it's all good!",tip
Xn76l7d0Bi5EgDEnL1IhAw,4PCwGGG-koGifzJfim3mtw,2015-03-27 11:57:49,0,Maliam was great!,tip
gL0PnnFMmJbWphaOh_6BsQ,i5SXH06Kdc8EQcpVX61A5g,2013-04-27 02:04:05,0,Safari adventure of game meat!!,tip
yLq-Y0WnZcjtnRbxUy8GEA,ompDR5sUDpoI6gnTldmneQ,2014-03-09 05:37:13,0,Meatloaf or bust,tip
8tc8efh01b5yYyoNCGtVvg,ucUWdlN_j1xqq2h8Ul6Z5w,2014-07-02 03:10:29,0,This place is closed. Voodoo BBQ is there now.,tip
aXYd4v4BSHv3eVTSa_Zlmg,XU3Fe8I8dD3FaOmzAQXLnQ,2017-02-17 13:00:15,0,"Bagels are fresh and soft, combo breakfast bagel sandwiches are yumm",tip
DK57YibC5ShBmqQl97CKog,xIeHG2cqw7XEqy_M82zA7g,2013-11-01 19:06:15,0,"Adults $22.50, closed Mondays",tip
DayTBAsYBAlLX1Pjqo9yvQ,DGvkU7CkdBs6lNbncQmF3A,2013-07-31 01:46:22,1,There's always at least one ridiculously inebriated man my dad's age here. Any time of day.,tip
Tx230KrOPGkrOM20sP0wpA,NynM3SwsOMFJryABCKuOlg,2011-02-01 19:45:29,0,The lunch buffet is fantastic!!,tip
wM7G2F5HKi62yvO-HM51zQ,5TVWytR2oNbSKYgfxypuBw,2013-03-14 19:40:43,0,Chocolate! :-),tip
Y1cZT5xD110_LoPLvN0DRg,1KhNDQSdDqzPQaZk8PIdGg,2016-08-14 18:21:03,0,Great for date night!,tip
hfmjxLg-Nz_B8wNfrHQpHA,RqW9S4WG9UYZHKhHRHXJZg,2015-11-07 22:36:50,0,Yummy I'm in love with the tacos and chile relleno tamales,tip
OlPAsJuU-itb2XhmP8jBng,9F9RxnKQ_oi0nr1ImLAZMQ,2017-01-13 22:37:29,0,Love this place. My families go to pizza joint. Willy is he man!,tip
D4un9kv2gb3jaPDS7NMELg,zJYPA-RFjAzx4r-NCombig,2012-02-07 23:12:15,0,Pretty happy with my cut and color.  My hair is officially did.,tip
CUw6Outio9K-SXippjv6Lw,yEsu3hVGiYShzQ4zVL5IVA,2017-01-17 17:53:11,0,"Not there, stupid ass yelp.",tip
R-W0T3bemRPqWcm2V9oY-w,zC5I76GYz4x-07k73mbXDA,2014-08-06 21:24:11,0,Best produce in the area,tip
38HXAQ4WfenUo8RxlpCjVA,GKwL82D7-xy5HU6OuWyn2A,2018-06-30 17:31:12,0,Excellent! The food is always fresh.. great wine list.. good service!,tip
TZkYdhp5G0RYTsYQBcaiDw,gPAKtm8HwBfKTK6LkA1Izg,2011-02-06 07:57:13,0,Shuffleboard!,tip
E2ee3FmUzM7dUa1G0S91gw,8PydwFenDDgKgV768QwgEg,2017-11-11 00:12:10,0,Best wings and local brew in the state...,tip
87S0AGlgY7HDU_KkTbMHHQ,nEGnUIq5NC-pCc5Zjs2OhA,2016-05-18 02:48:16,0,They sell stamps,tip
2NL3-C15n0zDWsMeiTnu0g,fqjyT54A1Dw27-ua8ZqiPg,2015-03-07 02:46:03,0,"If your child wants the kid's drink in a regular glass, they'll charge you for a regular drink.",tip
FUw9DbHW3JmkO4wsMYIT_w,3hlI68hS0pKFY6_rK5UU_g,2018-02-17 01:07:03,0,First class service and everything we ordered was Awesome!,tip
IhR8R_4gnGbiq0wsrYOb4Q,4D7QDfPOsSPfKxBi3gs_qQ,2011-12-29 21:38:37,0,Appetizer eggplant parmegiana is unlike any other restaurant!  Amazing!,tip
iR7UkCWH3_ecGaAftAdfgA,ma9zcqAdxJpMdeg5-UGNLw,2016-07-31 00:56:30,0,$50 pet fee. Hotel doesn't provide anything for your pet.,tip
DxlBWw7RTQfOxozaoP2EOA,hzzgjLwxRw1jld4xH_Q7BQ,2014-01-30 17:21:33,0,"Roast beef, turkey made in-house and delicious. Bring some home sliced.",tip
t3j5dhlE8WjyRalFADLFPA,6RBZfirnzE4NahJTn1UPNA,2012-08-14 00:01:02,0,The only way you could go wrong is ordering too much food. Can't beat the prices or the flavor.,tip
sv7WKre-FLrhBso0_fbnmw,5aFEWy10D3FBVcgCudXT4g,2021-04-18 12:56:08,0,Order is never on time and it is a coin toss if the order is made right.,tip
SLyGJlrzPBVAnQIoTEYtxg,Rxf7eEfub8LC27P28ObgsA,2016-05-29 18:29:06,0,"Good food selection, atmosphere and local craft beer selection. Great service!!",tip
GuLMAhBxJaNTXePG6jdcYg,G028x9GKNEvl9tJ7LBnpHg,2019-06-23 01:13:10,0,"Good, but pricey",tip
73MRrt4TT5PUWkNwoOvhWA,FHNIvNgh3fS7VZQq2Y3dsA,2016-01-16 21:41:17,0,The broth is based with pork just a heads up.,tip
nQpgkgFfZSPZNtvA1jjRZg,0ycUfAgudMScQ1uUFLHTxQ,2017-12-24 16:44:21,0,"The ""crazy hot"" winds are excellent, not too hot and lots of taste.",tip
zoxFxQNweFsyrWLvSUO6Kg,9op3_FP52RltdI5vPotDGA,2018-06-10 22:18:26,0,Music is still sheer asinine..,tip
zUYxFM0mFZO-FULiUeR0Pg,B6VXTY7VZVWQ8cbfPlH-vg,2021-01-04 05:03:17,0,Cool bar tender,tip
imFZ0cnRv3RyGYMhsjeGJQ,n38QafGVzbdjavNHtCcpqA,2013-02-12 19:37:21,0,Decent enough... That's about it! Good for work lunch break,tip
mKBl4fAqTfNts7B78aOPVg,3VvZpyRMg5p3nH2-iK3-Vg,2012-04-10 03:05:13,0,Oak plank taster  is a St Louis Magazine 50 best dish,tip
zWdg_IJ7btrlk1cvwCn5LQ,R3FDYMQBrMpkUquwE-eniQ,2011-09-22 18:14:14,0,To die for veggie cheeseburger!,tip
6s1OHwCcDMdlDlkm15pWnA,V66EXhrxKanesMhoOqsORw,2022-01-16 19:51:17,0,Everything on the menu is delicious.,tip
RjyUYaykGzONZo5TuIULbw,1nZRJPd-ruBIL4T2sXhOEQ,2016-09-27 00:44:47,0,I always stop in the mornings for muffins. They are always fresh and tasty!,tip
k9Mvnw4aglONCaS5cBKQnw,SyfxVPzO-ttAUxJKAfi8vQ,2011-04-09 16:06:34,0,Beautiful new yarns in stock!,tip
1CBykdFKvCOQ8UHr_hnG_Q,sbMSJv0Y4-kF9ZTxlFeKvw,2019-06-23 02:31:26,0,"The food here is always fresh, hot and tasty!",tip
MeMiWfSKEAWDxyfcL912lg,KelJcIYD7uOzQ2lIrVZpUA,2018-03-05 18:14:13,0,Another step above!,tip
AfWVbwplWRkjNL5Zebvdfw,Q1HHAb4FzrzfnnrRyA8fgg,2013-05-18 22:26:14,0,Not the same sine Buffett divested his interest. Thumbs down.,tip
WHL8XFIvyFScy9I3oIlR1g,vXb4OWsjPoiBtmarfexj-g,2014-02-27 19:45:44,0,"foods.are pretty good, but the service is soooo bad~",tip
_gkqTHB3gsU70aZxdZFjxg,ggN8qLVTPG87nc7kdBOpUQ,2017-01-12 03:17:44,0,"Always a wide selection of beers, including seasonal options as well!  Quick and easy place to come grab a six pack.",tip
mN059uGSp68A5g9NXzsg9A,Ippv_wErDDItMRwmu1de3g,2012-02-12 22:57:18,0,The special is no joke.  Eat it!,tip
dfFOuhw_DR_O7xnNYLVwdw,h6IzeUVASeDtvKhd2PEsKA,2015-10-11 17:39:44,0,Be prepared to be ignored and scorned at checkout by nearly all the cashiers.,tip
J039CJdNEbNCw8ABapnhsA,RzGr37s8p2ujVuN9of7ksQ,2016-10-01 00:35:42,0,I go here too much. Prices are so cheap. Treats are so great.,tip
qhw0RjIGgStx7s4mjqkWFQ,YPTYOQO8Lg9BtHsRwYBY7g,2011-09-02 23:53:44,0,First and best Vietnamese food in St. Louis!  Spring rolls (cho gia) and pho tai FTW!,tip
fCvMnJU1Z-XhAjKg99wK3Q,nBqvryCdn9N_vU4rdCbnHw,2019-09-18 17:11:08,0,In the former 24 Wood-Fired Grill and chef Jose Garces' former corporate office.,tip
0WvgAd-RW_SAytoA1tWAgQ,rjuWz_AD3WfXJc03AhIO_w,2014-07-12 01:28:36,0,Funny as &$@! And they have a bbb (burgundy box of buttons),tip
6ABsGXlinmp6jah94HemzQ,OYQv9FR4P8uUJ_Tcgxievw,2016-05-18 03:01:34,0,Not a fan of the food.,tip
T49Oy0_31SR3m53PE0Atyg,ZDV6ocQSe6dkMt-u011xcQ,2011-03-25 17:13:13,0,Fried green tomatoes and gumbo are da bomb!!! Must try!,tip
RUyG806bzfCk8JyIOh9t1g,4pPtSIMVH9r5aLHQ0HKSDw,2020-08-02 16:47:40,0,Amazing food and Service!,tip
A9OlX76Vsq4FT4pQjT1S0Q,XSuO2E30ArnrjH9jquaK5Q,2014-05-31 14:49:36,0,Food is very good and very affordable.,tip
KpdpJia6v1bAEjirG0CcqA,kXzYfIPhf5G19hm0hwM8Qw,2014-02-19 13:50:25,0,Apple tea is delicious and free refills!,tip
VQ6XxhlkAyqJ0fXOwQ2-5g,DttoNnRRQyRoKPoun0nxwg,2012-05-19 00:08:15,0,Friday is busy,tip
anH2MIZO5lF0xblxbPnBMA,sMJ4A3chg99uuniAuXLr8A,2015-12-18 02:35:09,0,"Bartenders suck, but at least the beer was cold!,",tip
q_59ARjoIUkyfzdtnE2ciw,3YqUe2FTCQr0pPVK8oCv6Q,2011-03-19 18:50:14,0,Thirty five min wait but food is going to be worth it.,tip
FZNOvr5W52ZXH8V_rjh6dA,nRKndeZLQ3eDL10UMwS2rQ,2020-08-21 21:54:55,0,"Always good.... we love it 
We live close and it's our ice cream go to",tip
KkyQ1nnBqKbMgls2XMqmrg,1Vo4BLw75ntATAJHYsxO3g,2013-04-28 22:52:04,0,God awful service. Be ready to wait.  And wait.,tip
H8evlZitNdbCar4jqG_lZw,ak_vcbiNt5X74t2VCRfSwA,2011-10-09 21:24:32,0,Pretty gross all around.,tip
-H6cTbVxeIRYR-atxdielQ,EoLzj1yciIjEZS9ZEJe_kQ,2018-10-04 21:24:22,0,You can bring in food from other eateries.,tip
VBp8pMpI-NeAiDFZz3D5Kg,jvI_9iOI0NtwePvVbmYzOw,2011-03-15 01:49:36,0,If you want a plate of crappy spaghetti for $20 then head on over!,tip
BB0rPiN761dfQB5Y3w8CFg,DXDoh8MNrqjtXsZnkuk4hA,2016-01-30 19:27:28,0,the best place for great food & a great view in Clearwater Beach.,tip
pGywvuONkw3P_n1VDq7fLQ,EagkHaaC-kUozD3MPzbRIw,2010-07-24 19:45:38,0,Their bananas foster French toast is amazing!,tip
lfFiikvGdmEn2ZZb1VtyRQ,_vi0nhfx0jSlIOp8PzD8QQ,2014-07-21 21:14:03,0,my fav spot ever!!!! the pizza is amazingg and its only one dollar !!! YUMMMMMM,tip
AIZorgPpHYJHCpvQ7Z5cHw,F-CpNSss5CQ0TxAR0Nij_w,2012-04-29 17:00:19,0,Puts customer service first,tip
u-6LZf-99AwHAsNOA4yB1g,r0g6naqWCKdKcTWuYibtNQ,2015-10-31 04:38:17,0,Always on point :) love the brown rice option for their rolls.,tip
eCkisd3xwTdgw7NdddrGdw,BuOd9tDNs7_LdnA21oNSAw,2011-12-07 23:09:42,0,Steak quesadilla all day long.,tip
Zjp8kd0zPbrp8-uCrmklQg,hQ3R9rjC4NtYFgUAIPgrGA,2012-08-28 15:08:01,0,Good food. Real good burgers. :),tip
UR7X-JYrr-T1EEqauCa46w,3JFgxwRpJUHMWicKYRVcKg,2013-11-05 22:45:12,0,"There is a CoinStar machine here, if you change in over $5 in coins you can load the value onto certain gift cards the machine issues with no fee (such as Starbucks)",tip
fWXV_Up73coldj5x4J4LTg,D9p7-HsY9llYP3BaCVg4DA,2014-08-10 15:21:00,0,Great bakery treats. Sit outside and enjoy the breeze off the water. AC is temperamental due to the opening and closing of the door and the oven.,tip
1LYA31pjH0fHYf_XL3-CqQ,eyCpi9KeQzvUJLdUKZobhw,2016-08-29 23:02:03,0,The best Chinese in town! The food and service are excellent. Highly recommend.,tip
yEg_Iycoc43okVfkRl716Q,asbEI02GRGFPSPM97hrIaA,2019-11-06 17:36:13,0,Best Mexican food in Philly... Get the queso with chorizo.  You're welcome.,tip
ASLIke5kbn7Z95wT_otaUQ,3SEdZTk_I8HwVtoWK-dv9A,2012-08-06 04:10:52,0,The service in the bar is always friendly. I love this place.,tip
YAASCPT8S2dDemhFhDclfg,MsR6MSKpTBOuRia1ofLQmA,2017-08-15 21:58:22,0,Horrible company and a waste of money! Move out in town!,tip
LSd7WqYf-M9B2SyiFBrqwQ,ShBW2Fx5RvPqYxwRDQAfZA,2021-06-01 17:38:46,0,"Absolutely, hands down THE BEST pizza EVER!!!",tip
z0myliEsnMtPMQ3lWrZi8w,42BmFLsm1YAommyVHYxV5Q,2011-03-20 01:14:54,0,Vanilla infused bernaise sauce FTW,tip
TqokBwYo8VIMATXQjs0Q2A,dTWlXxBotTogKu6OddCnyQ,2021-08-25 16:54:37,0,"Best Seafood I've had in New Orleans, I recommend to try!",tip
ZlGteCBc7VRzTeUgg9hGTQ,5ebgEvBg1-harVzszDA02g,2013-01-01 20:24:36,0,This location is closed permanently.,tip
dWTrJdEPoZB8LkOPv_jxsA,qc-xhHvmyzyrBAOZUeleig,2016-08-12 19:12:23,0,Off times are super quiet!,tip
Um5bfs5DH6eizgjH3xZsvg,LqwFKar9szProkJTwwef0w,2015-10-27 22:13:54,0,Restrooms are fairly well kept. Kudos.,tip
mtrwciirsnKJGleYFfXYCQ,EQP8f7Rq5KXknJixlwxZEw,2016-07-05 22:59:21,0,New Art! Love the chimps and cocktails!,tip
KIIJ5uPnfUMVsM8bHXPvpg,r-qXw4hn_eRTUq4BL2DwvQ,2020-08-04 14:51:05,0,Beautiful park for family outings,tip
S6FS5m56P5IUzIjl0aOSBg,uvLWDDTcBRrVeOCnv9DrBQ,2014-01-21 02:43:51,0,"Nice place to lounge. 
People who work there are very friendly. 
Food isn't bad.",tip
p879s7qBg_s9g8A_TCOlzw,UCMSWPqzXjd7QHq7v8PJjQ,2022-01-03 16:38:09,0,Great service and food came out fast.,tip
wdNTfRMdKZqpOo1G4YJGbA,GIo6CTonm96GbnHqLsw04g,2013-03-09 01:23:14,0,Ribeye with lots of gristle. Yummm,tip
KDewJBJknfWvQyHHFNbfdg,v9-iINGneQ8KdcpzYROlDw,2010-10-20 21:54:26,0,You can order A Salma Hayek sure... But I'd recommend the Barbara Mori!,tip
wd6n9OiHJ7Rhrv4VgHbUaQ,IkQCv8yqdzD_VndrOd2p_w,2013-09-28 23:36:31,0,Love the food here and the crowd.great to watch the games.,tip
9ZMnaSsOPJiLtDh47mZkhQ,FEXhWNCMkv22qG04E83Qjg,2012-03-18 19:01:29,0,Frozen cafe au lait is amazing!,tip
QNFhZ1CaMQI1yVSXumofAg,5SE8GhnmSjavAGXO1HpLOg,2013-09-01 20:18:53,0,Awesome new menu with creative healthy grilled and baked items.,tip
Rnn0rzgJYjQbQ4qoyJ1yKg,fcMloKLDT55hhhynDQhN3w,2011-09-27 15:23:02,0,Lunch and vitamins!,tip
8lK205SqHgn1lQZ0mpK7Kg,MIFmyzNBk524MWozqm7HZw,2012-12-13 19:01:44,0,My favorite: kale shakes from Ardmore Produce in the farmers market.,tip
NZbONS2tRe68BQtv3AItCQ,DhZVpgeBKxoLd91MiwTxpg,2013-10-20 01:38:41,0,I am in the loudest party room possible.,tip
Yw5MTPM3lDIK1u28MhrMGA,WWAM60cfHhoMBnYqdAtmyw,2016-09-11 22:57:58,0,Thick greasy dough with watered down sauce and tasteless cheese,tip
5Y5KbsI5buMcNh2hTFaRpA,wmByH6-0XAgLxLMUzWourA,2012-05-17 23:31:42,0,Nothing Like I Planned: The Art Of John Mellencamp reception tonight!,tip
ota0SnPKZk83H9UeerKvug,gl9APAes1BYYt_8UsDVsPg,2017-10-31 01:33:51,0,Great breakfast !,tip
2HegIXvPh0OQ4M-J5wiCrg,IED_PMc7gbscojJjKpSxhw,2016-12-11 20:25:46,0,"20% off almost everything , now through Christmas! (Some excursions) Come check them out!",tip
1QiGt9GVFuWZZDwmkPdUcw,xQve8CXupROuWNCxSeoNgw,2017-01-02 20:48:24,0,Not the same since Owner Change,tip
k8SDO84GSWTTDRcXcB_-5g,UboXRwy2UBVH91pAwHiK_w,2014-06-06 23:32:46,0,Great barbecue,tip
-ou42X2Ny3erNTjUmYn60A,J6EXRXbejBgOv4SWamMEAA,2012-01-07 22:53:29,0,"Avoid the mashed potatoes and gravy, kinda bland",tip
5Go6grqk3yj3ZTSd0aF1bw,GBkGQ9bxS6zhXGu7uTEdzg,2019-05-01 18:06:05,0,Food was great,tip
7ZauzmeTHuR-8FqnmJbOtA,gV7Wcpbi5kROE0800hItEA,2013-09-22 17:09:36,0,"If you are ever looking for a friendly, personable, patient and professional real estate agent, Denise Schafer is the one...",tip
M36aMuK9Pnmgb5g6KsJChQ,Uo0ErsBZZmiTHDv47W_7_A,2011-11-21 18:20:01,0,$41.39 for an oil change.,tip
W7hUvqui9XJ0bM-kyKzIRg,zHIMq60S8XjhVHfUIODa2g,2017-06-04 02:14:06,0,Mexican tacos and Margaritas were awesome!,tip
PqqzgAKNuiG6ygigh-_1Qw,hBqXAVtrMcjNBK-OiDOblw,2014-04-23 02:28:12,0,"The coffee isn't the best I've had, but they do have non rBST milk products for use.",tip
I2XpWCHAom1JRyHXZQrnfg,L3Kf7QevGGbMneIi1jUsLw,2015-10-25 13:08:20,0,This place has gone so far down hill I don't know what it would take to even bring it back up to par.,tip
tQ6HM9ldSsYbuPugPUr-gw,r7nuOK2VR0Xw4n8vv4w8AQ,2013-04-04 23:04:49,0,Great job thanks,tip
R0NPQEVtdE-3atyhMFt6PQ,qQO7ErS_RAN4Vs1uX0L55Q,2016-08-09 03:03:56,0,Cash only? Are you kidding me? It's 2016 for fuck's sake! What a waste of time.,tip
Nxr5C4m0edwetAeRUacP6A,TMT9U2da4ewGbk38X54KJA,2017-08-31 14:54:11,0,Causeway is Runner & Cyclist Friendly! You can plan on making this a great stop on your run or ride!,tip
194MmDTNAdVzxOUJoKna5g,Qcf4ihbB6V0FykFxppv_8w,2013-04-01 21:47:22,0,Super fun!,tip
qjfMBIZpQT9DDtw_BWCopQ,PN5XfZbqf1SI1mZBYSJzVA,2014-06-26 23:01:30,0,Anniversary dinner,tip
LzluDZICR_vNdF6jIS-hqQ,6XwIeVKd6-BeWBM76JqxEA,2015-02-28 15:47:46,0,On twitter: @wholesaleincFIT,tip
flj6NjfxqwudsBvOTbrhug,Xob5FlJ_HINMHAzmnfcu-Q,2012-01-11 14:53:49,0,Come hungry!,tip
BnBQ0UU9uSiI_0cbCZ4lsw,Ghn6flCdNlOchzLA29tkjQ,2014-06-10 23:36:11,0,This is hard to find. It is in the Cheshire complex,tip
ket32EmlqqJMwQYgKkq9KQ,XNllgtbX8Er5sixIrJMEoQ,2016-09-16 23:02:04,0,Happy hour goes until 7 PM,tip
baZtFH2Jp-W4XnTSzKamEw,fV2L2sw1BRuGE-yNgg2xqQ,2016-04-19 17:13:59,0,"Randy and Josh, best hair color and cut. Very talented, and trustworthy.",tip
f1k1KeGS2FzRVLaIqIrPxQ,SQdgv12hifah8Syr2scKEg,2013-10-16 21:22:45,0,"First 75 mins free, $1.50 each hour after that. Not bad!",tip
7QMnrjT3ReD7CwcP8QqIOw,c8BFvdscjkhieg0C_rx6vg,2014-04-20 00:52:43,0,Bring an appetite.,tip
jEuNv1F8Koulyld0r4V1OA,ejQS-q3gy2LS4Y5Q08B0_w,2017-01-16 22:14:00,0,Thus is a model location with model employees!  Corporate should train and staff other area locations this well!,tip
T3Wb2V8swtELODSxx7VIww,sihT-_DtwOdnDDDJbXN22A,2020-11-14 20:53:10,0,Great selection of beer not found outside of Tampa from cigar city.,tip
YPRIyVbgxJNVvK1InR6kYQ,lwtlnZTEpd6bHZMLsgMTNg,2016-08-13 17:32:17,0,Lots of coupons!  Check out coupons for Indy!,tip
pw0eSG2SMAsUIUjhV5ybXg,FDx_EgHcBvIRGH4UlyuNCA,2012-06-02 18:50:30,0,"How I missed you, wish they had one in Austin.",tip
WroWA_0PNRecLHhWdlxpnw,sihT-_DtwOdnDDDJbXN22A,2021-04-30 23:32:36,0,No hassle Free Wifi,tip
V9nOpfy7UoCx1L6KWpQo2Q,SWuTULUIN_pQZUhaJYLloQ,2014-07-04 05:26:08,0,Such a great place to hang at - huge selection of delicious beers including beers that are only available here in Nashville! Come quick and hurry back!,tip
GcdYgbaF75vj7RO6EZhPOQ,Nvuya8iH_NaJlzXg-dx1-A,2015-11-08 00:41:36,0,Upstairs has been redone. Not as creepy...aside from the bathroom. Go to the bathroom.,tip
SKwMaFXP4Umiihb7bd4xlg,UxzNkaC5944XFQ4Kwiw_ZQ,2015-12-23 19:52:49,0,Blueberry cake donut available Sunday's only. I'm coming back to try it!,tip
IEx6pZ8Pa7ekCUnz0T8QrA,abQpaUX09LiT8GQBWJR99A,2016-06-30 17:10:13,0,"What a find so close to home!  All the great reviews on Yelp convinced me to give it a try!  If you have not tried it, I say ""go for it""!",tip
HQNsbL5oeFkJxfvUXaQgzw,8SQHWEdVeQyODAgw9y2uYw,2014-12-10 04:46:22,0,If you're going to visit this and you're coming from the West during rush hour traffic go beyond the first u-turn take the second u-turn so you have plenty of time to get three lanes to the right to turn in.,tip
-mAUcGvGDD4zQdOi0joXtA,IYzqGs1e28misAwcZvf8yg,2017-03-31 18:09:31,0,Nice location with lots to see.,tip
pqBLlY7_IoGbu6ZdTFjzxw,C4Udo7jGf8gI07luVlW9OA,2012-09-01 20:10:23,0,Scav hunt!,tip
XTPwaEAkek3PD2d6Y46gFw,h2-mPUMYJ5pF_gVurDL3lw,2012-02-24 19:43:09,0,This place is dope. Everything good. Take a seat wait for your server and give the buffet hell! Shit only 10 bux. Can't beat it.,tip
DmK0xM0WNbPoKVeMhlqsPQ,wcbUys9VqdiJzWUZhbQhCg,2012-04-13 01:38:38,0,Horrible Internet connection. Don't stay here if you intend to get any work done via e-mail.,tip
SuQ8-j_H1wMzt37_iosFeQ,1UNJeHTsS7WS9RxRzHw06g,2010-06-20 23:05:06,0,My #2 Phila bar,tip
2DfFr_x3ngFCMB0U1R69XQ,n7XtDJQVnxb1UzPPzlOlHQ,2014-08-18 15:29:47,0,"This place is awesome- yummy, creative, friendly and fast",tip
CBuxQMAqvR_rGiI4k43cHg,pgV1yPVZ7TKmS3IvbCffNQ,2011-09-27 01:58:55,0,The hubby is in heaven.,tip
DXXbi2D3kdhY2tS1aA8plQ,UE-PBEev_8GNq1Bd2NK0Fw,2020-07-23 17:19:23,0,Love love love this place! Best donuts around!,tip
caorYo2PbF_dux_qoZ8K1Q,qY-BUQY-SFBaSrFHowF3nA,2017-03-21 23:09:11,0,"Great food and service ,highly recommended! Especially on birthday",tip
3IzQU1F5oyaYELMvMvTswQ,xr6tLZ6MMyBmOr8EGVAWQw,2015-11-09 21:39:30,0,Good!,tip
AUIfv9YC3RW8GvC516qM3Q,_22VqZzLBVjhaKfTg70dIA,2014-10-11 01:39:39,0,Minuscule portions! Friendly folks but oily small portions don't make it!,tip
thNDNL_rr3VFo30IRDsBgA,16cCF9_aaDxIa1hO3gybKw,2014-02-03 16:40:14,0,good wings in the area and great selections of beers,tip
8mH2gmVEQpOeoPhLyDVsHg,SKk1yw2C23x-YPHy4gH5nQ,2020-09-08 19:53:44,0,LOVE this place.. burritos are the best out there! Plus they have a DRIVE THRU!,tip
E6INQ6A4U4cWZZdlSOfRdw,nm95sB96pSpWEh3GWvwOQg,2015-07-16 14:44:27,0,Bring your tip money!!!,tip
8PLY0GHBspTA6IUDlVhymQ,o3hDZ2nv80tApZMNQw2aZA,2010-11-12 11:04:35,0,25 flights of hell,tip
i8XivEwxoXXCfFl46CqBoA,v4S374WpOOhojqpto-AaAA,2019-09-30 14:54:02,0,Best brunch in the area,tip
XpM4Eu1IFQpYsbOkhloaSQ,RaeAIhVYtIEgjXCkhjknhQ,2017-04-21 18:28:45,0,Love it here!,tip
